First Name,Last Name,Street Number,Street,City,Province,Postal Code,Country,Phone Number,email Address
"",Jones,76,Clifton Street,St. Catharines,Prince Edward Island,"B0T 0Y5 ",Canada,893701259,null@problem.com
"",Jackson,263,Charlton Avenue,Whitby,Newfoundland and Labrador,N5C 2J8,Canada,290290224,null@number.com
Alexander,Thomas,54,Armshore Drive,Vancouver,Nunavut,"B0T 0Y5 ",Canada,243216964,Alexander@year.com
William,Thomas,470,Campbell Drive,Thunder Bay,Yukon,E4S 3C4,Canada,1299991523,William@life.com
"",Jackson,264,Bedford Row,Moncton,Nunavut,N8A 0B3,Canada,490375357,null@lot.com
Liam,Moore,163,Agricola Street,St. Albert,Prince Edward Island,J9P 1C6,Canada,228112672,Liam@world.com
