First Name,Last Name,Street Number,Street,City,Province,Postal Code,Country,Phone Number,email Address
Ethan,Miller,43,Carriageway Crescent,Thunder Bay,Newfoundland and Labrador,E7E 3T7,Canada,183269621,Ethan@water.com
Alexander,Jackson,451,Birchwood Drive,London,Nova Scotia,E7E 3T7,Canada,974144552,Alexander@Mr.com
Jacob,Brown,118,Alm-d Ramp,Welland,Manitoba,G3H 0B4,Canada,602786204,Jacob@people.com
Alexander,Miller,388,Ahern Avenue,Repentigny,Saskatchewan,L3V 1Y8,Canada,962114979,Alexander@room.com
Mason,Williams,372,Angus L Macdonald Bridge,LÃ©vis,Northwest Territories,"V1K 1V0 ",Canada,340032682,Mason@child.com
