First Name,Last Name,Street Number,Street,City,Province,Postal Code,Country,Phone Number,email Address
Alexander,Miller,208,Amirault Court,St. John's,Alberta,L9R 0A0,Canada,1021151801,Alexander@time.com
William,Anderson,480,Barkton Lane,Kamloops,Alberta,J9T 3H4,Canada,447151147,William@word.com
Ethan,Taylor,467,Aurora Avenue,Saint-Hyacinthe,Manitoba,N5C 2J8,Canada,853471385,Ethan@study.com
Mason,Davis,467,Bloomfield Street,Hamilton,Alberta,J9T 3H4,Canada,779933144,Mason@people.com
"",Williams,286,Berkshire Close,Regina,British Columbia,H0H 3C9,Canada,1109323707,null@place.com
"",Moore,478,Bower Road,Belleville,Prince Edward Island,H3J 3P2,Canada,579902060,null@case.com
Jacob,Brown,405,Apollo Court,Quebec City,Alberta,B2E 0X4,Canada,1132651868,Jacob@book.com
Ethan,Miller,53,Brockhurst Close,Sherbrooke,Prince Edward Island,K1B 3B2,Canada,359549038,Ethan@work.com
William,Williams,349,Birkdale Crescent,Brantford,Yukon,N8A 0B3,Canada,783643852,William@way.com
Jacob,Moore,205,Amberwood Court,Vancouver,Nunavut,N8A 0B3,Canada,813510473,Jacob@hand.com
Liam,Moore,286,Chessvale Close,Windsor,Newfoundland and Labrador,B3V 2V1,Canada,720932041,Liam@case.com
Ethan,Johnson,361,Bryden Avenue,Longueuil,Alberta,J0N 0Z3,Canada,508093963,Ethan@right.com
James,Johnson,120,Castle Hill Drive,Greater Sudbury,Alberta,L4A 0T0,Canada,162983336,James@problem.com
Alexander,,144,Alm-a Ramp,Saint John,New Brunswick,L0N 3J2,Canada,167434480,Alexander@room.com
William,Thomas,120,Cedarbrae Lane,LÃ©vis,British Columbia,E4S 3C4,Canada,239216467,William@water.com
William,Williams,393,Amberwood Court,Abbotsford,Alberta,L9R 0A0,Canada,320364321,William@month.com
Alexander,Brown,66,Artillery Place,Waterloo,Prince Edward Island,H0H 3C9,Canada,363742251,Alexander@life.com
Ethan,Brown,66,Beech Street,North Bay,Prince Edward Island,J0J 3V6,Canada,1085427289,Ethan@number.com
"",,500,Bryden Avenue,Mississauga,Prince Edward Island,"V1K 1V0 ",Canada,545773704,null@mother.com
Jacob,,69,Beachstone Drive,Welland,Yukon,G3H 0B4,Canada,388950647,Jacob@system.com
Mason,Taylor,183,Castle Hill Drive,Cape Breton,Nunavut,V8B 1P6,Canada,276800426,Mason@work.com
Jacob,Williams,377,Alton Drive,Grande Prairie,Newfoundland and Labrador,N4N 0B9,Canada,1029366202,Jacob@place.com
Ethan,Thomas,79,Amberwood Court,Blainville,Saskatchewan,G6X 2L1,Canada,358353882,Ethan@year.com
William,,368,Bryden Avenue,Regina,,B3V 2V1,Canada,1118625353,William@right.com
Ethan,Anderson,464,Attenborough Court,North Bay,Quebec,V8C 0S2,Canada,1161946575,Ethan@home.com
James,Brown,364,Carrington Place,Belleville,Quebec,L9R 0A0,Canada,356131883,James@country.com
Jacob,Jones,28,Battery 18th Road,Thunder Bay,Nova Scotia,V8B 1P6,Canada,885272409,Jacob@problem.com
Mason,Jones,118,Armview Terrace,Saint John,Prince Edward Island,L9R 0A0,Canada,1228038804,Mason@job.com
Ethan,Jones,182,Chester Avenue,Barrie,Nova Scotia,B3V 2V1,Canada,418727637,Ethan@water.com
