First Name,Last Name,Street Number,Street,City,Province,Postal Code,Country,Phone Number,email Address
Jacob,Wilson,337,Birchview Drive,Oakville,Nunavut,N8A 0B3,Canada,571013565,Jacob@student.com
Alexander,Taylor,292,Buffers Lane,Norfolk County,Nunavut,V8B 1P6,Canada,467711498,Alexander@program.com
Mason,Wilson,368,Bright Street,Saskatoon,Nunavut,,Canada,216318655,Mason@way.com
Jacob,Moore,256,Ashdale Avenue,Halifax,Nova Scotia,K1B 3B2,Canada,1357931923,Jacob@family.com
Liam,Wilson,262,Castle Hill Drive,Clarington,Quebec,H9S 1R4,Canada,181480876,Liam@government.com
Liam,Taylor,85,Altavista Lane,Calgary,Nunavut,B2E 0X4,Canada,562711282,Liam@night.com
William,Thomas,174,Chelmsford Place,Caledon,Alberta,"L4A 0T3 ",Canada,822662913,William@life.com
Ethan,Taylor,151,Agricola Street,Winnipeg,Quebec,J9T 3H4,Canada,961690873,Ethan@home.com
"",Williams,15,Briar Lane,Repentigny,New Brunswick,H9S 1R4,Canada,1059470394,null@mother.com
Liam,Moore,482,Birches Drive,Brantford,Newfoundland and Labrador,L0N 3J2,Canada,1308344360,Liam@month.com
Liam,Miller,137,Canterbury Close,St. Catharines,Nunavut,H0H 3C9,Canada,1078897749,Liam@home.com
Mason,,473,Briar Lane,Cambridge,Nunavut,G3H 0B4,Canada,521983535,Mason@word.com
Ethan,Thomas,143,Bedford Row,Cape Breton,,"L4A 0T3 ",Canada,1229807076,Ethan@group.com
"",Jones,441,Cairnwell Close,Surrey,Prince Edward Island,G6X 2L1,Canada,1171272497,null@mother.com
Ethan,Anderson,381,Bosun Run,Coquitlam,Nunavut,V8C 0S2,Canada,1208926015,Ethan@life.com
Jacob,Wilson,132,Andrew Street,Mississauga,Manitoba,L0N 3J2,Canada,995878639,Jacob@work.com
Jacob,Moore,138,Ashton Lane,Moncton,Alberta,K1B 3B2,Canada,1314235692,Jacob@case.com
Ethan,Taylor,12,Cascade Drive,North Bay,Prince Edward Island,E7E 3T7,Canada,419442988,Ethan@book.com
Mason,Davis,474,Albemarle Street,Halton Hills,Nunavut,"L4A 0T3 ",Canada,345303899,Mason@lot.com
Alexander,Johnson,67,Brockhurst Close,Mirabel,Nova Scotia,N8A 0B3,Canada,232032333,Alexander@fact.com
Mason,Moore,230,Ash Lake Court,Drummondville,Newfoundland and Labrador,"V1K 1V0 ",Canada,1158395757,Mason@Mr.com
William,Jones,316,Armcrescent East Drive,Kawartha Lakes,New Brunswick,"L4A 0T3 ",Canada,411946547,William@part.com
William,Jackson,149,Churchill Drive,Brampton,Prince Edward Island,J0J 3V6,Canada,401778500,William@job.com
Ethan,Thomas,115,Church Street,Brantford,Nunavut,"B0T 0Y5 ",Canada,720892386,Ethan@fact.com
"",Wilson,340,Alma Crescent,Maple Ridge,Prince Edward Island,E4M 2G2,Canada,333130204,null@null
William,,199,Ballantrae Lane,Aurora,Yukon,,Canada,1356965670,William@year.com
"",Williams,104,Aurora Avenue,LÃ©vis,,"V1K 1V0 ",Canada,136533200,null@day.com
James,Davis,489,Bridget Avenue,Burnaby,New Brunswick,H3J 3P2,Canada,632067072,James@null
James,Williams,417,Brycedale Lane,Granby,Prince Edward Island,J9T 3H4,Canada,810726075,James@group.com
"",,259,Belmont Road,Saskatoon,,J9P 1C6,Canada,978465910,null@family.com
James,Thomas,56,Athlone Avenue,Mirabel,Northwest Territories,E7E 3T7,Canada,103121341,James@country.com
"",Thomas,8,Belle Aire Terrace,Coquitlam,Newfoundland and Labrador,L3V 1Y8,Canada,1276436032,null@way.com
Jacob,Jones,296,Arnold Drive,Strathcona County,Newfoundland and Labrador,L4A 0T0,Canada,739635282,Jacob@month.com
Alexander,,180,Castlepark Grove,Fredericton,Manitoba,V8B 1P6,Canada,485790112,Alexander@month.com
Ethan,Brown,257,Cardiff Place,Caledon,Prince Edward Island,L3V 1Y8,Canada,1032181936,Ethan@fact.com
Jacob,Jones,463,,Kingston,Nunavut,B2E 0X4,Canada,894670041,Jacob@life.com
