First Name,Last Name,Street Number,Street,City,Province,Postal Code,Country,Phone Number,email Address
Ethan,Thomas,284,Bedros Lane,Markham,Alberta,J9P 1C6,Canada,1072378385,Ethan@month.com
Liam,Jones,431,Churchill Drive,Norfolk County,Prince Edward Island,J9T 3H4,Canada,141296932,Liam@business.com
William,,107,Alumni Crescent,Grande Prairie,Nova Scotia,V8C 0S2,Canada,1386249635,William@year.com
Alexander,,296,Brighton Avenue,Halton Hills,Northwest Territories,G3E 2K4,Canada,646921036,Alexander@story.com
Mason,Thomas,110,Alumni Crescent,Brossard,Prince Edward Island,L4A 0T0,Canada,1330543245,Mason@child.com
Ethan,Taylor,253,Belmont On The Arm,Kelowna,Alberta,J0N 0Z3,Canada,861856804,Ethan@point.com
James,Moore,187,Alm-e Ramp,Peterborough,Nunavut,N8A 0B3,Canada,289987546,James@question.com
"",Jackson,288,Banbury Close,Regina,Manitoba,E4S 3C4,Canada,774906345,null@water.com
"",Miller,424,Brodick Lane,Wood Buffalo,Prince Edward Island,E5V 3X5,Canada,312511871,null@school.com
James,Wilson,352,Boulderwood Road,Fredericton,Prince Edward Island,E5V 3X5,Canada,241811550,James@time.com
Ethan,Williams,245,Ardwell Avenue,Sault Ste. Marie,,V8B 1P6,Canada,732983908,Ethan@job.com
Jacob,Miller,459,Carrington Place,Newmarket,Saskatchewan,G0H 2P3,Canada,1083468046,Jacob@country.com
Alexander,Thomas,100,Cambridge Street,North Bay,Prince Edward Island,L9R 0A0,Canada,1157771261,Alexander@lot.com
Alexander,Miller,178,Anchor Drive,Red Deer,Northwest Territories,G6X 2L1,Canada,1390088381,Alexander@hand.com
Jacob,,129,Alma Crescent,Airdrie,Quebec,N8H 2H6,Canada,1035976805,Jacob@study.com
Mason,Wilson,99,Bluestone Road,Sherbrooke,Prince Edward Island,V8B 1P6,Canada,1177689448,Mason@child.com
Ethan,Anderson,134,Belmont Road,Montreal,Newfoundland and Labrador,"B0T 0Y5 ",Canada,220021298,Ethan@home.com
Liam,Davis,128,Chestnut Street,Trois-RiviÃ¨res,Nunavut,"B0T 0Y5 ",Canada,679502718,Liam@eye.com
"",Jackson,116,Belmont On The Arm,Brantford,Nunavut,G3H 0B4,Canada,327600040,null@room.com
Alexander,Brown,401,Alm-a Ramp,Moncton,Prince Edward Island,L9R 0A0,Canada,189166511,Alexander@fact.com
"",Johnson,387,Birchdale Avenue,Belleville,British Columbia,J1S 0R4,Canada,231030182,null@money.com
William,Taylor,200,Birchfield Crescent,Kelowna,Nova Scotia,V8B 1P6,Canada,379107604,William@group.com
Jacob,Johnson,98,Birchwood Drive,Brossard,Nunavut,J0N 0Z3,Canada,889424998,Jacob@government.com
James,Williams,344,Birchview Drive,Kamloops,Yukon,G3H 0B4,Canada,487249931,James@world.com
