First Name,Last Name,Street Number,Street,City,Province,Postal Code,Country,Phone Number,email Address
William,Thomas,430,Cambridge Street,Saint-Hyacinthe,Alberta,"L4A 0T3 ",Canada,548521581,William@eye.com
James,Williams,88,Cabot Place,Saguenay,British Columbia,H3J 3P2,Canada,694403788,James@time.com
James,Moore,121,Bromley Road,Saskatoon,Prince Edward Island,G3H 0B4,Canada,1048757831,James@state.com
James,Miller,391,Chestnut Street,Sault Ste. Marie,New Brunswick,L4A 0T0,Canada,353790648,James@way.com
"",Wilson,105,Amberwood Court,Milton,Prince Edward Island,L0N 3J2,Canada,460648483,null@system.com
Ethan,Wilson,18,Adelaide Avenue,Windsor,Alberta,B2E 0X4,Canada,617211290,Ethan@man.com
"",Williams,50,Bayview Road,Markham,Nunavut,"V1K 1V0 ",Canada,1234652031,null@work.com
"",Jackson,483,Birkdale Crescent,Lethbridge,Newfoundland and Labrador,N4N 0B9,Canada,1253915195,null@story.com
Ethan,Anderson,182,Cabot Place,Moncton,Newfoundland and Labrador,,Canada,1125594424,Ethan@part.com
Alexander,Thomas,142,Bluestone Road,Burnaby,Saskatchewan,N8A 0B3,Canada,259054553,Alexander@way.com
Ethan,Anderson,46,Armstrong Court,Cape Breton,Newfoundland and Labrador,,Canada,1236610076,Ethan@point.com
William,Miller,313,Carnation Crescent,Winnipeg,New Brunswick,L0N 3J2,Canada,159976893,William@study.com
Jacob,Moore,345,Cartaret Street,Repentigny,Alberta,L3V 1Y8,Canada,973682536,Jacob@student.com
Ethan,Brown,385,Archibald Avenue,Maple Ridge,Prince Edward Island,N8H 2H6,Canada,1013264568,Ethan@part.com
Liam,Jones,313,Bell Road,Chilliwack,Prince Edward Island,V8C 0S2,Canada,441859405,Liam@business.com
Liam,Davis,109,Brockhurst Close,Pickering,Saskatchewan,K1B 3B2,Canada,938248057,Liam@lot.com
Alexander,Thomas,2,Basinview Drive,Caledon,Yukon,J0N 0Z3,Canada,1274437364,Alexander@question.com
Alexander,Taylor,174,Albert Walker Drive,Edmonton,,N4N 0B9,Canada,678831636,Alexander@state.com
