First Name,Last Name,Street Number,Street,City,Province,Postal Code,Country,Phone Number,email Address
"",Moore,263,Bedford Row,Peterborough,Prince Edward Island,J1S 0R4,Canada,166175135,null@home.com
"",Taylor,439,Brenton Place,Kelowna,Manitoba,L9R 0A0,Canada,1326376589,null@day.com
Ethan,Moore,46,Armada Drive,Saguenay,Northwest Territories,T1L 2H8,Canada,1108671509,Ethan@student.com
Jacob,Davis,450,Brycedale Lane,Brantford,Nunavut,"L4A 0T3 ",Canada,419847585,Jacob@way.com
Ethan,Moore,327,Adelaide Avenue,Milton,Manitoba,H9S 1R4,Canada,433666391,Ethan@point.com
Alexander,Jackson,476,Central Avenue,Winnipeg,Manitoba,L9R 0A0,Canada,366571876,Alexander@question.com
Mason,Williams,185,Carriageway Crescent,Barrie,New Brunswick,H9S 1R4,Canada,790091391,Mason@study.com
Liam,Anderson,41,Black Street,Kamloops,Nunavut,V8B 1P6,Canada,573637340,Liam@world.com
"",Brown,433,Bedros Lane,North Vancouver,Nunavut,G3H 0B4,Canada,1287868553,null@government.com
"",Wilson,243,Bloomingdale Terrace,Fredericton,Alberta,"L4A 0T3 ",Canada,878028231,null@government.com
James,Anderson,348,Agricola Street,St. John's,Nova Scotia,"V1K 1V0 ",Canada,1139657722,James@country.com
William,Taylor,172,Avon Crescent,Pickering,Northwest Territories,"B0T 0Y5 ",Canada,465887424,William@government.com
Ethan,Brown,290,Clayder Lane,Regina,Alberta,J0J 3V6,Canada,346488467,Ethan@group.com
Ethan,Davis,325,Amberwood Court,Nanaimo,Northwest Territories,J1S 0R4,Canada,380345859,Ethan@mother.com
William,Moore,433,Claremont Street,Newmarket,Nunavut,H3J 3P2,Canada,1097139649,William@book.com
William,Davis,456,Alma Crescent,Drummondville,Nunavut,E4S 3C4,Canada,561612245,William@mother.com
Ethan,Williams,145,Blue Thistle Road,Repentigny,Saskatchewan,N4N 0B9,Canada,1143069738,Ethan@question.com
"",Wilson,361,Brackley Place,Chatham-Kent,Prince Edward Island,N5C 2J8,Canada,406282214,null@place.com
William,Thomas,416,Belmont Road,Brossard,Northwest Territories,J0N 0Z3,Canada,732924092,William@water.com
James,Wilson,75,Armada Drive,Brantford,Quebec,E4S 3C4,Canada,1161666713,James@day.com
Mason,,310,Alm-c Ramp,Red Deer,Prince Edward Island,"B0T 0Y5 ",Canada,1043049515,Mason@family.com
Mason,Anderson,73,Birchwood Drive,Markham,,G3H 0B4,Canada,245229063,Mason@month.com
Mason,Williams,347,Basinview Drive,Kawartha Lakes,Alberta,N8A 0B3,Canada,753187226,Mason@lot.com
Ethan,Moore,195,Blenheim Terrace,Oshawa,Saskatchewan,E4M 2G2,Canada,1188235536,Ethan@school.com
