First Name,Last Name,Street Number,Street,City,Province,Postal Code,Country,Phone Number,email Address
"",Taylor,395,Artz Street,Terrebonne,Newfoundland and Labrador,G3H 0B4,Canada,986684730,null@school.com
James,Anderson,293,Clayton Park Drive,Waterloo,Prince Edward Island,G3H 0B4,Canada,241162941,James@money.com
James,Jones,118,Autumn Drive,Milton,Nunavut,V8B 1P6,Canada,325443827,James@lot.com
"",Thomas,326,Bluestone Road,Peterborough,Northwest Territories,E4M 2G2,Canada,793616804,null@child.com
Liam,Anderson,394,Angus L Macdonald Bridge,Brantford,Quebec,N8A 0B3,Canada,1322746704,Liam@mother.com
Alexander,Jackson,59,Alm-d Ramp,Kitchener,Newfoundland and Labrador,G3E 2K4,Canada,999235457,Alexander@year.com
"",Moore,479,Bedford Row,Port Coquitlam,Prince Edward Island,T1L 2H8,Canada,1404802191,null@system.com
Mason,Williams,423,Cedarbank Terrace,Port Coquitlam,Prince Edward Island,K1B 3B2,Canada,1050897082,Mason@room.com
Ethan,Anderson,481,Charlton Avenue,Newmarket,Prince Edward Island,G6X 2L1,Canada,712639864,Ethan@world.com
Ethan,Taylor,434,Caitland Court,Saint-Jean-sur-Richelieu,Northwest Territories,J0N 0Z3,Canada,405833328,Ethan@way.com
Liam,Jackson,156,Barclay Avenue,Strathcona County,New Brunswick,K1B 3B2,Canada,982243034,Liam@eye.com
Alexander,Anderson,468,Braemount Drive,Cape Breton,British Columbia,"V1K 1V0 ",Canada,241947314,Alexander@state.com
"",Brown,37,Armstrong Court,Saanich,Prince Edward Island,V8B 1P6,Canada,1352432019,null@group.com
William,Thomas,67,Adelaide Avenue,Gatineau,Quebec,G6X 2L1,Canada,455164756,William@hand.com
"",Thomas,286,Ballantrae Lane,Mirabel,New Brunswick,H0H 3C9,Canada,174510248,null@case.com
James,Miller,14,Birches Drive,,Prince Edward Island,T1L 2H8,Canada,821765398,James@mother.com
William,Thomas,488,Castine Way,Aurora,Saskatchewan,V8C 0S2,Canada,585735890,William@work.com
Ethan,Jackson,80,Chebucto Lane,London,Northwest Territories,N8H 2H6,Canada,596305211,Ethan@night.com
"",Moore,60,Altavista Lane,Saint-Hyacinthe,Manitoba,G3H 0B4,Canada,1064382186,null@water.com
Liam,Williams,36,,Moncton,Newfoundland and Labrador,J1S 0R4,Canada,1241093683,Liam@company.com
Jacob,Williams,381,Aikens Avenue,Welland,Northwest Territories,L0N 3J2,Canada,1052953950,Jacob@mother.com
Ethan,Brown,262,Cherry Lane,Pickering,New Brunswick,E4M 2G2,Canada,395386136,Ethan@week.com
William,Anderson,138,Barclay Avenue,Norfolk County,Nova Scotia,B2E 0X4,Canada,1299997484,William@null
William,Wilson,191,Camelot Lane,Strathcona County,Yukon,V8C 0S2,Canada,156763480,William@work.com
Alexander,Wilson,446,Bald Eagle Place,Port Coquitlam,Northwest Territories,E4M 2G2,Canada,758773716,Alexander@child.com
Jacob,Williams,285,Cabot Street,Repentigny,Saskatchewan,L9R 0A0,Canada,1019136500,Jacob@null
Ethan,Johnson,302,Birmingham Street,Clarington,Quebec,E7E 3T7,Canada,1108142447,Ethan@Mr.com
Mason,Thomas,384,Bedford Row,Mississauga,Newfoundland and Labrador,J1S 0R4,Canada,1065929044,Mason@woman.com
Alexander,Williams,449,Briar Lane,Norfolk County,Northwest Territories,E5V 3X5,Canada,1196748845,Alexander@hand.com
Liam,Williams,79,Bloomingdale Terrace,Saskatoon,New Brunswick,L4A 0T0,Canada,144353058,Liam@study.com
Jacob,Williams,244,Bishop Street,Niagara Falls,Newfoundland and Labrador,G6X 2L1,Canada,320851560,Jacob@Mr.com
"",Anderson,448,Bilton Lane,Markham,Saskatchewan,J9P 1C6,Canada,1060951805,null@day.com
William,Jackson,354,Belmont On The Arm,LÃ©vis,Manitoba,E7E 3T7,Canada,529269467,William@school.com
"",,258,Charlton Avenue,Trois-RiviÃ¨res,Alberta,T1L 2H8,Canada,1239377293,null@system.com
William,Johnson,242,Brussels Street,Niagara Falls,New Brunswick,E5V 3X5,Canada,756406512,William@people.com
Liam,,438,Charles Street,Kamloops,Alberta,E4M 2G2,Canada,715500965,Liam@world.com
Ethan,Thomas,75,Carlton Street,Maple Ridge,Nova Scotia,L9R 0A0,Canada,1383148046,Ethan@right.com
