First Name,Last Name,Street Number,Street,City,Province,Postal Code,Country,Phone Number,email Address
Jacob,Wilson,436,Bridges Street,Victoria,Prince Edward Island,B3V 2V1,Canada,424578736,Jacob@number.com
Liam,Jackson,133,Camelot Lane,Cape Breton,New Brunswick,J9P 1C6,Canada,306449789,Liam@job.com
William,Jackson,46,Ballantrae Lane,Port Coquitlam,British Columbia,N8H 2H6,Canada,701410132,William@night.com
Ethan,Davis,351,Bently Drive,Fredericton,Saskatchewan,E5V 3X5,Canada,889378617,Ethan@study.com
William,Jones,428,Bridget Avenue,Richmond Hill,Alberta,E4M 2G2,Canada,1259847795,William@room.com
Liam,Wilson,84,Auburn Avenue,Peterborough,British Columbia,,Canada,628436648,Liam@way.com
Alexander,Williams,124,Cherry Lane,Lethbridge,Nova Scotia,B3V 2V1,Canada,913711358,Alexander@point.com
Alexander,Miller,347,Alm-c Ramp,Saint-Jean-sur-Richelieu,,J9P 1C6,Canada,644415988,Alexander@government.com
Liam,Jones,71,Chain Rock Drive,Milton,Nova Scotia,"V1K 1V0 ",Canada,235901321,Liam@business.com
James,Brown,378,Bedford Row,Sault Ste. Marie,Alberta,L0N 3J2,Canada,990623854,James@mother.com
Liam,Johnson,279,Brook Street,Cambridge,Newfoundland and Labrador,V8C 0S2,Canada,618545117,Liam@country.com
Liam,,299,Chartwell Lane,Kawartha Lakes,Prince Edward Island,V8B 1P6,Canada,1243464441,Liam@question.com
William,Jones,386,Cavendish Road,Saint John,Alberta,L4A 0T0,Canada,217714315,William@hand.com
Jacob,Jackson,121,Castine Way,Vaughan,Northwest Territories,E4M 2G2,Canada,777046095,Jacob@place.com
James,Thomas,331,Blue Thistle Road,Moncton,Nunavut,E4M 2G2,Canada,800232822,James@Mr.com
Liam,Wilson,225,Armdale Rotary,Moncton,Northwest Territories,L4A 0T0,Canada,768086766,Liam@year.com
Jacob,Wilson,27,Carrington Place,Cape Breton,Alberta,G3E 2K4,Canada,1230394761,Jacob@program.com
James,Williams,461,Armada Drive,Moncton,Alberta,G0H 2P3,Canada,595765808,James@company.com
James,Johnson,392,Carrington Place,Montreal,Nunavut,G0H 2P3,Canada,773521290,James@people.com
James,Brown,22,Chipstone Close,Nanaimo,Quebec,G6X 2L1,Canada,1193829046,James@home.com
Mason,Davis,494,Bond Street,Mirabel,Prince Edward Island,E5V 3X5,Canada,1304591941,Mason@word.com
Mason,Miller,7,Chain Lake Drive,Grande Prairie,Nunavut,L9R 0A0,Canada,1075833273,Mason@right.com
Ethan,Thomas,310,Claremont Street,Winnipeg,Quebec,N5C 2J8,Canada,181501351,Ethan@money.com
Alexander,Williams,290,Brackley Place,Sherbrooke,Nunavut,J9T 3H4,Canada,808524657,Alexander@company.com
Alexander,Jones,6,Chester Avenue,Abbotsford,Alberta,"L4A 0T3 ",Canada,834038082,Alexander@family.com
"",Davis,285,Chocolate Lake Road,Brampton,Nunavut,N5C 2J8,Canada,134343213,null@state.com
"",Williams,107,Cedarbrae Lane,Belleville,Alberta,G3H 0B4,Canada,748825827,null@home.com
Liam,Anderson,421,Charles Street,Grande Prairie,Alberta,"B0T 0Y5 ",Canada,1372577909,Liam@number.com
Ethan,Brown,357,Cedarbrae Lane,Greater Sudbury,,,Canada,878753787,Ethan@family.com
