First Name,Last Name,Street Number,Street,City,Province,Postal Code,Country,Phone Number,email Address
Mason,Jones,157,Church Street,Peterborough,British Columbia,H3J 3P2,Canada,1129033982,Mason@right.com
"",Brown,460,Ardwell Avenue,Cape Breton,Newfoundland and Labrador,L9R 0A0,Canada,447490468,null@school.com
Ethan,Williams,170,Brighton Avenue,Clarington,Alberta,"B0T 0Y5 ",Canada,283342230,Ethan@study.com
Alexander,Jones,363,Balmoral Road,Terrebonne,British Columbia,B3V 2V1,Canada,534979386,Alexander@group.com
Alexander,Miller,84,Barclay Avenue,Waterloo,Newfoundland and Labrador,E7E 3T7,Canada,1235170247,Alexander@point.com
James,Thomas,347,Armview Terrace,Saskatoon,Prince Edward Island,G0H 2P3,Canada,1092905054,James@right.com
Jacob,Miller,186,Brook Street,Strathcona County,Northwest Territories,N8H 2H6,Canada,749255759,Jacob@business.com
William,Brown,310,Bosun Run,Longueuil,Newfoundland and Labrador,L3V 1Y8,Canada,1176571399,William@government.com
William,Taylor,325,Cherry Lane,Burnaby,,N5C 2J8,Canada,223344806,William@school.com
James,Johnson,9,Beaufort Avenue,Longueuil,Nova Scotia,B3V 2V1,Canada,284079674,James@state.com
"",Taylor,238,Cherry Street,Winnipeg,Nova Scotia,E4M 2G2,Canada,414024776,null@program.com
