First Name,Last Name,Street Number,Street,City,Province,Postal Code,Country,Phone Number,email Address
Mason,Williams,78,Armoury Place,Guelph,Saskatchewan,V8B 1P6,Canada,1055336864,Mason@money.com
"",Taylor,364,Ashdale Avenue,Peterborough,Northwest Territories,T1L 2H8,Canada,557767388,null@lot.com
Ethan,Thomas,137,Balmoral Road,Moncton,Yukon,"B0T 0Y5 ",Canada,467159962,Ethan@system.com
James,Miller,181,Bloomingdale Terrace,Cape Breton,Nova Scotia,V8B 1P6,Canada,785597997,James@country.com
Liam,Taylor,88,Bright Place,Victoria,Prince Edward Island,V8C 0S2,Canada,812674638,Liam@company.com
Liam,Jackson,20,Archibald Avenue,Brantford,British Columbia,H3J 3P2,Canada,1167779106,Liam@study.com
Mason,,51,Bosun Run,Strathcona County,Northwest Territories,L9R 0A0,Canada,190267462,Mason@mother.com
Ethan,Davis,103,Ashburn Avenue,North Vancouver,Yukon,J0N 0Z3,Canada,1348239565,Ethan@money.com
Alexander,,97,Allan Street,Medicine Hat,Nunavut,J0J 3V6,Canada,1154673707,Alexander@fact.com
Alexander,Miller,397,Africville Road,Maple Ridge,New Brunswick,V8C 0S2,Canada,431185894,Alexander@number.com
Alexander,Davis,176,Bryden Avenue,Milton,Nunavut,N8A 0B3,Canada,1019158560,Alexander@case.com
William,Taylor,186,Brycedale Lane,Ajax,Nunavut,N8A 0B3,Canada,718357929,William@lot.com
Jacob,Brown,401,Bryden Avenue,Montreal,Prince Edward Island,E4S 3C4,Canada,1002737018,Jacob@home.com
"",Thomas,144,Chisholm Avenue,Waterloo,Saskatchewan,"B0T 0Y5 ",Canada,586730335,null@problem.com
James,Wilson,15,Chelton Woods Lane,Moncton,Nunavut,"B0T 0Y5 ",Canada,914406623,James@eye.com
James,Anderson,153,Bond Street,Abbotsford,Alberta,L3V 1Y8,Canada,407684370,James@eye.com
Mason,Davis,6,Belmont On The Arm,St. Albert,Manitoba,H9S 1R4,Canada,261220786,Mason@mother.com
Jacob,Davis,275,Bauer Street,Granby,New Brunswick,H0H 3C9,Canada,835845751,Jacob@man.com
William,Williams,228,Annandale Street,Caledon,Nunavut,L9R 0A0,Canada,832918517,William@place.com
James,Jones,78,Bedford Row,Welland,Northwest Territories,"B0T 0Y5 ",Canada,393806276,James@point.com
Mason,Jones,294,Binney Street,Terrebonne,Prince Edward Island,G0H 2P3,Canada,392745877,Mason@group.com
Mason,Anderson,437,Bellevue Avenue,Medicine Hat,Prince Edward Island,N8H 2H6,Canada,1094359851,Mason@world.com
Jacob,Williams,183,Basinview Drive,Drummondville,Northwest Territories,B2E 0X4,Canada,498572686,Jacob@state.com
Alexander,Miller,154,Bonaventure Drive,Vancouver,Quebec,G6X 2L1,Canada,625200024,Alexander@program.com
William,Jones,130,Braemount Drive,North Vancouver,Prince Edward Island,N8H 2H6,Canada,1371558187,William@place.com
Alexander,Taylor,82,Artz Street,Victoria,Nunavut,E7E 3T7,Canada,185739333,Alexander@government.com
James,Moore,16,Braeburn Road,Ajax,Manitoba,V8C 0S2,Canada,1099119529,James@book.com
Liam,Jackson,308,Albert Place,Quebec City,Newfoundland and Labrador,L0N 3J2,Canada,1367232709,Liam@right.com
"",Miller,133,Cairnwell Close,Kitchener,Northwest Territories,L4A 0T0,Canada,617401779,null@family.com
Ethan,,310,Albemarle Street,Montreal,Nova Scotia,G3E 2K4,Canada,1273040390,Ethan@people.com
"",Miller,17,Central Avenue,Sault Ste. Marie,Prince Edward Island,H9S 1R4,Canada,403847557,null@hand.com
Ethan,Wilson,285,Alex Street,Kitchener,Alberta,N4N 0B9,Canada,1356131057,Ethan@thing.com
Ethan,Jones,54,Berkshire Close,Cape Breton,Quebec,H3J 3P2,Canada,1133884515,Ethan@mother.com
Jacob,,49,Canary Crescent,St. Catharines,Newfoundland and Labrador,T1L 2H8,Canada,1328028660,Jacob@Mr.com
Jacob,Wilson,161,Ashton Lane,Winnipeg,Quebec,T1L 2H8,Canada,521575308,Jacob@story.com
Mason,Moore,81,Artz Street,Strathcona County,Prince Edward Island,G0H 2P3,Canada,937234064,Mason@word.com
Alexander,Miller,87,Cabot Place,Chilliwack,Northwest Territories,H0H 3C9,Canada,730746124,Alexander@time.com
"",Taylor,67,Armcrescent West Avenue,North Vancouver,Quebec,"L4A 0T3 ",Canada,639721442,null@place.com
