First Name,Last Name,Street Number,Street,City,Province,Postal Code,Country,Phone Number,email Address
James,Jackson,39,Allan Street,Oshawa,,H9S 1R4,Canada,1065005028,James@room.com
Ethan,,426,Armview Terrace,North Bay,Northwest Territories,H0H 3C9,Canada,874136407,Ethan@null
William,Davis,105,Bromley Road,Saint-Hyacinthe,Prince Edward Island,E7E 3T7,Canada,1147170841,William@part.com
Alexander,Jones,41,Birches Drive,Maple Ridge,Nunavut,H9S 1R4,Canada,324417280,Alexander@year.com
Mason,Taylor,347,Anchor Drive,Ottawa,Northwest Territories,J0J 3V6,Canada,394106653,Mason@study.com
"",Miller,47,Buffers Lane,Thunder Bay,New Brunswick,B3V 2V1,Canada,345996072,null@Mr.com
James,Anderson,86,Boscobel Road,Drummondville,Nunavut,H3J 3P2,Canada,231887149,James@right.com
Alexander,Brown,388,Bayne St Ramp,Victoria,Prince Edward Island,J9T 3H4,Canada,1219444362,Alexander@time.com
Jacob,Anderson,452,Brockhurst Close,Saskatoon,Alberta,G6X 2L1,Canada,385821563,Jacob@company.com
"",Jones,222,Braeburn Road,Strathcona County,Newfoundland and Labrador,K1B 3B2,Canada,301518957,null@school.com
Liam,Miller,324,Clovis Avenue,St. Catharines,Yukon,L9R 0A0,Canada,144445118,Liam@room.com
Alexander,Anderson,141,Birkdale Crescent,Saint-Jean-sur-Richelieu,New Brunswick,,Canada,928279294,Alexander@life.com
Mason,Davis,480,Armcrescent West Avenue,St. Catharines,Prince Edward Island,J9P 1C6,Canada,439814983,Mason@way.com
Liam,Thomas,160,Berlin Street,Fredericton,Alberta,B2E 0X4,Canada,188353191,Liam@business.com
"",Wilson,317,Botany Terrace,Laval,New Brunswick,T1L 2H8,Canada,450548601,null@woman.com
Mason,Miller,77,Circle Drive,North Vancouver,Newfoundland and Labrador,G0H 2P3,Canada,465613836,Mason@night.com
William,Brown,257,Bridgeview Drive,Moncton,Northwest Territories,"L4A 0T3 ",Canada,875305151,William@night.com
Ethan,Jones,117,Attenborough Court,Saint-Jean-sur-Richelieu,Alberta,G3H 0B4,Canada,831889947,Ethan@month.com
Ethan,Thomas,500,Chain Rock Drive,Milton,British Columbia,V8C 0S2,Canada,463262680,Ethan@word.com
