First Name,Last Name,Street Number,Street,City,Province,Postal Code,Country,Phone Number,email Address
Ethan,,465,Blink Bonnie Terrace,Fredericton,Northwest Territories,"V1K 1V0 ",Canada,463147800,Ethan@time.com
Ethan,Jones,495,Castle Hill Drive,Lethbridge,Newfoundland and Labrador,L9R 0A0,Canada,1212368232,Ethan@world.com
James,Moore,264,Ardwell Avenue,LÃ©vis,Quebec,G3E 2K4,Canada,1158262698,James@lot.com
Ethan,Brown,465,Clearview Street,Halifax,Nova Scotia,G6X 2L1,Canada,1031215120,Ethan@way.com
"",Moore,282,Binney Street,Caledon,Saskatchewan,E7E 3T7,Canada,1310389048,null@child.com
"",Davis,390,Armstrong Court,Nanaimo,Prince Edward Island,E4S 3C4,Canada,1394315567,null@time.com
Jacob,Miller,378,Chelmsford Place,Montreal,Prince Edward Island,"V1K 1V0 ",Canada,1316997232,Jacob@school.com
"",Davis,197,Altavista Lane,Barrie,British Columbia,J9T 3H4,Canada,892172713,null@room.com
Ethan,Miller,121,Barclay Avenue,Ajax,Prince Edward Island,E5V 3X5,Canada,891523793,Ethan@month.com
Liam,Jones,176,Armview Avenue,Quebec City,British Columbia,E4M 2G2,Canada,1096321169,Liam@place.com
Alexander,Miller,286,Blue Jay Street,Richmond Hill,Yukon,N5C 2J8,Canada,114011978,Alexander@word.com
Alexander,Miller,251,Albert Place,New Westminster,Quebec,V8C 0S2,Canada,992877907,Alexander@home.com
Ethan,,54,Birmingham Street,Ottawa,New Brunswick,G3E 2K4,Canada,1320939721,Ethan@water.com
"",Jones,328,Clovis Avenue,Aurora,Saskatchewan,H9S 1R4,Canada,725867344,null@child.com
Alexander,Moore,119,Anchor Drive,North Vancouver,Alberta,E5V 3X5,Canada,666624046,Alexander@lot.com
Mason,,471,Ahern Avenue,Drummondville,Manitoba,V8C 0S2,Canada,178813779,Mason@family.com
"",Thomas,454,Carriageway Crescent,Maple Ridge,Northwest Territories,G3E 2K4,Canada,568512652,null@room.com
Alexander,Brown,302,Bristol Place,Surrey,Nunavut,G6X 2L1,Canada,294396349,Alexander@case.com
James,Thomas,389,Carlton Street,Blainville,Manitoba,J0J 3V6,Canada,770439602,James@month.com
Alexander,Thomas,384,Chessvale Close,Aurora,Nova Scotia,H9S 1R4,Canada,917130667,Alexander@program.com
"",Thomas,170,Belmont On The Arm,Grande Prairie,New Brunswick,B2E 0X4,Canada,706662015,null@month.com
William,Wilson,46,Circle Drive,Moncton,Saskatchewan,G3H 0B4,Canada,179357010,William@school.com
Jacob,Taylor,177,Benjamin Green Drive,Laval,Prince Edward Island,N8H 2H6,Canada,861093880,Jacob@point.com
Liam,Taylor,106,Abrams Way,Aurora,Newfoundland and Labrador,J1S 0R4,Canada,1197491374,Liam@group.com
Mason,Thomas,472,Bridgeview Drive,Guelph,Northwest Territories,"V1K 1V0 ",Canada,1039436881,Mason@book.com
William,Davis,233,Blenheim Terrace,Waterloo,Yukon,L3V 1Y8,Canada,774761252,William@school.com
Mason,Johnson,99,Charles Street,New Westminster,Saskatchewan,L9R 0A0,Canada,935346243,Mason@question.com
"",Jackson,80,Barkton Lane,Newmarket,New Brunswick,E4S 3C4,Canada,116244004,null@child.com
Mason,,449,Chelton Woods Lane,Victoria,Quebec,N8A 0B3,Canada,1311520299,Mason@night.com
"",Williams,149,Bloomingdale Terrace,Regina,British Columbia,E5V 3X5,Canada,982740990,null@eye.com
Liam,Anderson,470,Albert Street,Brampton,Saskatchewan,N8A 0B3,Canada,1049485536,Liam@child.com
Mason,Davis,339,Avon Crescent,,Prince Edward Island,L9R 0A0,Canada,992414461,Mason@word.com
James,Brown,123,Cherry Lane,Cape Breton,,H3J 3P2,Canada,451300012,James@life.com
"",Williams,204,Ballantrae Lane,Saskatoon,Northwest Territories,H3J 3P2,Canada,117656518,null@government.com
Ethan,Taylor,169,Andrew Street,Nanaimo,Newfoundland and Labrador,L4A 0T0,Canada,1260629628,Ethan@money.com
James,Anderson,213,Beresford Road,Quebec City,Prince Edward Island,,Canada,1210297563,James@country.com
