First Name,Last Name,Street Number,Street,City,Province,Postal Code,Country,Phone Number,email Address
James,Jones,174,Bald Eagle Place,Vancouver,Nunavut,J9T 3H4,Canada,175541653,James@system.com
James,Williams,378,Campbell Drive,Sherbrooke,Alberta,B2E 0X4,Canada,1388865435,James@year.com
Ethan,Anderson,181,Beaufort Avenue,Victoria,Nova Scotia,V8B 1P6,Canada,1210205770,Ethan@case.com
Ethan,Taylor,191,Clovis Avenue,London,Saskatchewan,T1L 2H8,Canada,392577432,Ethan@life.com
"",Wilson,383,Bell Road,Brossard,Yukon,J1S 0R4,Canada,1091521798,null@fact.com
Alexander,Wilson,46,Bobolink Street,Halton Hills,Alberta,H3J 3P2,Canada,332417421,Alexander@world.com
Mason,Thomas,208,Chelsea Lane,Surrey,Alberta,L4A 0T0,Canada,219461585,Mason@eye.com
Ethan,Thomas,52,Alton Drive,Welland,Nova Scotia,,Canada,1124759484,Ethan@family.com
Ethan,Moore,340,Bellevue Avenue,Nanaimo,Alberta,J9T 3H4,Canada,1181958084,Ethan@state.com
William,Williams,400,Chester Avenue,Burlington,New Brunswick,G3H 0B4,Canada,720671068,William@people.com
Alexander,Miller,85,Aikens Avenue,Saint-JÃ©rÃ´me,,N8H 2H6,Canada,1153469331,Alexander@study.com
Liam,Thomas,148,Bond Street,Kitchener,Northwest Territories,H0H 3C9,Canada,878424584,Liam@book.com
Liam,Williams,147,Braemount Drive,Sault Ste. Marie,Nunavut,B3V 2V1,Canada,1007183350,Liam@man.com
Jacob,Anderson,427,Church Street,Delta,Quebec,J1S 0R4,Canada,621624924,Jacob@thing.com
Jacob,Williams,180,Bryden Avenue,Kingston,Alberta,G3H 0B4,Canada,479293328,Jacob@home.com
Jacob,,38,Carrington Place,Welland,Northwest Territories,J9P 1C6,Canada,579787756,Jacob@book.com
James,Jones,407,Brewer Court,North Vancouver,Nunavut,J0J 3V6,Canada,683128239,James@Mr.com
Ethan,Anderson,183,Carlton Street,Blainville,Manitoba,N8A 0B3,Canada,349075145,Ethan@school.com
Mason,Anderson,368,Apollo Court,Newmarket,Nunavut,V8B 1P6,Canada,627709591,Mason@company.com
Alexander,Brown,286,Artz Street,Clarington,Prince Edward Island,N8H 2H6,Canada,959793152,Alexander@student.com
William,Taylor,400,Ballantrae Lane,Cape Breton,Prince Edward Island,J9P 1C6,Canada,1014265996,William@study.com
Ethan,Anderson,89,Artz Street,Saint-JÃ©rÃ´me,Newfoundland and Labrador,L3V 1Y8,Canada,780931056,Ethan@case.com
James,Miller,214,Artillery Place,Waterloo,New Brunswick,L0N 3J2,Canada,352063669,James@money.com
William,Johnson,438,Annandale Street,Guelph,Prince Edward Island,H3J 3P2,Canada,884179695,William@fact.com
James,Wilson,310,Churchill Drive,Saskatoon,Prince Edward Island,G3E 2K4,Canada,709645534,James@story.com
James,Taylor,188,Brodick Lane,Laval,Prince Edward Island,N8A 0B3,Canada,1172162756,James@man.com
James,,265,Briar Place,Peterborough,Northwest Territories,T1L 2H8,Canada,200000955,James@government.com
"",Jones,432,Brenton Street,Grande Prairie,Newfoundland and Labrador,J0N 0Z3,Canada,412671240,null@mother.com
James,Wilson,47,Aukland Place,Windsor,New Brunswick,J9P 1C6,Canada,1386509358,James@story.com
Jacob,Moore,129,Clovis Avenue,Winnipeg,Nunavut,E5V 3X5,Canada,528404903,Jacob@world.com
Ethan,Johnson,146,Chelton Woods Lane,North Vancouver,British Columbia,H3J 3P2,Canada,478046643,Ethan@program.com
Mason,Miller,118,Carlina Court,Medicine Hat,Quebec,H9S 1R4,Canada,1152459583,Mason@room.com
Jacob,Davis,319,Bedros Lane,Aurora,Prince Edward Island,L4A 0T0,Canada,185053735,Jacob@book.com
