First Name,Last Name,Street Number,Street,City,Province,Postal Code,Country,Phone Number,email Address
Alexander,Jackson,49,Claymore Avenue,Brampton,Yukon,"L4A 0T3 ",Canada,127987004,Alexander@work.com
William,Thomas,416,Chadwick Place,Coquitlam,Nova Scotia,E5V 3X5,Canada,908235273,William@case.com
William,Miller,385,Benjamin Green Drive,Airdrie,British Columbia,J0J 3V6,Canada,1122118117,William@night.com
William,Brown,262,Clearview Street,St. John's,New Brunswick,H9S 1R4,Canada,469530192,William@right.com
Alexander,Taylor,145,Charlotte Lane,Port Coquitlam,Nunavut,V8B 1P6,Canada,857544849,Alexander@story.com
Mason,Wilson,270,Birchview Drive,Kamloops,Prince Edward Island,N5C 2J8,Canada,502234242,Mason@program.com
Alexander,Jones,491,Argyle Street,Kawartha Lakes,Newfoundland and Labrador,L0N 3J2,Canada,673616465,Alexander@company.com
Jacob,Anderson,304,Brycedale Lane,Thunder Bay,Northwest Territories,B3V 2V1,Canada,612590987,Jacob@woman.com
James,Taylor,302,Cartaret Street,Saanich,Saskatchewan,J9P 1C6,Canada,875527739,James@thing.com
Mason,Wilson,381,Adams Avenue,Niagara Falls,New Brunswick,L9R 0A0,Canada,985583637,Mason@company.com
Jacob,Johnson,335,Brycedale Lane,Greater Sudbury,Yukon,B3V 2V1,Canada,910987306,Jacob@right.com
Mason,Davis,171,Andrew Street,St. John's,Alberta,T1L 2H8,Canada,503504153,Mason@school.com
"",Miller,71,Carmichael Street,Surrey,Northwest Territories,J9T 3H4,Canada,1184331636,null@year.com
Alexander,Jackson,389,Admirals Way,Newmarket,Prince Edward Island,J9T 3H4,Canada,972014080,Alexander@family.com
Alexander,Williams,98,Alm-a Ramp,Sherbrooke,Northwest Territories,"L4A 0T3 ",Canada,1270347941,Alexander@home.com
Jacob,Brown,69,Brigadier Court,Milton,Newfoundland and Labrador,N5C 2J8,Canada,311310526,Jacob@hand.com
"",Jackson,351,Armcrescent West Avenue,,Yukon,E5V 3X5,Canada,1208446202,null@student.com
William,Jones,175,Cedarbank Terrace,Brantford,Alberta,J0J 3V6,Canada,1193530475,William@child.com
William,Moore,347,Auburn Avenue,North Vancouver,Northwest Territories,G3E 2K4,Canada,426718329,William@hand.com
Ethan,Davis,173,Balcomes Drive,Sarnia,New Brunswick,N8A 0B3,Canada,1161296307,Ethan@state.com
Liam,,194,Bobolink Street,Fredericton,Prince Edward Island,J9T 3H4,Canada,813677528,Liam@number.com
"",,412,Armstrong Court,Surrey,Alberta,E5V 3X5,Canada,852749542,null@company.com
Jacob,Jackson,373,Chelmsford Place,Saint John,British Columbia,V8B 1P6,Canada,1090977783,Jacob@case.com
Alexander,,397,Clayder Lane,Medicine Hat,Nova Scotia,G3E 2K4,Canada,300583034,Alexander@people.com
Alexander,Miller,6,Cabot Back Lane,Cape Breton,Alberta,,Canada,1242318698,Alexander@day.com
Ethan,Williams,353,Albert Place,Saint-Jean-sur-Richelieu,Prince Edward Island,E4M 2G2,Canada,781513265,Ethan@Mr.com
James,Jackson,53,Church Street,Greater Sudbury,Nunavut,J9P 1C6,Canada,1028015030,James@fact.com
Ethan,Davis,65,Albemarle Street,Maple Ridge,Nova Scotia,H0H 3C9,Canada,1251985422,Ethan@lot.com
Ethan,Jackson,377,Camelot Lane,Chilliwack,Manitoba,T1L 2H8,Canada,403922654,Ethan@money.com
"",Anderson,81,Bloomingdale Terrace,Langley,Newfoundland and Labrador,G6X 2L1,Canada,129090070,null@money.com
Mason,Taylor,47,Brunswick Street,North Vancouver,Nunavut,E4S 3C4,Canada,1165538921,Mason@day.com
William,Thomas,60,Birch Street,Kitchener,Alberta,E4M 2G2,Canada,480442910,William@part.com
"",Miller,146,Castine Way,Brossard,Newfoundland and Labrador,"B0T 0Y5 ",Canada,194865058,null@family.com
Liam,Thomas,344,Carrington Place,Kelowna,Newfoundland and Labrador,L9R 0A0,Canada,1326784657,Liam@place.com
Ethan,,364,Bonaventure Drive,St. Albert,Northwest Territories,G0H 2P3,Canada,372269372,Ethan@child.com
Ethan,Brown,375,Bilby Street,Moncton,Northwest Territories,K1B 3B2,Canada,1392636785,Ethan@group.com
