First Name,Last Name,Street Number,Street,City,Province,Postal Code,Country,Phone Number,email Address
Jacob,Thomas,260,Bryden Avenue,Guelph,Newfoundland and Labrador,J9T 3H4,Canada,746691886,Jacob@night.com
Ethan,Moore,434,Battery 18th Road,Kelowna,Yukon,G0H 2P3,Canada,1287485713,Ethan@way.com
Alexander,Williams,226,Balmoral Road,Grande Prairie,Nova Scotia,L4A 0T0,Canada,493350721,Alexander@question.com
Jacob,Jones,471,Berkshire Close,St. Albert,Quebec,"B0T 0Y5 ",Canada,1284844475,Jacob@program.com
Ethan,Jones,254,Brigadier Court,,Nunavut,H0H 3C9,Canada,1311423248,Ethan@family.com
James,,396,Bloomfield Street,Longueuil,Saskatchewan,H3J 3P2,Canada,984851987,James@school.com
Ethan,Jones,434,Borden Street,Prince George,British Columbia,L3V 1Y8,Canada,744020344,Ethan@room.com
Alexander,Taylor,171,Ashton Lane,Belleville,Prince Edward Island,N8H 2H6,Canada,373099540,Alexander@job.com
Liam,Jones,202,Agricola Street,Winnipeg,Quebec,H3J 3P2,Canada,604517980,Liam@man.com
Liam,Taylor,120,Armshore Drive,Vaughan,Nova Scotia,"L4A 0T3 ",Canada,418581783,Liam@point.com
"",Davis,150,Central Avenue,Ottawa,Northwest Territories,T1L 2H8,Canada,305998676,null@night.com
William,Brown,111,Cardiff Place,Hamilton,Nunavut,,Canada,364412499,William@woman.com
James,Wilson,280,Chelton Woods Lane,North Vancouver,Prince Edward Island,K1B 3B2,Canada,187719071,James@country.com
Jacob,Jones,82,Borden Street,Greater Sudbury,British Columbia,"V1K 1V0 ",Canada,594316234,Jacob@student.com
"",Williams,2,Clearview Street,Thunder Bay,Northwest Territories,L0N 3J2,Canada,205522738,null@life.com
Alexander,,293,Arvida Avenue,Ottawa,Manitoba,V8B 1P6,Canada,143154926,Alexander@month.com
Jacob,Thomas,259,Amberwood Court,Kelowna,Prince Edward Island,E7E 3T7,Canada,1329809795,Jacob@government.com
Jacob,Anderson,500,Brigadier Court,Kitchener,New Brunswick,H3J 3P2,Canada,117571898,Jacob@year.com
James,Jones,251,Chartwell Lane,Mirabel,Prince Edward Island,E4S 3C4,Canada,353051729,James@study.com
"",Jones,219,Albert Walker Drive,Trois-RiviÃ¨res,Manitoba,G3E 2K4,Canada,302371883,null@night.com
"",Brown,79,Bayne St Ramp,Gatineau,Nunavut,L9R 0A0,Canada,597662329,null@year.com
Liam,Jones,370,Borden Street,Kitchener,Prince Edward Island,L3V 1Y8,Canada,640302942,Liam@mother.com
Liam,Jones,314,Ashdale Avenue,Burlington,Quebec,"V1K 1V0 ",Canada,689395629,Liam@problem.com
"",Thomas,115,Angus L Macdonald Bridge,Halton Hills,Yukon,B2E 0X4,Canada,979615974,null@job.com
William,,434,Brussels Street,Oakville,Nunavut,"V1K 1V0 ",Canada,752862372,William@case.com
Jacob,Miller,315,Briarwood Crescent,Cape Breton,Quebec,K1B 3B2,Canada,573142482,Jacob@month.com
Alexander,Wilson,246,Bloomfield Street,Airdrie,Quebec,E4M 2G2,Canada,463661634,Alexander@country.com
"",Jones,323,Bedford Highway Ramp,Windsor,Quebec,J9P 1C6,Canada,1013787686,null@case.com
William,Thomas,412,Beaufort Avenue,Prince George,New Brunswick,H9S 1R4,Canada,583259917,William@question.com
James,Taylor,41,Aukland Place,New Westminster,Saskatchewan,N4N 0B9,Canada,370479781,James@hand.com
Liam,Wilson,471,Clearview Street,Sault Ste. Marie,Nunavut,H9S 1R4,Canada,725523384,Liam@day.com
Mason,,160,Brenton Street,Laval,Nunavut,J1S 0R4,Canada,903491847,Mason@mother.com
Jacob,Jackson,413,Brussels Street,Regina,Prince Edward Island,J0N 0Z3,Canada,799014676,Jacob@job.com
Liam,Jackson,76,Church Street,Calgary,Nunavut,,Canada,201664692,Liam@people.com
Jacob,,197,Beachstone Drive,Whitby,Prince Edward Island,L4A 0T0,Canada,1198616687,Jacob@right.com
Liam,,37,Chebucto Road,Thunder Bay,British Columbia,E5V 3X5,Canada,967030494,Liam@right.com
Ethan,Anderson,353,Chessvale Close,Newmarket,Nunavut,B3V 2V1,Canada,696451926,Ethan@business.com
Mason,Anderson,80,Canary Crescent,Saint-JÃ©rÃ´me,New Brunswick,G3E 2K4,Canada,1108158886,Mason@program.com
"",Williams,266,Blink Bonnie Terrace,London,Alberta,B2E 0X4,Canada,1191169227,null@program.com
Liam,Thomas,425,Clayton Park Drive,North Bay,Prince Edward Island,"B0T 0Y5 ",Canada,780299422,Liam@right.com
"",Moore,81,Amirault Court,Saint-Hyacinthe,New Brunswick,J9T 3H4,Canada,1133079253,null@question.com
