First Name,Last Name,Street Number,Street,City,Province,Postal Code,Country,Phone Number,email Address
Ethan,Williams,75,Bridget Avenue,St. Catharines,Newfoundland and Labrador,"V1K 1V0 ",Canada,1071093515,Ethan@time.com
Ethan,Thomas,20,Belmont Road,Brampton,Alberta,B3V 2V1,Canada,179774375,Ethan@month.com
Mason,Brown,97,Agricola Street,Surrey,British Columbia,G3E 2K4,Canada,665019098,Mason@study.com
"",Wilson,295,Bridges Street,Prince George,Quebec,N5C 2J8,Canada,1300655587,null@room.com
Liam,Brown,213,Bosun Run,Saint John,Nova Scotia,N5C 2J8,Canada,132183291,Liam@eye.com
Alexander,Johnson,16,Caxton Close,Vancouver,Prince Edward Island,J0J 3V6,Canada,938839093,Alexander@story.com
Liam,Johnson,443,Cherry Street,North Vancouver,Prince Edward Island,T1L 2H8,Canada,604728191,Liam@case.com
Jacob,Wilson,138,Burgee Run,Ajax,Prince Edward Island,N5C 2J8,Canada,1315359372,Jacob@lot.com
"",Miller,240,Agricola Street,Drummondville,British Columbia,H9S 1R4,Canada,164975668,null@life.com
Alexander,Williams,417,Cabot Back Lane,Granby,Northwest Territories,G3H 0B4,Canada,980717119,Alexander@book.com
Ethan,Jones,98,Chessvale Close,Brampton,Quebec,L9R 0A0,Canada,173620682,Ethan@week.com
Mason,Thomas,453,Beresford Road,Sault Ste. Marie,British Columbia,H3J 3P2,Canada,353435502,Mason@place.com
William,Johnson,245,Barracks Drive,St. John's,Saskatchewan,L4A 0T0,Canada,343915294,William@mother.com
James,Moore,269,Armview Avenue,Saskatoon,Northwest Territories,,Canada,1261180840,James@hand.com
Liam,Wilson,351,Allan Street,Oakville,Northwest Territories,"L4A 0T3 ",Canada,331766296,Liam@part.com
William,Moore,440,Cedarbrae Lane,St. Albert,Northwest Territories,E5V 3X5,Canada,777400599,William@work.com
