First Name,Last Name,Street Number,Street,City,Province,Postal Code,Country,Phone Number,email Address
"",Anderson,225,Armcrescent East Drive,Sault Ste. Marie,Prince Edward Island,H9S 1R4,Canada,103987261,null@student.com
Alexander,,85,Alm-c Ramp,Saint John,New Brunswick,B3V 2V1,Canada,343357528,Alexander@month.com
William,Williams,91,Banbury Close,Sault Ste. Marie,Prince Edward Island,V8C 0S2,Canada,1010427704,William@thing.com
"",Thomas,87,Cartaret Street,North Bay,Northwest Territories,H0H 3C9,Canada,1402245858,null@job.com
William,Jackson,367,Brenton Street,Moncton,Prince Edward Island,G6X 2L1,Canada,797744459,William@right.com
Ethan,Thomas,249,Blenheim Terrace,Oakville,Quebec,H0H 3C9,Canada,1058608426,Ethan@part.com
Liam,Wilson,316,Cabot Back Lane,Cambridge,Prince Edward Island,E4M 2G2,Canada,1292577534,Liam@group.com
Alexander,Miller,358,Armshore Drive,Burnaby,Nunavut,H9S 1R4,Canada,560913606,Alexander@people.com
Mason,Wilson,448,Alumni Crescent,Montreal,New Brunswick,B3V 2V1,Canada,1097314785,Mason@state.com
"",Brown,216,Cabot Back Lane,North Vancouver,Nova Scotia,G3H 0B4,Canada,724026924,null@story.com
Ethan,Jones,384,Battery Drive,Niagara Falls,Manitoba,E7E 3T7,Canada,500888894,Ethan@null
Mason,Thomas,398,Berlin Street,Airdrie,Quebec,T1L 2H8,Canada,665858081,Mason@week.com
William,Brown,480,Armada Drive,Aurora,Northwest Territories,E7E 3T7,Canada,270625892,William@part.com
James,Moore,350,Brunswick Street,Gatineau,Northwest Territories,T1L 2H8,Canada,545768960,James@people.com
Mason,Thomas,60,Albert Street,Brantford,Nunavut,G3E 2K4,Canada,602973014,Mason@state.com
Ethan,Wilson,386,Bellevue Avenue,Prince George,Nova Scotia,L4A 0T0,Canada,789012138,Ethan@thing.com
Jacob,Thomas,460,Barkton Lane,Port Coquitlam,Nunavut,E7E 3T7,Canada,214217090,Jacob@book.com
Mason,Moore,384,Bluestone Road,Oakville,Nova Scotia,B3V 2V1,Canada,702076557,Mason@question.com
James,Johnson,240,Chain Lake Drive,Brossard,Nunavut,J0J 3V6,Canada,1032916018,James@program.com
Ethan,Thomas,322,Ballantrae Lane,Gatineau,Northwest Territories,L0N 3J2,Canada,1078233815,Ethan@time.com
William,Brown,241,Circle Drive,Maple Ridge,Northwest Territories,G3E 2K4,Canada,962954302,William@fact.com
"",Jones,347,Basinview Drive,Kingston,Alberta,G3E 2K4,Canada,1068256004,null@life.com
James,Anderson,397,Alton Drive,Gatineau,Yukon,"B0T 0Y5 ",Canada,1400970650,James@world.com
William,Thomas,171,Bond Street,Maple Ridge,Prince Edward Island,N8A 0B3,Canada,385324898,William@case.com
William,Jones,167,Braemount Drive,Greater Sudbury,Nunavut,G6X 2L1,Canada,1300423105,William@money.com
