First Name,Last Name,Street Number,Street,City,Province,Postal Code,Country,Phone Number,email Address
William,Johnson,398,Catamaran Road,Aurora,Prince Edward Island,N8H 2H6,Canada,552568799,William@right.com
"",Jones,298,Castlepark Grove,Laval,Prince Edward Island,G3E 2K4,Canada,434980926,null@group.com
Ethan,Johnson,16,Blenheim Terrace,Saint-JÃ©rÃ´me,Yukon,G3E 2K4,Canada,716160789,Ethan@case.com
Alexander,Williams,287,Beechwood Terrace,Victoria,Alberta,V8B 1P6,Canada,639538540,Alexander@job.com
"",Wilson,439,Charlotte Lane,Barrie,Quebec,"V1K 1V0 ",Canada,223229263,null@school.com
"",Johnson,278,Abercrombie Lane,Ottawa,Northwest Territories,J1S 0R4,Canada,153658621,null@school.com
"",Thomas,371,Archibald Avenue,Fredericton,Nunavut,T1L 2H8,Canada,417225603,null@world.com
"",,399,Bridget Avenue,Langley,Prince Edward Island,B2E 0X4,Canada,577269858,null@book.com
Mason,Anderson,147,Alm-a Ramp,Edmonton,New Brunswick,"B0T 0Y5 ",Canada,406421794,Mason@time.com
William,Anderson,223,Cedar Street,Blainville,Alberta,B3V 2V1,Canada,537408303,William@woman.com
Jacob,,372,Bower Road,Langley,Northwest Territories,E4M 2G2,Canada,1297696640,Jacob@program.com
William,Thomas,227,Bluestone Road,Regina,Yukon,G3E 2K4,Canada,459441117,William@country.com
"",,72,Anchor Drive,Saanich,Alberta,J0J 3V6,Canada,263339789,null@country.com
William,Taylor,145,Albert Walker Drive,Mississauga,Nova Scotia,N8H 2H6,Canada,520606610,William@year.com
Ethan,Taylor,431,Bison Crescent,North Vancouver,Northwest Territories,N5C 2J8,Canada,850812131,Ethan@child.com
"",,30,Chebucto Lane,Wood Buffalo,Yukon,,Canada,373325518,null@lot.com
"",Wilson,420,Brenton Place,St. Catharines,Quebec,G3H 0B4,Canada,1350760605,null@hand.com
Mason,Williams,137,Bosun Run,Drummondville,Northwest Territories,J0N 0Z3,Canada,1017844264,Mason@work.com
Alexander,Jones,53,Berkshire Close,Maple Ridge,New Brunswick,J1S 0R4,Canada,1394905872,Alexander@number.com
Liam,Moore,143,Brockhurst Close,Regina,Nunavut,N8H 2H6,Canada,288194028,Liam@month.com
James,Brown,6,Bristol Place,Sherbrooke,Newfoundland and Labrador,K1B 3B2,Canada,1124578899,James@group.com
Ethan,Jackson,445,Bayne Street,,Nova Scotia,L4A 0T0,Canada,1281891400,Ethan@life.com
"",Jackson,307,Alma Crescent,Drummondville,Manitoba,J0N 0Z3,Canada,329509724,null@year.com
James,,417,Altavista Lane,North Bay,Newfoundland and Labrador,G3E 2K4,Canada,820164150,James@family.com
Liam,Jones,223,Albemarle Street,Grande Prairie,Nova Scotia,H0H 3C9,Canada,1364100584,Liam@eye.com
Ethan,Jones,144,Berts Drive,Waterloo,Quebec,L4A 0T0,Canada,1306480275,Ethan@day.com
James,Moore,438,Attenborough Court,Burnaby,Alberta,E4S 3C4,Canada,733949669,James@word.com
"",Williams,106,Armoury Place,Pickering,Northwest Territories,G3H 0B4,Canada,431113661,null@student.com
Liam,Jackson,308,Bald Eagle Place,Fredericton,,E4M 2G2,Canada,756011888,Liam@thing.com
William,Taylor,136,Clifton Street,Sherbrooke,Alberta,J9T 3H4,Canada,249464801,William@day.com
