First Name,Last Name,Street Number,Street,City,Province,Postal Code,Country,Phone Number,email Address
"",Williams,169,Admirals Way,Saskatoon,Prince Edward Island,L3V 1Y8,Canada,904552054,null@system.com
Ethan,,54,Chisholm Avenue,St. Catharines,British Columbia,E4S 3C4,Canada,357039940,Ethan@man.com
James,,476,Balcomes Drive,Victoria,Nova Scotia,N8A 0B3,Canada,185272395,James@year.com
"",Moore,397,Birkdale Crescent,Saint-JÃ©rÃ´me,Nunavut,V8B 1P6,Canada,790263654,null@work.com
Jacob,Moore,455,Chadwick Place,Saint-JÃ©rÃ´me,Nunavut,"B0T 0Y5 ",Canada,594406624,Jacob@country.com
James,Brown,282,Basinview Drive,Windsor,Nunavut,G3H 0B4,Canada,1105098476,James@woman.com
James,Brown,105,Birches Drive,Victoria,Prince Edward Island,V8B 1P6,Canada,1265098301,James@case.com
"",Miller,417,Alumni Crescent,Grande Prairie,Northwest Territories,J0J 3V6,Canada,793180501,null@group.com
"",Brown,499,Bedford Highway,Caledon,Newfoundland and Labrador,G0H 2P3,Canada,869975916,null@mother.com
