First Name,Last Name,Street Number,Street,City,Province,Postal Code,Country,Phone Number,email Address
William,Miller,302,Braeburn Road,Milton,Manitoba,J0N 0Z3,Canada,729704895,William@system.com
Ethan,Thomas,448,Abbott Drive,Guelph,Northwest Territories,L0N 3J2,Canada,205537876,Ethan@part.com
Ethan,,292,Alm-d Ramp,Medicine Hat,Northwest Territories,N8H 2H6,Canada,486733230,Ethan@problem.com
William,Jones,414,Boscobel Road,Sault Ste. Marie,New Brunswick,B3V 2V1,Canada,1402580422,William@number.com
William,Jones,163,Bermuda Avenue,Saint-Hyacinthe,New Brunswick,E4S 3C4,Canada,433475673,William@woman.com
James,Williams,173,Berlin Street,Lethbridge,Prince Edward Island,J9P 1C6,Canada,880911333,James@work.com
Jacob,Taylor,180,Auburn Avenue,Norfolk County,Manitoba,"V1K 1V0 ",Canada,158534017,Jacob@Mr.com
Jacob,Jones,116,Brockhurst Close,Surrey,Yukon,E7E 3T7,Canada,828596538,Jacob@word.com
Ethan,Williams,161,Bluestone Road,St. John's,New Brunswick,V8B 1P6,Canada,1183912803,Ethan@eye.com
Ethan,Williams,359,Cabot Street,Norfolk County,Alberta,B3V 2V1,Canada,818783814,Ethan@money.com
Mason,Johnson,344,Attenborough Court,Calgary,British Columbia,"L4A 0T3 ",Canada,130740492,Mason@hand.com
Ethan,Thomas,157,,Kamloops,,N8A 0B3,Canada,325189984,Ethan@Mr.com
"",Brown,217,Caxton Close,Waterloo,British Columbia,G3E 2K4,Canada,818292442,null@part.com
Liam,Miller,464,Battery Drive,Medicine Hat,Prince Edward Island,N8H 2H6,Canada,1354798028,Liam@family.com
James,Anderson,99,Birch Cove Lane,Port Coquitlam,Northwest Territories,E4S 3C4,Canada,1257941642,James@place.com
Mason,Jackson,432,Acadia Street,Wood Buffalo,Nova Scotia,J0N 0Z3,Canada,526675117,Mason@child.com
William,Moore,197,Bayne St Ramp,Grande Prairie,,J9P 1C6,Canada,414890160,William@country.com
Jacob,Williams,216,Bloomingdale Terrace,Repentigny,Nunavut,N8A 0B3,Canada,1026651863,Jacob@eye.com
Jacob,Johnson,482,Blink Bonnie Terrace,Strathcona County,Nunavut,E4M 2G2,Canada,1319885422,Jacob@people.com
Alexander,Davis,87,Chelton Woods Lane,Calgary,Newfoundland and Labrador,J0N 0Z3,Canada,912914099,Alexander@problem.com
Jacob,,363,Blue Willow Court,Brantford,Newfoundland and Labrador,N8H 2H6,Canada,117961835,Jacob@student.com
Alexander,,106,Bond Street,Halton Hills,Northwest Territories,E7E 3T7,Canada,990988595,Alexander@child.com
William,Jackson,267,Brussels Street,Whitby,,J1S 0R4,Canada,489445800,William@mother.com
Alexander,Moore,488,Brussels Street,Granby,Nunavut,N8H 2H6,Canada,206727145,Alexander@case.com
William,Thomas,22,Bermuda Avenue,Maple Ridge,Newfoundland and Labrador,"L4A 0T3 ",Canada,1075245331,William@part.com
William,Jones,198,Armdale Rotary,Airdrie,Northwest Territories,"L4A 0T3 ",Canada,263040439,William@family.com
Alexander,Anderson,498,Clearview Street,Winnipeg,Yukon,T1L 2H8,Canada,625059330,Alexander@problem.com
Jacob,Johnson,416,Ashton Lane,Quebec City,Nunavut,,Canada,847622063,Jacob@right.com
William,Thomas,331,Bromley Road,Oshawa,Alberta,B3V 2V1,Canada,697618340,William@thing.com
Ethan,Jackson,60,Cedarbank Terrace,Winnipeg,Saskatchewan,G3H 0B4,Canada,724550021,Ethan@hand.com
"",Miller,372,Birchwood Drive,Edmonton,Northwest Territories,"V1K 1V0 ",Canada,299776034,null@problem.com
Mason,Wilson,306,Churchill Drive,Thunder Bay,Quebec,J1S 0R4,Canada,444264400,Mason@work.com
Mason,Anderson,320,Brighton Avenue,Vaughan,Newfoundland and Labrador,E7E 3T7,Canada,207572814,Mason@system.com
Mason,Thomas,149,Bristol Place,Sault Ste. Marie,Yukon,L4A 0T0,Canada,888180683,Mason@home.com
Alexander,Taylor,163,Bluestone Road,Norfolk County,Nova Scotia,"L4A 0T3 ",Canada,1394660024,Alexander@right.com
William,Thomas,63,Africville Road,Wood Buffalo,Manitoba,J0J 3V6,Canada,401582936,William@question.com
Alexander,Miller,175,Buddy Daye Street,,Nunavut,V8B 1P6,Canada,599544348,Alexander@woman.com
Alexander,Jones,443,Carrington Place,Richmond Hill,Nova Scotia,L9R 0A0,Canada,398912621,Alexander@time.com
William,Thomas,351,Circle Drive,Granby,Nova Scotia,V8B 1P6,Canada,895222740,William@book.com
Mason,Miller,47,Chester Avenue,Richmond,Alberta,J1S 0R4,Canada,735180786,Mason@problem.com
