First Name,Last Name,Street Number,Street,City,Province,Postal Code,Country,Phone Number,email Address
Ethan,,220,Buddy Daye Street,Kingston,Saskatchewan,E4M 2G2,Canada,930009250,Ethan@room.com
Mason,,394,Bobolink Street,Kawartha Lakes,Alberta,"L4A 0T3 ",Canada,615782757,Mason@family.com
Alexander,Johnson,467,Buffers Lane,Drummondville,British Columbia,,Canada,568290691,Alexander@case.com
"",Miller,474,Cabot Back Lane,Regina,Manitoba,L9R 0A0,Canada,845756934,null@system.com
William,Johnson,118,Charlotte Lane,Newmarket,Quebec,V8C 0S2,Canada,513154024,William@company.com
Mason,,366,Blue Thistle Road,Montreal,Yukon,J1S 0R4,Canada,734803832,Mason@people.com
Jacob,Brown,355,Albert Walker Drive,Edmonton,Saskatchewan,,Canada,400488905,Jacob@people.com
James,Moore,146,Camelot Lane,Sherbrooke,Prince Edward Island,G3E 2K4,Canada,477395128,James@school.com
Ethan,Jones,428,Bridgeview Drive,Guelph,Yukon,N8A 0B3,Canada,1210865704,Ethan@government.com
Jacob,Wilson,127,Armoury Place,Sarnia,New Brunswick,B3V 2V1,Canada,647089195,Jacob@group.com
William,Moore,237,Alm-a Ramp,Vancouver,Quebec,E7E 3T7,Canada,1081233457,William@man.com
Ethan,Wilson,190,Carrington Place,Prince George,Quebec,G3H 0B4,Canada,836763156,Ethan@day.com
Alexander,Anderson,41,Bald Eagle Place,Caledon,Northwest Territories,N8H 2H6,Canada,1098035084,Alexander@number.com
"",Wilson,206,Almon Street,Coquitlam,Yukon,H0H 3C9,Canada,112934005,null@thing.com
James,Jackson,182,Adelaide Avenue,Brampton,Northwest Territories,B3V 2V1,Canada,1047644880,James@question.com
Liam,Jackson,350,Cascade Drive,Trois-RiviÃ¨res,New Brunswick,J9T 3H4,Canada,410216980,Liam@month.com
James,Taylor,80,,Belleville,Prince Edward Island,L3V 1Y8,Canada,579184579,James@company.com
Jacob,Jones,438,Brunswick Street,Maple Ridge,Saskatchewan,H3J 3P2,Canada,582394045,Jacob@work.com
"",Jackson,42,Chain Lake Drive,LÃ©vis,Northwest Territories,E5V 3X5,Canada,787992498,null@case.com
Liam,Taylor,369,Cherry Street,Brantford,Manitoba,E4S 3C4,Canada,461730695,Liam@year.com
James,Wilson,496,Aurora Avenue,Fredericton,Prince Edward Island,V8C 0S2,Canada,240590754,James@life.com
Jacob,Thomas,166,Bauer Street,Longueuil,Nova Scotia,L0N 3J2,Canada,471457218,Jacob@world.com
Mason,Williams,343,Artillery Place,Oakville,Nova Scotia,T1L 2H8,Canada,361989597,Mason@thing.com
James,Moore,117,Birchwood Drive,Brossard,Nova Scotia,N8H 2H6,Canada,1048698039,James@study.com
Jacob,Moore,444,Armdale Rotary,Thunder Bay,Alberta,T1L 2H8,Canada,1302709047,Jacob@woman.com
"",,21,Braeside Lane,Port Coquitlam,Alberta,E4S 3C4,Canada,1350801067,null@man.com
Liam,,436,Armshore Drive,Montreal,Nunavut,V8B 1P6,Canada,699463250,Liam@home.com
Mason,Williams,135,Bishop Street,Granby,Prince Edward Island,J9P 1C6,Canada,1141857110,Mason@family.com
"",Miller,166,Chelton Woods Lane,Gatineau,Newfoundland and Labrador,L9R 0A0,Canada,497018368,null@group.com
Ethan,Johnson,7,Broadholme Lane,Quebec City,Newfoundland and Labrador,"L4A 0T3 ",Canada,341913595,Ethan@woman.com
Ethan,Johnson,359,Ardwell Avenue,Abbotsford,Prince Edward Island,G0H 2P3,Canada,1289845064,Ethan@week.com
William,Brown,443,Aldergrove Drive,Vaughan,,J0J 3V6,Canada,150560762,William@system.com
Jacob,,251,Chain Rock Drive,Terrebonne,Northwest Territories,J9T 3H4,Canada,685439843,Jacob@program.com
Ethan,Thomas,296,Catamaran Road,Fredericton,New Brunswick,B3V 2V1,Canada,499597651,Ethan@group.com
William,Davis,135,Beresford Road,North Vancouver,Nova Scotia,G0H 2P3,Canada,1250534275,William@way.com
