First Name,Last Name,Street Number,Street,City,Province,Postal Code,Country,Phone Number,email Address
James,Taylor,215,Burgee Run,Norfolk County,Prince Edward Island,L4A 0T0,Canada,904334996,James@company.com
Liam,Moore,79,Carmichael Street,Airdrie,Prince Edward Island,L4A 0T0,Canada,1037752366,Liam@null
Jacob,Miller,385,Armada Drive,Caledon,Northwest Territories,N4N 0B9,Canada,861333587,Jacob@time.com
Jacob,Moore,108,Alma Crescent,Cambridge,Nunavut,J0N 0Z3,Canada,846572798,Jacob@group.com
"",Miller,399,Brook Street,Welland,Northwest Territories,T1L 2H8,Canada,766961530,null@case.com
Jacob,Jones,73,Armoury Place,Saskatoon,Newfoundland and Labrador,N8H 2H6,Canada,1362087266,Jacob@study.com
"",Jones,240,Barkton Lane,Whitby,Saskatchewan,N8H 2H6,Canada,801638695,null@country.com
William,,424,Birch Cove Lane,Burnaby,Prince Edward Island,G0H 2P3,Canada,1131310302,William@student.com
James,Thomas,332,Camelot Lane,St. Catharines,Alberta,E4S 3C4,Canada,689676102,James@thing.com
Jacob,Jones,124,Brewer Court,Drummondville,Manitoba,J0N 0Z3,Canada,644271054,Jacob@room.com
Mason,Williams,134,Canterbury Close,Mirabel,Prince Edward Island,N8A 0B3,Canada,898191126,Mason@state.com
William,Thomas,160,Barclay Avenue,Burnaby,Nunavut,H0H 3C9,Canada,404814866,William@fact.com
James,Davis,322,Cabot Place,Montreal,Prince Edward Island,V8B 1P6,Canada,606006524,James@year.com
Liam,,445,Cardiff Place,Winnipeg,Northwest Territories,G6X 2L1,Canada,302205015,Liam@money.com
"",Davis,151,Carnation Crescent,Calgary,British Columbia,J1S 0R4,Canada,199200584,null@study.com
Ethan,Thomas,345,Clovis Avenue,New Westminster,Nunavut,"V1K 1V0 ",Canada,797838631,Ethan@job.com
Liam,Taylor,19,Abercrombie Lane,Nanaimo,Saskatchewan,L4A 0T0,Canada,1104510661,Liam@case.com
"",Davis,141,Beresford Road,Medicine Hat,Quebec,L3V 1Y8,Canada,1153867479,null@man.com
Ethan,Jones,222,Blue Jay Street,Saskatoon,Prince Edward Island,"B0T 0Y5 ",Canada,511608144,Ethan@woman.com
William,Miller,53,Bright Street,Sarnia,Alberta,"L4A 0T3 ",Canada,820023587,William@story.com
James,Jackson,134,Alm-d Ramp,Oakville,Northwest Territories,J9P 1C6,Canada,256937006,James@money.com
Ethan,Jackson,93,Central Avenue,Longueuil,Northwest Territories,B3V 2V1,Canada,1017756622,Ethan@program.com
Liam,Davis,412,Cascade Drive,Richmond,Northwest Territories,H9S 1R4,Canada,1347192443,Liam@right.com
Ethan,Taylor,235,Churchill Drive,Oakville,Prince Edward Island,L0N 3J2,Canada,983924830,Ethan@question.com
Mason,Moore,293,Athlone Avenue,Saint-Hyacinthe,Northwest Territories,L4A 0T0,Canada,1318407569,Mason@job.com
William,Johnson,406,Carmichael Street,,New Brunswick,V8B 1P6,Canada,979375367,William@right.com
Liam,Thomas,445,Beech Street,Brantford,Nunavut,L4A 0T0,Canada,396736447,Liam@water.com
James,Williams,143,Caxton Close,Port Coquitlam,Yukon,K1B 3B2,Canada,928372965,James@country.com
William,Thomas,364,Angus L Macdonald Bridge,Port Coquitlam,Quebec,J0N 0Z3,Canada,236651074,William@company.com
Ethan,Williams,85,Aikenhead Road,Port Coquitlam,Nunavut,L0N 3J2,Canada,156964427,Ethan@company.com
Alexander,Brown,218,Barclay Avenue,North Vancouver,New Brunswick,L9R 0A0,Canada,643864777,Alexander@case.com
