First Name,Last Name,Street Number,Street,City,Province,Postal Code,Country,Phone Number,email Address
William,Williams,418,Balwearie Lane,Airdrie,Nova Scotia,H3J 3P2,Canada,513466302,William@right.com
"",Miller,421,Chebucto Road,Burnaby,New Brunswick,V8B 1P6,Canada,800239870,null@null
"",Davis,469,Cedar Street,Prince George,Manitoba,V8B 1P6,Canada,776914824,null@country.com
James,Wilson,21,Africville Road,Port Coquitlam,Northwest Territories,H9S 1R4,Canada,118864561,James@thing.com
William,Miller,343,Beresford Road,Montreal,Newfoundland and Labrador,N5C 2J8,Canada,461949147,William@lot.com
William,Thomas,277,Bakers Drive,Richmond Hill,Manitoba,E4M 2G2,Canada,281419886,William@room.com
"",Wilson,451,Brighton Avenue,Saguenay,Northwest Territories,N8A 0B3,Canada,1211644845,null@system.com
Jacob,Moore,107,Albion Road,Fredericton,Prince Edward Island,G0H 2P3,Canada,231247681,Jacob@work.com
Jacob,Jones,410,Basinview Drive,Kawartha Lakes,Prince Edward Island,E5V 3X5,Canada,236459914,Jacob@state.com
Mason,Thomas,474,Argyle Street,Thunder Bay,Prince Edward Island,B2E 0X4,Canada,733603982,Mason@school.com
Alexander,Miller,65,Belle Aire Terrace,Drummondville,Nunavut,L0N 3J2,Canada,1293404294,Alexander@child.com
Alexander,Jones,104,Bridget Avenue,New Westminster,Newfoundland and Labrador,"L4A 0T3 ",Canada,727750307,Alexander@part.com
Ethan,Jones,409,Alderwood Drive,Strathcona County,Prince Edward Island,G3E 2K4,Canada,1016167476,Ethan@right.com
Alexander,Anderson,180,Bower Road,Caledon,Newfoundland and Labrador,V8C 0S2,Canada,1141748845,Alexander@year.com
Jacob,,165,Annandale Street,Sarnia,Nunavut,N5C 2J8,Canada,768580135,Jacob@number.com
William,,239,Berlin Street,North Bay,New Brunswick,V8C 0S2,Canada,489602864,William@business.com
Mason,Moore,471,Ardwell Avenue,Ottawa,Northwest Territories,L3V 1Y8,Canada,1211124952,Mason@school.com
James,Thomas,92,Bishop Street,Oakville,Nunavut,,Canada,591112542,James@family.com
Mason,Moore,204,Bently Drive,Sherbrooke,Northwest Territories,N8H 2H6,Canada,1074008706,Mason@woman.com
"",Wilson,61,Belmont On The Arm,LÃ©vis,,E7E 3T7,Canada,619424439,null@group.com
Liam,Johnson,476,Africville Road,Mirabel,Newfoundland and Labrador,"B0T 0Y5 ",Canada,424604975,Liam@mother.com
Liam,Wilson,448,Cherry Lane,Belleville,British Columbia,E4S 3C4,Canada,1127748171,Liam@null
Ethan,Williams,252,Brook Street,Oakville,Nova Scotia,N8A 0B3,Canada,1139386832,Ethan@room.com
James,,163,Armstrong Court,Grande Prairie,Manitoba,T1L 2H8,Canada,1204766586,James@fact.com
Ethan,Wilson,120,Arlington Avenue,Burnaby,Nunavut,E7E 3T7,Canada,1304168482,Ethan@thing.com
Alexander,Thomas,108,Belmont Road,Nanaimo,Yukon,,Canada,440604706,Alexander@job.com
William,Anderson,230,Bright Street,Kingston,Nunavut,E7E 3T7,Canada,1103095118,William@week.com
James,Johnson,438,Bayne St Ramp,Oakville,Manitoba,B2E 0X4,Canada,478438243,James@question.com
James,Anderson,388,Arlington Avenue,North Bay,British Columbia,E7E 3T7,Canada,1044095547,James@woman.com
"",Thomas,199,Chartwell Lane,Laval,Nova Scotia,E5V 3X5,Canada,123897106,null@country.com
Alexander,Wilson,391,Bently Drive,Coquitlam,New Brunswick,E5V 3X5,Canada,354017424,Alexander@room.com
Alexander,Jones,137,Burgee Run,Welland,Nunavut,L9R 0A0,Canada,738400812,Alexander@world.com
William,Brown,448,Clayton Park Drive,Surrey,Northwest Territories,J1S 0R4,Canada,230182983,William@lot.com
Ethan,Miller,340,Africville Road,North Vancouver,British Columbia,"B0T 0Y5 ",Canada,323845923,Ethan@woman.com
"",Moore,447,Bridget Avenue,Aurora,Newfoundland and Labrador,N8H 2H6,Canada,1372840617,null@program.com
Liam,Thomas,220,Bilton Lane,North Vancouver,Northwest Territories,T1L 2H8,Canada,251271160,Liam@word.com
Ethan,Moore,288,Brewer Court,St. Catharines,New Brunswick,"L4A 0T3 ",Canada,948039456,Ethan@day.com
Ethan,Jackson,224,Berts Drive,Saint-JÃ©rÃ´me,New Brunswick,G0H 2P3,Canada,570417033,Ethan@year.com
