First Name,Last Name,Street Number,Street,City,Province,Postal Code,Country,Phone Number,email Address
Liam,Taylor,229,Barrington Street,Saguenay,Nunavut,V8C 0S2,Canada,439627928,Liam@family.com
William,Williams,351,Battery Drive,Caledon,Newfoundland and Labrador,"V1K 1V0 ",Canada,491415899,William@student.com
Jacob,Johnson,221,Cabot Back Lane,Milton,Northwest Territories,H0H 3C9,Canada,548065845,Jacob@child.com
James,Wilson,351,Church Street,Saint John,Yukon,E7E 3T7,Canada,1024752114,James@government.com
Jacob,Johnson,34,Alm-c Ramp,Barrie,Manitoba,E4M 2G2,Canada,477982187,Jacob@question.com
Jacob,Thomas,327,Albert Walker Drive,Saguenay,New Brunswick,K1B 3B2,Canada,476605050,Jacob@point.com
Ethan,Wilson,460,Chadwick Place,North Vancouver,Nova Scotia,B2E 0X4,Canada,1363626566,Ethan@case.com
Jacob,Jones,130,Cloverdale Road,St. Albert,New Brunswick,B2E 0X4,Canada,1377504442,Jacob@work.com
Jacob,Taylor,41,Albion Road,Trois-RiviÃ¨res,Prince Edward Island,B3V 2V1,Canada,1236266394,Jacob@word.com
Alexander,Brown,93,Athlone Avenue,Thunder Bay,Prince Edward Island,"V1K 1V0 ",Canada,490767511,Alexander@day.com
James,Jackson,324,Cairnwell Close,Newmarket,Yukon,"B0T 0Y5 ",Canada,809186926,James@lot.com
Jacob,,96,Brunswick Street,Cambridge,,H9S 1R4,Canada,912263432,Jacob@system.com
Jacob,,399,Canary Crescent,Brossard,Alberta,K1B 3B2,Canada,788414952,Jacob@story.com
Jacob,Johnson,378,Alm-a Ramp,Waterloo,Northwest Territories,G0H 2P3,Canada,214749929,Jacob@story.com
"",Wilson,26,Birchfield Crescent,Saguenay,Alberta,J0J 3V6,Canada,1277780839,null@place.com
Mason,Thomas,485,Blue Willow Court,Fredericton,New Brunswick,J1S 0R4,Canada,196681602,Mason@school.com
James,Johnson,9,Brackley Place,Saint-JÃ©rÃ´me,Nova Scotia,V8B 1P6,Canada,793095575,James@woman.com
Ethan,Davis,327,Chain Lake Drive,Waterloo,British Columbia,N4N 0B9,Canada,556655313,Ethan@Mr.com
Ethan,Miller,122,Anchor Drive,Victoria,Nunavut,,Canada,1027166825,Ethan@Mr.com
William,Brown,264,Belmont On The Arm,Saguenay,Prince Edward Island,L4A 0T0,Canada,875281891,William@case.com
Jacob,Moore,460,Auburn Avenue,New Westminster,Prince Edward Island,E5V 3X5,Canada,273481269,Jacob@family.com
Liam,Davis,301,Alton Drive,Markham,Saskatchewan,,Canada,1288564727,Liam@mother.com
"",Davis,305,Charles Street,Brampton,Saskatchewan,H3J 3P2,Canada,129726618,null@night.com
Mason,Jones,293,Charlton Avenue,Oshawa,New Brunswick,H3J 3P2,Canada,280973590,Mason@eye.com
