First Name,Last Name,Street Number,Street,City,Province,Postal Code,Country,Phone Number,email Address
Mason,Wilson,287,Chelton Woods Lane,Granby,Prince Edward Island,N8H 2H6,Canada,1125882069,Mason@Mr.com
James,Thomas,486,Chartwell Lane,Calgary,Saskatchewan,L3V 1Y8,Canada,994974676,James@case.com
William,Johnson,169,Carriageway Crescent,Moncton,Nunavut,"V1K 1V0 ",Canada,1218722320,William@book.com
Mason,Thomas,476,Aukland Place,Surrey,Newfoundland and Labrador,E7E 3T7,Canada,836943914,Mason@day.com
Liam,Taylor,11,Bonaventure Drive,Airdrie,Northwest Territories,V8C 0S2,Canada,100680841,Liam@story.com
"",Miller,179,Bently Drive,Calgary,Northwest Territories,E7E 3T7,Canada,699259485,null@point.com
Alexander,Jones,237,Bedford Row,Brantford,Manitoba,G3E 2K4,Canada,892779404,Alexander@job.com
James,Taylor,232,Bosun Run,Burnaby,Alberta,G6X 2L1,Canada,1356980615,James@man.com
Jacob,Anderson,203,Ascot Avenue,Richmond,Nova Scotia,H0H 3C9,Canada,734290847,Jacob@case.com
"",Wilson,112,,Fredericton,New Brunswick,V8C 0S2,Canada,171792483,null@study.com
Jacob,Anderson,197,Birch Cove Lane,Blainville,New Brunswick,N8H 2H6,Canada,1230248565,Jacob@part.com
Jacob,Miller,388,Bently Drive,Sault Ste. Marie,Nunavut,"B0T 0Y5 ",Canada,800539427,Jacob@country.com
Liam,Jones,356,Bermuda Avenue,Kawartha Lakes,Nova Scotia,"L4A 0T3 ",Canada,1283782185,Liam@time.com
William,Williams,269,Birch Cove Lane,Prince George,Northwest Territories,"L4A 0T3 ",Canada,125655830,William@world.com
James,Moore,166,Braeside Lane,Burlington,Newfoundland and Labrador,B3V 2V1,Canada,642315156,James@home.com
Liam,Taylor,68,Bedford Highway Ramp,Cape Breton,Nova Scotia,E4S 3C4,Canada,465079683,Liam@place.com
"",Taylor,51,Bromley Road,Montreal,Newfoundland and Labrador,L3V 1Y8,Canada,1371065271,null@woman.com
Ethan,Anderson,291,Bower Road,Windsor,Alberta,N8A 0B3,Canada,729240548,Ethan@story.com
Jacob,Williams,111,Benalder Lane,St. Catharines,Prince Edward Island,G3H 0B4,Canada,1388169627,Jacob@hand.com
Mason,Brown,187,Cedar Street,Saanich,Saskatchewan,E7E 3T7,Canada,810972046,Mason@lot.com
"",Anderson,311,Belmont On The Arm,Mississauga,Northwest Territories,L3V 1Y8,Canada,1063634183,null@child.com
William,Anderson,171,Blue Jay Street,Belleville,Prince Edward Island,"V1K 1V0 ",Canada,1176204708,William@part.com
