First Name,Last Name,Street Number,Street,City,Province,Postal Code,Country,Phone Number,email Address
"",Jones,280,Bayview Road,Mississauga,Nunavut,"B0T 0Y5 ",Canada,1239428199,null@story.com
"",Jones,192,Bilton Lane,Prince George,Alberta,E4S 3C4,Canada,789018258,null@money.com
Alexander,Thomas,313,Birkdale Crescent,Mississauga,Northwest Territories,H9S 1R4,Canada,1150844544,Alexander@number.com
"",Johnson,110,Carroll Lane,Oakville,Prince Edward Island,J0N 0Z3,Canada,819932112,null@day.com
Mason,Davis,271,Bryden Avenue,Regina,New Brunswick,G0H 2P3,Canada,491950177,Mason@family.com
Alexander,Wilson,101,Armcrescent East Drive,Surrey,British Columbia,E4M 2G2,Canada,1055326501,Alexander@money.com
William,Thomas,225,Ashton Lane,Granby,British Columbia,N8H 2H6,Canada,964228393,William@way.com
Jacob,Jones,136,Artz Street,Winnipeg,Northwest Territories,V8B 1P6,Canada,481125881,Jacob@thing.com
Ethan,Anderson,358,Cambridge Street,Grande Prairie,Newfoundland and Labrador,"B0T 0Y5 ",Canada,1372862757,Ethan@year.com
"",Jackson,205,Balwearie Lane,Norfolk County,Prince Edward Island,"L4A 0T3 ",Canada,1054592324,null@way.com
William,,410,Arvida Avenue,Burnaby,Saskatchewan,N5C 2J8,Canada,888931517,William@country.com
William,Taylor,3,Charles Street,Caledon,Nunavut,,Canada,657303867,William@water.com
Mason,Brown,176,Almon Street,Kingston,Manitoba,B2E 0X4,Canada,567677790,Mason@state.com
"",Miller,254,Alm-e Ramp,Quebec City,Alberta,L0N 3J2,Canada,1241317143,null@way.com
Ethan,,456,Abrams Way,Delta,Saskatchewan,E4S 3C4,Canada,971207079,Ethan@hand.com
Ethan,Davis,200,Abbott Drive,Guelph,British Columbia,B3V 2V1,Canada,827109186,Ethan@group.com
