First Name,Last Name,Street Number,Street,City,Province,Postal Code,Country,Phone Number,email Address
Mason,Brown,298,Beachstone Drive,Drummondville,Prince Edward Island,J9P 1C6,Canada,1215466010,Mason@home.com
Mason,Jones,383,Albert Place,Sault Ste. Marie,Nova Scotia,B2E 0X4,Canada,378161395,Mason@number.com
Alexander,Jackson,53,Alex Street,Montreal,Northwest Territories,"B0T 0Y5 ",Canada,1079344014,Alexander@way.com
"",Jones,254,Arvida Avenue,Drummondville,Prince Edward Island,V8C 0S2,Canada,581832430,null@fact.com
Ethan,Jackson,304,Annandale Street,Thunder Bay,Alberta,H3J 3P2,Canada,636032878,Ethan@home.com
Ethan,Thomas,106,Alma Crescent,New Westminster,New Brunswick,G6X 2L1,Canada,350135702,Ethan@school.com
Alexander,Thomas,351,Aukland Place,Saanich,Nova Scotia,J9T 3H4,Canada,1116818326,Alexander@child.com
Jacob,Jones,8,Carmichael Street,Airdrie,Saskatchewan,"B0T 0Y5 ",Canada,948779909,Jacob@case.com
Ethan,Jackson,287,Chipstone Close,Newmarket,Prince Edward Island,E5V 3X5,Canada,271182969,Ethan@money.com
Liam,Miller,352,Cartaret Street,Kawartha Lakes,Nunavut,L3V 1Y8,Canada,1345434850,Liam@story.com
James,Williams,155,Birchwood Drive,Strathcona County,Prince Edward Island,T1L 2H8,Canada,679291462,James@study.com
William,Jones,481,Brockhurst Close,Brantford,Northwest Territories,K1B 3B2,Canada,1182749660,William@system.com
"",Anderson,127,Amirault Court,St. Catharines,Alberta,L3V 1Y8,Canada,530936382,null@Mr.com
"",Thomas,154,Bedford Row,Grande Prairie,Alberta,L0N 3J2,Canada,693490724,null@program.com
"",Thomas,424,Carriageway Crescent,Caledon,Yukon,B3V 2V1,Canada,1231481948,null@life.com
James,Thomas,292,Bronson Avenue,Cape Breton,British Columbia,E7E 3T7,Canada,1074517262,James@job.com
"",Johnson,49,Armcrescent East Drive,Belleville,New Brunswick,N5C 2J8,Canada,1348688693,null@mother.com
Mason,Jones,410,Basinview Drive,Repentigny,Prince Edward Island,L4A 0T0,Canada,1395906171,Mason@case.com
Liam,Jones,470,Blue Thistle Road,Quebec City,Prince Edward Island,N8A 0B3,Canada,109572272,Liam@job.com
William,Davis,95,Brunswick Street,Red Deer,Prince Edward Island,L3V 1Y8,Canada,918843425,William@money.com
James,Davis,23,Aukland Place,Kamloops,Newfoundland and Labrador,K1B 3B2,Canada,1224797860,James@way.com
James,Williams,110,Caitland Court,Saint-JÃ©rÃ´me,Nunavut,V8C 0S2,Canada,142572601,James@school.com
Liam,Jackson,469,Berkshire Close,Sherbrooke,Saskatchewan,B2E 0X4,Canada,1323777010,Liam@group.com
William,Williams,284,Bedford Highway Ramp,Saint John,Alberta,G0H 2P3,Canada,197662499,William@case.com
"",Williams,492,Clayder Lane,Kitchener,Manitoba,L4A 0T0,Canada,354568652,null@week.com
Alexander,Thomas,341,Carnation Crescent,Delta,Manitoba,"V1K 1V0 ",Canada,1003651048,Alexander@day.com
Ethan,Williams,409,Armcrescent East Drive,Aurora,,B2E 0X4,Canada,226601000,Ethan@government.com
"",Wilson,235,Andrew Street,North Vancouver,New Brunswick,K1B 3B2,Canada,1267526386,null@time.com
Jacob,Davis,174,Beaufort Avenue,Sherbrooke,Nunavut,E7E 3T7,Canada,465250049,Jacob@money.com
Liam,Williams,446,Ascot Avenue,Guelph,Northwest Territories,J9P 1C6,Canada,490201734,Liam@home.com
"",Moore,42,Arnold Drive,Guelph,New Brunswick,B3V 2V1,Canada,1401133429,null@case.com
Alexander,Jones,416,Camelot Lane,Port Coquitlam,Manitoba,J0J 3V6,Canada,487846814,Alexander@place.com
"",Jones,258,Artillery Place,Saint-Jean-sur-Richelieu,Nunavut,L9R 0A0,Canada,731728381,null@people.com
Ethan,Taylor,91,Chessvale Close,Saskatoon,Nunavut,E4M 2G2,Canada,528689930,Ethan@people.com
James,Jackson,440,Battery Drive,Blainville,Nunavut,,Canada,1151453543,James@mother.com
William,Williams,70,Clinton Avenue,Sherbrooke,Alberta,N8H 2H6,Canada,334831446,William@student.com
