First Name,Last Name,Street Number,Street,City,Province,Postal Code,Country,Phone Number,email Address
Alexander,Thomas,326,Cambridge Street,Prince George,Saskatchewan,,Canada,931661371,Alexander@family.com
Mason,Taylor,492,Belmont On The Arm,Drummondville,Prince Edward Island,N8H 2H6,Canada,1169815333,Mason@week.com
Ethan,Davis,117,Centre Gate,Abbotsford,Prince Edward Island,L4A 0T0,Canada,1372898916,Ethan@room.com
"",Wilson,26,Amirault Court,Halifax,Saskatchewan,V8B 1P6,Canada,967882574,null@company.com
Jacob,Jackson,105,Amirault Court,Sault Ste. Marie,Yukon,"L4A 0T3 ",Canada,736248201,Jacob@woman.com
Mason,Jackson,351,Albert Walker Drive,Saint-Hyacinthe,Prince Edward Island,"L4A 0T3 ",Canada,1308434562,Mason@program.com
William,Johnson,62,Armview Avenue,Kawartha Lakes,Nunavut,E7E 3T7,Canada,1109101428,William@business.com
Ethan,Johnson,372,Ashton Lane,Kamloops,Northwest Territories,J0J 3V6,Canada,732787760,Ethan@system.com
Jacob,Moore,287,Chartwell Lane,Lethbridge,British Columbia,H9S 1R4,Canada,628303487,Jacob@null
