First Name,Last Name,Street Number,Street,City,Province,Postal Code,Country,Phone Number,email Address
"",Jackson,247,Bilton Lane,Medicine Hat,Newfoundland and Labrador,"V1K 1V0 ",Canada,1127736409,null@government.com
"",Johnson,486,Bedford Highway Ramp,Sherbrooke,Quebec,E7E 3T7,Canada,1208269976,null@program.com
James,Davis,183,"Alm-../../view.php?place=Alm-# Ramp, Halifax, ns, CANADA Ramp",Quebec City,Nunavut,V8B 1P6,Canada,137392300,James@right.com
Jacob,Wilson,424,Cambridge Street,Surrey,Prince Edward Island,J0N 0Z3,Canada,236646646,Jacob@case.com
"",Johnson,149,Birchwood Drive,Gatineau,Alberta,N8H 2H6,Canada,1104139878,null@home.com
James,Miller,493,Chelton Woods Lane,Trois-RiviÃ¨res,Quebec,E4M 2G2,Canada,164484649,James@life.com
Liam,Wilson,402,Beresford Road,Winnipeg,Prince Edward Island,E4M 2G2,Canada,814230668,Liam@mother.com
"",Wilson,372,Bilby Street,Saint-JÃ©rÃ´me,Prince Edward Island,J0N 0Z3,Canada,458172179,null@place.com
James,Thomas,313,Alm-b Ramp,Saguenay,Prince Edward Island,H9S 1R4,Canada,609582184,James@month.com
Alexander,Jones,405,Chisholm Avenue,Calgary,Prince Edward Island,L0N 3J2,Canada,589663164,Alexander@right.com
Jacob,Johnson,177,Catamaran Road,Grande Prairie,Alberta,E4M 2G2,Canada,1377499014,Jacob@day.com
"",Thomas,95,Amberwood Court,Halton Hills,Northwest Territories,,Canada,1362240444,null@case.com
Alexander,Brown,244,Birkdale Crescent,Fredericton,Manitoba,H9S 1R4,Canada,1022692193,Alexander@system.com
Liam,Anderson,458,Caitland Court,Grande Prairie,Saskatchewan,N8A 0B3,Canada,118141709,Liam@program.com
Alexander,,187,Angus L Macdonald Bridge,North Vancouver,Quebec,E4M 2G2,Canada,562750676,Alexander@state.com
Mason,Thomas,236,Chain Rock Drive,Sarnia,Prince Edward Island,J0N 0Z3,Canada,1380616554,Mason@lot.com
"",,102,Belmont On The Arm,Halton Hills,Northwest Territories,J1S 0R4,Canada,1324132572,null@Mr.com
Alexander,Jones,308,Catamaran Road,Cambridge,Nova Scotia,B2E 0X4,Canada,754534979,Alexander@right.com
