First Name,Last Name,Street Number,Street,City,Province,Postal Code,Country,Phone Number,email Address
Liam,Johnson,118,Chelsea Lane,Airdrie,New Brunswick,G6X 2L1,Canada,1052205967,Liam@group.com
Liam,Brown,149,Claremont Street,Repentigny,New Brunswick,N8H 2H6,Canada,152225047,Liam@case.com
William,Moore,437,Annandale Street,Niagara Falls,Alberta,B3V 2V1,Canada,1177289440,William@Mr.com
Mason,Wilson,93,Agricola Street,Montreal,Northwest Territories,J9T 3H4,Canada,496826492,Mason@eye.com
"",Johnson,214,Cardiff Place,Brampton,Prince Edward Island,L4A 0T0,Canada,430602449,null@point.com
"",Johnson,59,Bluestone Road,Peterborough,Alberta,E4M 2G2,Canada,285936387,null@people.com
Ethan,Miller,109,Ballantrae Lane,Saint John,New Brunswick,J9P 1C6,Canada,196063957,Ethan@place.com
Alexander,Jones,16,Birch Cove Lane,Prince George,Alberta,H0H 3C9,Canada,238937850,Alexander@job.com
"",Williams,153,Circle Drive,Burlington,Northwest Territories,B3V 2V1,Canada,697560519,null@country.com
"",Moore,279,Brockhurst Close,Halton Hills,Yukon,H3J 3P2,Canada,1352091793,null@business.com
Mason,Jackson,475,Agricola Street,Chilliwack,Nova Scotia,J9P 1C6,Canada,415465579,Mason@woman.com
Jacob,Wilson,181,Aikens Avenue,Granby,Newfoundland and Labrador,N5C 2J8,Canada,576148373,Jacob@government.com
Alexander,,224,Clayder Lane,Kingston,Prince Edward Island,V8C 0S2,Canada,365022671,Alexander@woman.com
Alexander,Williams,492,"Alm-../../view.php?place=Alm-# Ramp, Halifax, ns, CANADA Ramp",Grande Prairie,Manitoba,E5V 3X5,Canada,1312002451,Alexander@study.com
William,Miller,358,Arnold Drive,Milton,Prince Edward Island,B2E 0X4,Canada,543007529,William@country.com
Mason,Jackson,409,Boscobel Road,Saint-Jean-sur-Richelieu,Nova Scotia,"B0T 0Y5 ",Canada,142577782,Mason@null
Mason,Jones,123,Cedar Street,Sherbrooke,Alberta,J9P 1C6,Canada,971730652,Mason@man.com
"",Thomas,233,Alma Crescent,St. John's,New Brunswick,L4A 0T0,Canada,410224418,null@system.com
"",Williams,302,Alex Street,Montreal,Nova Scotia,,Canada,1236432448,null@thing.com
William,Wilson,468,Boulderwood Road,Prince George,Prince Edward Island,H3J 3P2,Canada,1138932119,William@eye.com
Alexander,Miller,399,Bedford Windsor Ramp,Trois-RiviÃ¨res,,T1L 2H8,Canada,206629005,Alexander@school.com
James,Johnson,329,Circle Drive,Red Deer,Saskatchewan,E5V 3X5,Canada,230390514,James@school.com
"",Wilson,292,Brenton Street,Victoria,Saskatchewan,L3V 1Y8,Canada,244160062,null@room.com
Liam,Moore,211,Cabot Place,Kamloops,Northwest Territories,J0J 3V6,Canada,1304866425,Liam@school.com
James,Thomas,72,Arlington Avenue,Halifax,Nunavut,G3E 2K4,Canada,376108370,James@school.com
