First Name,Last Name,Street Number,Street,City,Province,Postal Code,Country,Phone Number,email Address
"",Jackson,65,Birmingham Street,Mirabel,Prince Edward Island,N4N 0B9,Canada,780417989,null@hand.com
"",Johnson,362,Chestnut Street,Airdrie,Nova Scotia,N8H 2H6,Canada,978217373,null@job.com
Mason,Wilson,92,Bristol Place,Cape Breton,Alberta,H3J 3P2,Canada,185835042,Mason@point.com
Jacob,Jones,212,Carlton Street,Guelph,Manitoba,J0J 3V6,Canada,683162232,Jacob@book.com
Jacob,Thomas,414,Birches Drive,St. Albert,Newfoundland and Labrador,"B0T 0Y5 ",Canada,545303760,Jacob@night.com
James,Brown,352,Cairnwell Close,Airdrie,Nova Scotia,J9T 3H4,Canada,986611968,James@story.com
James,Jones,50,Bluestone Road,Brantford,Newfoundland and Labrador,G0H 2P3,Canada,347423984,James@school.com
Alexander,Moore,234,Cartaret Street,Mississauga,Prince Edward Island,L3V 1Y8,Canada,686760040,Alexander@business.com
Jacob,Jones,12,Basinview Drive,Regina,Alberta,"B0T 0Y5 ",Canada,506873869,Jacob@water.com
Jacob,Jones,406,Clearview Street,Kingston,Newfoundland and Labrador,B3V 2V1,Canada,1192353380,Jacob@group.com
