First Name,Last Name,Street Number,Street,City,Province,Postal Code,Country,Phone Number,email Address
Mason,Jones,297,Bermuda Avenue,Milton,Northwest Territories,E7E 3T7,Canada,419436453,Mason@world.com
Liam,Wilson,485,Birchfield Crescent,Caledon,New Brunswick,B2E 0X4,Canada,677889442,Liam@student.com
"",Anderson,386,Briar Lane,Brantford,Nunavut,H9S 1R4,Canada,888421785,null@story.com
Jacob,Wilson,421,Cedarbank Terrace,,Northwest Territories,G0H 2P3,Canada,674268368,Jacob@woman.com
"",Brown,430,Chocolate Lake Road,Brantford,Quebec,B3V 2V1,Canada,665275224,null@place.com
Ethan,Wilson,72,Canary Crescent,Norfolk County,Newfoundland and Labrador,E5V 3X5,Canada,849238737,Ethan@home.com
"",Anderson,417,Canary Crescent,Caledon,Prince Edward Island,H9S 1R4,Canada,624618553,null@school.com
Jacob,Anderson,123,Briar Place,Saint John,Yukon,L0N 3J2,Canada,577914912,Jacob@story.com
William,Jones,124,Bison Crescent,Cape Breton,Northwest Territories,,Canada,992468280,William@way.com
Mason,Jackson,160,Bison Crescent,Whitby,Saskatchewan,T1L 2H8,Canada,1132329157,Mason@time.com
"",Jackson,182,Albert Walker Drive,Port Coquitlam,Newfoundland and Labrador,"V1K 1V0 ",Canada,132363161,null@government.com
Liam,Thomas,433,Bayers Road,Fredericton,New Brunswick,V8B 1P6,Canada,576704225,Liam@people.com
"",,297,Brewer Court,Saguenay,Newfoundland and Labrador,H0H 3C9,Canada,130604267,null@study.com
Ethan,Jones,206,Chessvale Close,Markham,Alberta,J1S 0R4,Canada,1226777931,Ethan@lot.com
Alexander,Jones,67,Brenton Street,Abbotsford,Nunavut,N8A 0B3,Canada,922577438,Alexander@group.com
William,Jones,428,Alex Street,Mirabel,Yukon,"V1K 1V0 ",Canada,1405972552,William@week.com
Ethan,,170,Chipstone Close,Barrie,Quebec,H3J 3P2,Canada,264528409,Ethan@state.com
James,Moore,179,Clinton Avenue,London,Nova Scotia,B2E 0X4,Canada,412252755,James@mother.com
Jacob,Johnson,267,Blowers Street,Thunder Bay,Yukon,T1L 2H8,Canada,272758345,Jacob@question.com
"",Thomas,7,Chain Lake Drive,Windsor,British Columbia,G3H 0B4,Canada,1394811297,null@country.com
James,Johnson,358,Barclay Avenue,Kamloops,Nunavut,N8A 0B3,Canada,540084511,James@Mr.com
Ethan,Johnson,122,Albert Street,Peterborough,Saskatchewan,"B0T 0Y5 ",Canada,1148443568,Ethan@woman.com
Ethan,Johnson,400,Auburn Avenue,Windsor,British Columbia,,Canada,1136105426,Ethan@question.com
James,Jones,163,Chebucto Lane,Chilliwack,Northwest Territories,J9P 1C6,Canada,1025165264,James@day.com
William,Jones,303,Centre Gate,Sault Ste. Marie,Northwest Territories,E4M 2G2,Canada,701135104,William@program.com
William,Williams,298,Cascade Drive,New Westminster,Northwest Territories,"L4A 0T3 ",Canada,663669046,William@government.com
Alexander,Jones,432,Blink Bonnie Terrace,Drummondville,Prince Edward Island,T1L 2H8,Canada,1281777216,Alexander@part.com
Ethan,Davis,482,Bryden Avenue,Sherbrooke,Northwest Territories,G3H 0B4,Canada,345792924,Ethan@point.com
Ethan,Wilson,90,Alm-c Ramp,Delta,Newfoundland and Labrador,L3V 1Y8,Canada,1301257228,Ethan@world.com
Alexander,Miller,248,Brycedale Lane,Guelph,,H3J 3P2,Canada,1114863017,Alexander@man.com
"",Taylor,300,Birchwood Drive,Brossard,Nova Scotia,E5V 3X5,Canada,522553158,null@group.com
Mason,Jackson,227,Cairnwell Close,Saint-Jean-sur-Richelieu,Quebec,L0N 3J2,Canada,734461861,Mason@number.com
Ethan,Taylor,125,Belle Aire Terrace,London,Saskatchewan,V8B 1P6,Canada,360502500,Ethan@people.com
Liam,Anderson,227,Bobolink Street,Kawartha Lakes,Northwest Territories,G3E 2K4,Canada,1026181469,Liam@question.com
