First Name,Last Name,Street Number,Street,City,Province,Postal Code,Country,Phone Number,email Address
Jacob,Davis,258,Bedford Highway Ramp,Hamilton,Alberta,N8A 0B3,Canada,647386998,Jacob@mother.com
Mason,Wilson,128,Clifton Street,Cambridge,Northwest Territories,J0N 0Z3,Canada,1373923298,Mason@number.com
Alexander,Johnson,371,Blue Jay Street,Sault Ste. Marie,Manitoba,G6X 2L1,Canada,903957141,Alexander@number.com
William,Moore,500,Apollo Court,Medicine Hat,Nova Scotia,H0H 3C9,Canada,139456949,William@thing.com
Mason,Taylor,130,Chocolate Lake Road,Kawartha Lakes,Alberta,"B0T 0Y5 ",Canada,1046883181,Mason@group.com
Liam,Brown,288,Alm-a Ramp,Sault Ste. Marie,Newfoundland and Labrador,V8B 1P6,Canada,845334890,Liam@question.com
Ethan,Williams,359,Bison Crescent,New Westminster,Nova Scotia,V8B 1P6,Canada,1063677109,Ethan@right.com
Alexander,Miller,446,Blenheim Terrace,St. Albert,British Columbia,T1L 2H8,Canada,1349535837,Alexander@null
William,Johnson,176,Birmingham Street,Welland,Northwest Territories,E4S 3C4,Canada,1244136764,William@business.com
Alexander,Wilson,147,Catamaran Road,Richmond Hill,Nunavut,T1L 2H8,Canada,1105883337,Alexander@system.com
William,Anderson,492,Ash Lake Court,North Vancouver,Manitoba,K1B 3B2,Canada,464453142,William@government.com
Ethan,Jackson,494,Blue Jay Street,Red Deer,New Brunswick,G0H 2P3,Canada,1291904526,Ethan@eye.com
William,Williams,17,Cherry Lane,Richmond Hill,Alberta,B2E 0X4,Canada,728306753,William@book.com
William,,202,Cedarbank Terrace,Brantford,Nunavut,T1L 2H8,Canada,497377607,William@null
Ethan,Wilson,78,Birchview Drive,Guelph,New Brunswick,G0H 2P3,Canada,146866397,Ethan@system.com
William,Moore,418,Bloomingdale Terrace,Nanaimo,New Brunswick,E4S 3C4,Canada,1210113812,William@government.com
Ethan,Anderson,436,Auburn Avenue,Winnipeg,Prince Edward Island,E7E 3T7,Canada,1247730046,Ethan@point.com
Jacob,,488,Catamaran Road,Kawartha Lakes,Nova Scotia,G3E 2K4,Canada,149329761,Jacob@story.com
