First Name,Last Name,Street Number,Street,City,Province,Postal Code,Country,Phone Number,email Address
Ethan,Wilson,241,Battery Drive,Blainville,Alberta,B3V 2V1,Canada,746406333,Ethan@system.com
"",Wilson,5,Ardwell Avenue,Burlington,Nunavut,,Canada,457777504,null@woman.com
Alexander,Brown,355,Beresford Road,Welland,New Brunswick,L0N 3J2,Canada,1091361805,Alexander@job.com
"",Thomas,216,Argyle Street,Norfolk County,New Brunswick,G6X 2L1,Canada,846658497,null@man.com
James,Taylor,339,Blue Thistle Road,Victoria,Prince Edward Island,L4A 0T0,Canada,321606634,James@family.com
"",Johnson,97,Bell Road,Saint John,Nunavut,T1L 2H8,Canada,164636632,null@people.com
Alexander,,302,Albert Walker Drive,Winnipeg,Alberta,J1S 0R4,Canada,1398481748,Alexander@system.com
Alexander,Wilson,44,Beachstone Drive,Maple Ridge,British Columbia,G6X 2L1,Canada,341007211,Alexander@state.com
Mason,Moore,479,Brenton Place,Oshawa,New Brunswick,N4N 0B9,Canada,133767162,Mason@night.com
William,,110,Armcrescent West Avenue,Medicine Hat,Yukon,J9P 1C6,Canada,181498152,William@year.com
Mason,Jackson,165,Bedford Highway Ramp,Saint-JÃ©rÃ´me,Northwest Territories,E5V 3X5,Canada,1090832763,Mason@study.com
William,Wilson,203,Arvida Avenue,Medicine Hat,Nova Scotia,E5V 3X5,Canada,1123246474,William@right.com
Ethan,Jones,370,Balwearie Lane,Port Coquitlam,Nova Scotia,"B0T 0Y5 ",Canada,576871052,Ethan@job.com
William,Johnson,114,Buffers Lane,Aurora,New Brunswick,V8C 0S2,Canada,977890847,William@night.com
Ethan,Jackson,235,Cairnwell Close,Blainville,British Columbia,L3V 1Y8,Canada,1341277422,Ethan@point.com
James,Wilson,452,Albemarle Street,Sault Ste. Marie,Nova Scotia,L4A 0T0,Canada,779371515,James@group.com
Ethan,,226,Braeside Lane,Welland,Prince Edward Island,N8H 2H6,Canada,202251352,Ethan@case.com
Alexander,Jackson,104,Anchor Drive,Red Deer,Prince Edward Island,H9S 1R4,Canada,799989593,Alexander@mother.com
Ethan,,151,Cherry Street,LÃ©vis,Saskatchewan,H9S 1R4,Canada,453314842,Ethan@part.com
Mason,Anderson,285,Cabot Street,London,Nunavut,V8C 0S2,Canada,452560113,Mason@number.com
"",Wilson,119,Cardiff Place,Mississauga,Alberta,V8C 0S2,Canada,659618453,null@book.com
