First Name,Last Name,Street Number,Street,City,Province,Postal Code,Country,Phone Number,email Address
James,Thomas,162,Burgee Run,Guelph,Manitoba,J9P 1C6,Canada,266883289,James@job.com
Jacob,Taylor,22,Clovis Avenue,Fredericton,New Brunswick,N5C 2J8,Canada,1000925565,Jacob@state.com
Alexander,Jackson,494,Atlantic Street,Surrey,Prince Edward Island,G3E 2K4,Canada,1177883539,Alexander@program.com
Alexander,Jones,224,Chipstone Close,Coquitlam,New Brunswick,E5V 3X5,Canada,389646161,Alexander@problem.com
"",,453,Archibald Avenue,Drummondville,Prince Edward Island,V8C 0S2,Canada,1287980138,null@way.com
Jacob,,326,Bedford Highway,Sault Ste. Marie,Newfoundland and Labrador,H0H 3C9,Canada,710757911,Jacob@week.com
Alexander,Miller,39,Benalder Lane,Caledon,British Columbia,J9T 3H4,Canada,555311310,Alexander@word.com
Alexander,Wilson,103,Armcrescent East Drive,Hamilton,Prince Edward Island,L9R 0A0,Canada,621981993,Alexander@book.com
Jacob,Brown,166,Carroll Lane,Windsor,Newfoundland and Labrador,V8B 1P6,Canada,267442946,Jacob@country.com
Ethan,Wilson,175,Arvida Avenue,North Vancouver,Alberta,L0N 3J2,Canada,1313269207,Ethan@number.com
Jacob,Thomas,98,Brenton Place,Edmonton,Prince Edward Island,B3V 2V1,Canada,1072048599,Jacob@book.com
"",Davis,404,Cedarbrae Lane,Red Deer,Northwest Territories,"V1K 1V0 ",Canada,674677515,null@family.com
Liam,Jackson,222,Bedros Lane,,Alberta,B3V 2V1,Canada,1113767284,Liam@book.com
Ethan,Brown,27,Church Street,Lethbridge,Northwest Territories,E7E 3T7,Canada,1260618033,Ethan@life.com
"",Williams,256,Almon Street,Cambridge,Prince Edward Island,J0N 0Z3,Canada,493841339,null@child.com
"",Johnson,382,Attenborough Court,Drummondville,Newfoundland and Labrador,N5C 2J8,Canada,449884108,null@lot.com
Alexander,Davis,156,Andrew Street,Saint-JÃ©rÃ´me,Northwest Territories,E5V 3X5,Canada,673639836,Alexander@business.com
Alexander,,20,Bell Road,Fredericton,Nunavut,G3E 2K4,Canada,1171605651,Alexander@man.com
"",Williams,105,Basinview Drive,Blainville,Prince Edward Island,E4S 3C4,Canada,1046636268,null@school.com
William,Brown,469,Cabot Place,Cape Breton,Yukon,N8A 0B3,Canada,137418526,William@world.com
Ethan,Davis,269,Bedford Windsor Ramp,Surrey,Nunavut,L4A 0T0,Canada,534448515,Ethan@Mr.com
Liam,Thomas,344,Attenborough Court,Red Deer,Yukon,"L4A 0T3 ",Canada,247219407,Liam@people.com
Mason,Wilson,381,Churchill Drive,North Bay,Nunavut,E4S 3C4,Canada,860216462,Mason@room.com
"",Brown,346,Bloomingdale Terrace,Lethbridge,Nova Scotia,T1L 2H8,Canada,316094311,null@place.com
James,Miller,321,Beresford Road,Norfolk County,Saskatchewan,E5V 3X5,Canada,1018097112,James@home.com
"",Taylor,459,Belle Aire Terrace,Sault Ste. Marie,Yukon,J0J 3V6,Canada,1075833048,null@day.com
Liam,Moore,308,Allan Street,Belleville,Northwest Territories,,Canada,1039888412,Liam@job.com
Mason,Wilson,229,Clayder Lane,North Vancouver,Alberta,G3E 2K4,Canada,1183082164,Mason@way.com
Mason,,54,Bloomfield Street,Sherbrooke,Manitoba,J0N 0Z3,Canada,1207548704,Mason@government.com
Alexander,Brown,461,Blue Willow Court,Granby,Nunavut,J9T 3H4,Canada,930876083,Alexander@null
William,Thomas,223,Binney Street,Victoria,Alberta,N8A 0B3,Canada,1065249894,William@company.com
Liam,Davis,51,Argyle Street,Mississauga,Nova Scotia,K1B 3B2,Canada,236940497,Liam@job.com
Mason,Williams,110,Church Street,Saint John,Prince Edward Island,B3V 2V1,Canada,1194973215,Mason@world.com
James,,154,Chessvale Close,Halton Hills,Quebec,N8A 0B3,Canada,281627756,James@way.com
"",,37,Bliss Street,Prince George,British Columbia,J0N 0Z3,Canada,1287381550,null@water.com
Jacob,Jackson,137,Aikens Avenue,Langley,Northwest Territories,,Canada,699866062,Jacob@people.com
Jacob,Jones,213,Battery Drive,Wood Buffalo,Prince Edward Island,,Canada,500475321,Jacob@business.com
Alexander,Jones,499,Bayview Road,Surrey,Yukon,N8H 2H6,Canada,262497157,Alexander@woman.com
William,Wilson,354,Athlone Avenue,Kawartha Lakes,Saskatchewan,N8A 0B3,Canada,912244916,William@home.com
Ethan,Anderson,301,Birchfield Crescent,Milton,Prince Edward Island,B2E 0X4,Canada,1053951630,Ethan@state.com
"",Miller,499,Anchor Drive,Welland,New Brunswick,"V1K 1V0 ",Canada,1394794521,null@water.com
