First Name,Last Name,Street Number,Street,City,Province,Postal Code,Country,Phone Number,email Address
"",Johnson,446,Chipstone Close,Sault Ste. Marie,Prince Edward Island,V8C 0S2,Canada,166521202,null@group.com
Mason,Wilson,356,Barracks Drive,Drummondville,Nova Scotia,L9R 0A0,Canada,623622000,Mason@world.com
"",Williams,190,Chestnut Street,Strathcona County,,N8A 0B3,Canada,1310313119,null@thing.com
Jacob,Wilson,381,Canterbury Close,North Vancouver,Yukon,J9T 3H4,Canada,809743048,Jacob@child.com
Alexander,Jones,287,Bridget Avenue,Sherbrooke,Nova Scotia,L3V 1Y8,Canada,289326803,Alexander@room.com
Liam,Johnson,231,Bond Street,Guelph,Yukon,T1L 2H8,Canada,1378032219,Liam@company.com
"",Thomas,95,Barkton Lane,Port Coquitlam,Alberta,H9S 1R4,Canada,1386855589,null@water.com
Mason,Miller,426,Armcrescent West Avenue,Kitchener,Saskatchewan,"L4A 0T3 ",Canada,471426371,Mason@thing.com
Mason,Moore,436,Bilby Street,Saint John,New Brunswick,,Canada,1300024123,Mason@room.com
Ethan,,349,Amberwood Court,Cambridge,Saskatchewan,L0N 3J2,Canada,1102251344,Ethan@week.com
Ethan,Wilson,256,Amirault Court,Guelph,Newfoundland and Labrador,H3J 3P2,Canada,239394994,Ethan@day.com
Mason,Anderson,23,Campbell Drive,Sault Ste. Marie,Prince Edward Island,B2E 0X4,Canada,1394209932,Mason@book.com
William,Jones,248,Admirals Way,Sault Ste. Marie,Nunavut,J1S 0R4,Canada,853713664,William@word.com
