First Name,Last Name,Street Number,Street,City,Province,Postal Code,Country,Phone Number,email Address
William,Jones,371,Albemarle Street,Waterloo,New Brunswick,N5C 2J8,Canada,1112964478,William@year.com
Alexander,Moore,7,Claymore Avenue,Cape Breton,Quebec,J9P 1C6,Canada,402929968,Alexander@country.com
"",Miller,273,Aukland Place,Brantford,Nunavut,L3V 1Y8,Canada,281261471,null@mother.com
Ethan,Jones,219,Angus L Macdonald Bridge,Sault Ste. Marie,Prince Edward Island,L9R 0A0,Canada,534392844,Ethan@family.com
"",Miller,63,Auburn Avenue,Repentigny,Yukon,G0H 2P3,Canada,1266440432,null@story.com
Liam,Moore,382,Birchview Drive,New Westminster,Quebec,"L4A 0T3 ",Canada,1115501877,Liam@thing.com
Liam,,102,Anchor Drive,Coquitlam,Prince Edward Island,J9P 1C6,Canada,364876789,Liam@government.com
James,Brown,77,Ashburn Avenue,Windsor,Newfoundland and Labrador,L3V 1Y8,Canada,1039278306,James@program.com
Ethan,Moore,227,Carlina Court,Chilliwack,Alberta,J1S 0R4,Canada,456387075,Ethan@part.com
"",Wilson,326,Basinview Drive,Chilliwack,Northwest Territories,L3V 1Y8,Canada,550209005,null@thing.com
