First Name,Last Name,Street Number,Street,City,Province,Postal Code,Country,Phone Number,email Address
"",Moore,45,Berts Drive,Prince George,Nunavut,"L4A 0T3 ",Canada,1141112401,null@number.com
Ethan,Jones,203,Birchview Drive,Richmond,Newfoundland and Labrador,E5V 3X5,Canada,304443947,Ethan@month.com
William,Wilson,212,Artz Street,Repentigny,Yukon,N8A 0B3,Canada,788629055,William@book.com
Mason,Williams,74,Cavendish Road,Caledon,Northwest Territories,L0N 3J2,Canada,1074246999,Mason@null
Alexander,Wilson,279,Canary Crescent,Repentigny,Nunavut,T1L 2H8,Canada,1337458316,Alexander@life.com
Liam,Brown,121,Altavista Lane,Whitby,Saskatchewan,J1S 0R4,Canada,177795923,Liam@hand.com
William,Wilson,60,Ashdale Avenue,Sherbrooke,New Brunswick,J1S 0R4,Canada,512100192,William@place.com
Ethan,,282,Adelaide Avenue,Granby,Yukon,"L4A 0T3 ",Canada,801280237,Ethan@state.com
James,Wilson,476,Birmingham Street,Kingston,Yukon,G6X 2L1,Canada,1263038958,James@word.com
Mason,Wilson,115,Adams Avenue,Milton,Yukon,E7E 3T7,Canada,766396011,Mason@word.com
William,Jones,41,Alm-e Ramp,Aurora,Nunavut,L0N 3J2,Canada,1025685357,William@country.com
William,Jones,321,Alm-a Ramp,Oakville,Prince Edward Island,J9P 1C6,Canada,682134317,William@day.com
Mason,Taylor,236,Boscobel Road,Saint John,Nunavut,E5V 3X5,Canada,351300031,Mason@student.com
Alexander,Thomas,191,Blink Bonnie Terrace,Waterloo,Manitoba,V8C 0S2,Canada,496643446,Alexander@group.com
Ethan,Anderson,292,Albert Place,Repentigny,British Columbia,N5C 2J8,Canada,1168610520,Ethan@government.com
Liam,,45,Burns Drive,Newmarket,Northwest Territories,"L4A 0T3 ",Canada,822218058,Liam@day.com
Ethan,Williams,429,Admirals Way,Sault Ste. Marie,Prince Edward Island,V8B 1P6,Canada,762544606,Ethan@word.com
Liam,Moore,37,Amirault Court,Thunder Bay,Manitoba,J9P 1C6,Canada,509495320,Liam@country.com
William,Davis,322,Barrington Street,North Vancouver,Prince Edward Island,K1B 3B2,Canada,983332048,William@thing.com
Jacob,Anderson,139,Chessvale Close,Barrie,Alberta,H0H 3C9,Canada,1216526142,Jacob@fact.com
Liam,Brown,229,Alm-d Ramp,Greater Sudbury,New Brunswick,L9R 0A0,Canada,870932012,Liam@day.com
Alexander,Davis,411,Alm-a Ramp,Cape Breton,Prince Edward Island,L9R 0A0,Canada,360075356,Alexander@question.com
"",Wilson,184,Chelsea Lane,Quebec City,Prince Edward Island,V8B 1P6,Canada,123746591,null@book.com
Mason,Thomas,374,Brook Street,Regina,Quebec,V8B 1P6,Canada,112514763,Mason@case.com
William,Wilson,24,Brenton Place,Quebec City,Northwest Territories,V8B 1P6,Canada,317613092,William@program.com
James,,141,Binney Street,Milton,Prince Edward Island,N4N 0B9,Canada,999138579,James@life.com
James,Moore,17,Borden Street,Winnipeg,British Columbia,"V1K 1V0 ",Canada,629065384,James@world.com
Ethan,Johnson,290,Charlotte Lane,Saint-Jean-sur-Richelieu,Northwest Territories,G3H 0B4,Canada,344616607,Ethan@night.com
Ethan,Taylor,430,Cedar Street,,Alberta,J9T 3H4,Canada,505641110,Ethan@month.com
Liam,Jackson,64,Armcrescent East Drive,Delta,Quebec,L9R 0A0,Canada,1263808899,Liam@job.com
William,Thomas,491,Bright Place,Port Coquitlam,Nova Scotia,N8A 0B3,Canada,256245528,William@company.com
Jacob,Taylor,174,Barracks Drive,Wood Buffalo,Nova Scotia,"B0T 0Y5 ",Canada,739854703,Jacob@woman.com
Alexander,Wilson,285,Castle Hill Drive,Victoria,Alberta,H0H 3C9,Canada,668009644,Alexander@month.com
Mason,Jones,356,Birch Cove Lane,Port Coquitlam,New Brunswick,H3J 3P2,Canada,1350947205,Mason@time.com
"",Thomas,98,Benalder Lane,Chilliwack,Northwest Territories,N5C 2J8,Canada,1199925573,null@word.com
James,Anderson,379,Cabot Place,Surrey,Alberta,L9R 0A0,Canada,1365322250,James@point.com
"",Jones,371,Ashton Lane,London,Nunavut,H9S 1R4,Canada,428030037,null@story.com
"",Williams,211,Armcrescent East Drive,Pickering,Prince Edward Island,"V1K 1V0 ",Canada,271058901,null@fact.com
William,Thomas,318,Berts Drive,Nanaimo,Quebec,E4M 2G2,Canada,842683317,William@fact.com
Mason,Taylor,75,Chisholm Avenue,Kelowna,Newfoundland and Labrador,E5V 3X5,Canada,1341432954,Mason@week.com
Alexander,Brown,307,Anchor Drive,Vaughan,British Columbia,B3V 2V1,Canada,658250479,Alexander@government.com
