First Name,Last Name,Street Number,Street,City,Province,Postal Code,Country,Phone Number,email Address
Liam,Wilson,403,Armoury Place,Saint-JÃ©rÃ´me,Quebec,N8A 0B3,Canada,997717216,Liam@school.com
Alexander,Johnson,135,Abbott Drive,Cape Breton,Northwest Territories,B3V 2V1,Canada,801758419,Alexander@question.com
"",Williams,60,Cardiff Place,Niagara Falls,Nova Scotia,J1S 0R4,Canada,1312692546,null@question.com
William,Taylor,2,Balmoral Road,Airdrie,Quebec,N5C 2J8,Canada,418154891,William@world.com
Alexander,Taylor,122,Brunswick Street,Welland,Prince Edward Island,G3E 2K4,Canada,1032003204,Alexander@word.com
