First Name,Last Name,Street Number,Street,City,Province,Postal Code,Country,Phone Number,email Address
Jacob,Wilson,142,Ashton Lane,Brantford,Prince Edward Island,V8C 0S2,Canada,1296692160,Jacob@study.com
James,Jones,326,Brunswick Street,Mississauga,Saskatchewan,"B0T 0Y5 ",Canada,275628763,James@government.com
James,,153,Centre Gate,Cape Breton,Prince Edward Island,G3H 0B4,Canada,755817577,James@student.com
Ethan,Thomas,274,Clearview Street,Cape Breton,Prince Edward Island,G6X 2L1,Canada,208567166,Ethan@woman.com
"",Moore,107,Bromley Road,Oakville,Newfoundland and Labrador,E4M 2G2,Canada,559216168,null@night.com
"",Moore,406,Allan Street,Medicine Hat,Yukon,T1L 2H8,Canada,457543348,null@way.com
Ethan,Moore,484,Buffers Lane,Grande Prairie,New Brunswick,L9R 0A0,Canada,1305309398,Ethan@hand.com
"",Davis,164,Barkton Lane,North Vancouver,Nova Scotia,J9P 1C6,Canada,126466872,null@hand.com
