First Name,Last Name,Street Number,Street,City,Province,Postal Code,Country,Phone Number,email Address
William,Anderson,337,Albert Place,Waterloo,Nova Scotia,L3V 1Y8,Canada,470351749,William@fact.com
"",Jones,300,Birch Street,Burnaby,Alberta,E4M 2G2,Canada,176143247,null@people.com
Alexander,Jackson,150,Artz Street,Medicine Hat,Nunavut,E5V 3X5,Canada,1240066972,Alexander@time.com
Liam,Brown,158,Apollo Court,Mississauga,Prince Edward Island,L4A 0T0,Canada,102554216,Liam@lot.com
Alexander,Williams,319,Bryden Avenue,Prince George,New Brunswick,"V1K 1V0 ",Canada,1216179878,Alexander@hand.com
Liam,Thomas,445,Arthur Street,Thunder Bay,New Brunswick,H9S 1R4,Canada,546190891,Liam@home.com
"",Taylor,140,Bristol Place,Sherbrooke,Quebec,E4S 3C4,Canada,777850666,null@month.com
William,Brown,402,Alex Street,Windsor,Saskatchewan,E5V 3X5,Canada,597274286,William@right.com
Liam,Williams,338,Birchview Drive,Oshawa,Nunavut,E4S 3C4,Canada,455325732,Liam@fact.com
"",Jones,331,Abrams Way,LÃ©vis,Saskatchewan,B3V 2V1,Canada,1164122561,null@place.com
Alexander,Anderson,89,Bedford Highway,Sault Ste. Marie,Nunavut,B2E 0X4,Canada,1305500749,Alexander@group.com
Jacob,,198,Bond Street,Kingston,Alberta,E4M 2G2,Canada,327787116,Jacob@point.com
"",Thomas,362,Chessvale Close,Red Deer,Newfoundland and Labrador,E5V 3X5,Canada,1299806931,null@point.com
Liam,Miller,472,Alm-a Ramp,Moncton,Alberta,H3J 3P2,Canada,1229606685,Liam@state.com
Jacob,Anderson,477,Beech Street,Brampton,Northwest Territories,L4A 0T0,Canada,142324433,Jacob@program.com
James,,411,Cairnwell Close,Prince George,Manitoba,V8B 1P6,Canada,398111037,James@fact.com
"",Anderson,15,Blink Bonnie Terrace,Oakville,Alberta,J1S 0R4,Canada,388275053,null@question.com
"",Moore,200,Castlepark Grove,Fredericton,Northwest Territories,N5C 2J8,Canada,1324757388,null@number.com
Alexander,Jones,339,Berkshire Close,Chilliwack,Saskatchewan,V8B 1P6,Canada,974390824,Alexander@mother.com
Ethan,Jones,375,Bryden Avenue,St. Catharines,Yukon,G3E 2K4,Canada,1274546084,Ethan@way.com
James,,484,Bayview Road,Hamilton,Nova Scotia,L9R 0A0,Canada,1223103028,James@woman.com
"",Davis,58,Armshore Drive,Brossard,Nunavut,H0H 3C9,Canada,890180265,null@man.com
William,Thomas,324,Chadwick Place,Blainville,Northwest Territories,V8C 0S2,Canada,326917589,William@week.com
James,Brown,289,Albion Road,Saint-Jean-sur-Richelieu,Quebec,L3V 1Y8,Canada,242212537,James@world.com
William,Jones,263,Claymore Avenue,Moncton,Nova Scotia,J0J 3V6,Canada,674116432,William@book.com
Liam,Brown,228,Cabot Street,Oshawa,British Columbia,T1L 2H8,Canada,292043523,Liam@lot.com
William,Wilson,322,Abbott Drive,Waterloo,Newfoundland and Labrador,K1B 3B2,Canada,1072411928,William@work.com
"",Brown,67,Barrington Street,Caledon,Newfoundland and Labrador,"V1K 1V0 ",Canada,398967537,null@government.com
Jacob,Johnson,217,Broadholme Lane,Cambridge,New Brunswick,N8A 0B3,Canada,524782756,Jacob@question.com
Liam,Thomas,124,Chartwell Lane,Kawartha Lakes,Newfoundland and Labrador,E4S 3C4,Canada,502659388,Liam@Mr.com
Ethan,Miller,352,Chain Lake Drive,Burnaby,Northwest Territories,B2E 0X4,Canada,429544357,Ethan@point.com
William,Anderson,88,Brenton Place,Fredericton,Nova Scotia,G6X 2L1,Canada,472433887,William@student.com
Jacob,Thomas,450,Battery Drive,Trois-RiviÃ¨res,Nova Scotia,E4S 3C4,Canada,583621397,Jacob@Mr.com
James,Jackson,68,Cloverdale Road,Cape Breton,Nova Scotia,G3E 2K4,Canada,526959314,James@month.com
James,Moore,357,Ashton Lane,Saint-Hyacinthe,Alberta,E4M 2G2,Canada,560034184,James@system.com
Jacob,Taylor,146,Blue Willow Court,Grande Prairie,Nunavut,,Canada,1257814945,Jacob@family.com
"",Anderson,234,Battery 18th Road,Burlington,Manitoba,L0N 3J2,Canada,762209421,null@number.com
Ethan,,190,Artillery Place,Sherbrooke,Quebec,E4S 3C4,Canada,630796300,Ethan@eye.com
