First Name,Last Name,Street Number,Street,City,Province,Postal Code,Country,Phone Number,email Address
William,Moore,89,Bluestone Road,Windsor,Nunavut,E7E 3T7,Canada,1086270374,William@work.com
"",Jackson,482,Chebucto Lane,London,Prince Edward Island,B3V 2V1,Canada,192681646,null@child.com
Liam,Miller,421,Beresford Road,Laval,New Brunswick,N8H 2H6,Canada,260391963,Liam@water.com
James,Wilson,465,Alex Street,Burlington,Alberta,E4M 2G2,Canada,462640490,James@group.com
Liam,,79,Alm-c Ramp,Belleville,Prince Edward Island,G3H 0B4,Canada,133186923,Liam@right.com
"",Miller,22,Blue Willow Court,Brantford,Alberta,H9S 1R4,Canada,1054665047,null@water.com
Liam,Taylor,419,Barrington Street,Kamloops,Nova Scotia,E5V 3X5,Canada,343831736,Liam@week.com
Liam,Williams,488,Birkdale Crescent,Saint-Jean-sur-Richelieu,Prince Edward Island,G3H 0B4,Canada,1172107582,Liam@book.com
Jacob,Wilson,119,Birch Street,Richmond,Nunavut,K1B 3B2,Canada,256527296,Jacob@Mr.com
James,Anderson,439,Alm-e Ramp,Delta,Saskatchewan,N5C 2J8,Canada,739367563,James@time.com
"",Taylor,189,Armshore Drive,Moncton,Newfoundland and Labrador,L4A 0T0,Canada,600643353,null@country.com
James,,341,Church Street,Prince George,Northwest Territories,J0J 3V6,Canada,1133194203,James@word.com
William,Taylor,375,Borden Street,Strathcona County,New Brunswick,E4S 3C4,Canada,1191318389,William@child.com
"",Moore,166,Canterbury Close,Brossard,Manitoba,L4A 0T0,Canada,847661382,null@water.com
"",Davis,140,Argyle Street,Hamilton,Newfoundland and Labrador,H9S 1R4,Canada,1243517538,null@story.com
James,,264,Berkshire Close,Burnaby,Yukon,G3E 2K4,Canada,1186270206,James@child.com
William,Jackson,110,Borden Street,Belleville,Alberta,J1S 0R4,Canada,263683961,William@part.com
Jacob,Jones,63,Boulderwood Road,North Vancouver,Nunavut,V8B 1P6,Canada,790875085,Jacob@story.com
Jacob,,434,Armview Terrace,Airdrie,Prince Edward Island,E4M 2G2,Canada,199812991,Jacob@system.com
Jacob,Thomas,362,Alm-a Ramp,Sault Ste. Marie,Northwest Territories,G3E 2K4,Canada,1213542998,Jacob@time.com
Liam,Thomas,216,Chartwell Lane,Belleville,Alberta,N8A 0B3,Canada,268805121,Liam@day.com
Jacob,Anderson,361,Chelmsford Place,Airdrie,Northwest Territories,L0N 3J2,Canada,1182415801,Jacob@word.com
Mason,Jones,271,Armview Terrace,Thunder Bay,Prince Edward Island,J0N 0Z3,Canada,992571197,Mason@hand.com
