First Name,Last Name,Street Number,Street,City,Province,Postal Code,Country,Phone Number,email Address
Mason,Williams,108,Brewer Court,Welland,New Brunswick,L4A 0T0,Canada,758238676,Mason@study.com
"",Moore,31,Bower Road,Burlington,Newfoundland and Labrador,H3J 3P2,Canada,1344932889,null@work.com
James,Brown,194,Artillery Place,Kawartha Lakes,Newfoundland and Labrador,L9R 0A0,Canada,751184838,James@case.com
William,Williams,393,Albert Place,Whitby,Nunavut,V8B 1P6,Canada,1259182800,William@part.com
Jacob,Jackson,422,Campbell Drive,New Westminster,Quebec,J1S 0R4,Canada,500982981,Jacob@day.com
"",Taylor,65,Attenborough Court,Windsor,Alberta,,Canada,1241499202,null@week.com
Jacob,Taylor,123,Beachstone Drive,Edmonton,Northwest Territories,H3J 3P2,Canada,603185163,Jacob@group.com
Jacob,Jackson,412,Buffers Lane,Trois-RiviÃ¨res,Nova Scotia,N8H 2H6,Canada,571903926,Jacob@family.com
Liam,Williams,381,Alex Street,Nanaimo,Newfoundland and Labrador,E4S 3C4,Canada,1044685833,Liam@place.com
Alexander,Johnson,417,Alderwood Drive,Saguenay,Quebec,J9P 1C6,Canada,430146942,Alexander@study.com
"",Jackson,160,Camelot Lane,Winnipeg,Prince Edward Island,H3J 3P2,Canada,959901406,null@week.com
Ethan,Miller,121,Bloomfield Street,Norfolk County,Manitoba,H3J 3P2,Canada,1294691126,Ethan@life.com
Liam,Thomas,461,Bedford Highway,Mirabel,Manitoba,T1L 2H8,Canada,588979069,Liam@book.com
Ethan,Taylor,353,Claremont Street,Vancouver,Quebec,L0N 3J2,Canada,1290616650,Ethan@company.com
Mason,Miller,229,Bobolink Street,New Westminster,Prince Edward Island,N8H 2H6,Canada,110072912,Mason@case.com
James,Thomas,500,Bland Street,North Vancouver,New Brunswick,N5C 2J8,Canada,989355725,James@family.com
