First Name,Last Name,Street Number,Street,City,Province,Postal Code,Country,Phone Number,email Address
James,Taylor,181,Allan Street,North Bay,Prince Edward Island,E7E 3T7,Canada,662336758,James@Mr.com
Jacob,Jackson,316,Battery 18th Road,Moncton,Nova Scotia,H0H 3C9,Canada,792914911,Jacob@student.com
Liam,Taylor,10,Ashton Lane,Caledon,Nunavut,N8H 2H6,Canada,189432409,Liam@time.com
"",Thomas,493,Armstrong Court,Welland,Prince Edward Island,J9P 1C6,Canada,596101491,null@school.com
James,Taylor,84,Balwearie Lane,Saint-JÃ©rÃ´me,Quebec,N4N 0B9,Canada,987643680,James@question.com
Alexander,Wilson,134,Boulderwood Road,Drummondville,Nunavut,V8B 1P6,Canada,797008891,Alexander@company.com
Alexander,Jones,125,Bonaventure Drive,Richmond Hill,Prince Edward Island,"L4A 0T3 ",Canada,1132485548,Alexander@program.com
Alexander,Thomas,94,Blue Jay Street,Nanaimo,Alberta,N8A 0B3,Canada,210048900,Alexander@company.com
"",Thomas,100,Acorn Road,Sherbrooke,Prince Edward Island,G6X 2L1,Canada,263970613,null@book.com
James,Davis,486,Chebucto Lane,Repentigny,Nova Scotia,G3H 0B4,Canada,1085480496,James@place.com
Alexander,Miller,240,Arvida Avenue,Gatineau,Nunavut,H3J 3P2,Canada,258171131,Alexander@part.com
Alexander,Davis,296,Belmont On The Arm,Delta,,E4S 3C4,Canada,432886909,Alexander@day.com
James,Williams,206,Broadholme Lane,Kamloops,Saskatchewan,G0H 2P3,Canada,1402143911,James@student.com
Liam,,406,Clayder Lane,Sarnia,Alberta,N8H 2H6,Canada,1381430158,Liam@number.com
William,Wilson,137,Aster Court,Sarnia,New Brunswick,E4M 2G2,Canada,1282071292,William@work.com
Liam,Brown,295,Argyle Street,Maple Ridge,Nunavut,"V1K 1V0 ",Canada,123040646,Liam@month.com
Ethan,Johnson,304,Armdale Rotary,Greater Sudbury,Yukon,V8C 0S2,Canada,827545737,Ethan@time.com
Jacob,Taylor,94,Berlin Street,Port Coquitlam,Northwest Territories,L4A 0T0,Canada,1117625283,Jacob@place.com
Liam,Jones,284,Brycedale Lane,Longueuil,Saskatchewan,J9P 1C6,Canada,150698863,Liam@family.com
James,Williams,317,Broadholme Lane,Blainville,Nunavut,K1B 3B2,Canada,377500811,James@Mr.com
Mason,Williams,141,Birchview Drive,Airdrie,Alberta,J9P 1C6,Canada,825886887,Mason@system.com
Liam,Thomas,440,Aldergrove Drive,Chilliwack,Prince Edward Island,N5C 2J8,Canada,1069724664,Liam@point.com
James,Williams,13,Alex Street,Granby,Nova Scotia,N8H 2H6,Canada,651033817,James@government.com
James,Anderson,457,Armada Drive,Richmond Hill,Nova Scotia,B2E 0X4,Canada,612717925,James@month.com
Jacob,Thomas,13,Buffers Lane,LÃ©vis,British Columbia,J0J 3V6,Canada,1407484847,Jacob@place.com
Liam,Taylor,106,Chelton Woods Lane,Prince George,Nunavut,H0H 3C9,Canada,439484773,Liam@school.com
James,Moore,114,Balcomes Drive,Waterloo,Prince Edward Island,J9P 1C6,Canada,661763315,James@day.com
Jacob,Miller,336,Amberwood Court,Delta,Yukon,B3V 2V1,Canada,688922885,Jacob@work.com
Ethan,Anderson,315,Claymore Avenue,Terrebonne,Saskatchewan,N8A 0B3,Canada,384396059,Ethan@water.com
James,Anderson,11,Brackley Place,Saint-Hyacinthe,Nunavut,G3E 2K4,Canada,716052668,James@child.com
"",Jones,75,Charles Street,Caledon,Yukon,G6X 2L1,Canada,652936115,null@year.com
William,Jones,436,Brenton Place,Delta,Nunavut,G3E 2K4,Canada,292310214,William@people.com
Ethan,Williams,278,Chessvale Close,Nanaimo,Manitoba,H9S 1R4,Canada,889367442,Ethan@study.com
Jacob,Anderson,238,Belmont On The Arm,St. Catharines,Northwest Territories,L4A 0T0,Canada,1223296121,Jacob@right.com
Liam,Brown,497,Birch Street,Port Coquitlam,Prince Edward Island,J1S 0R4,Canada,1027978991,Liam@night.com
"",Brown,396,Barracks Drive,St. Catharines,Manitoba,L3V 1Y8,Canada,269519960,null@study.com
Ethan,Brown,181,Birchdale Avenue,Welland,Alberta,B2E 0X4,Canada,246279728,Ethan@way.com
William,Davis,223,Aurora Avenue,Port Coquitlam,Prince Edward Island,H0H 3C9,Canada,732892613,William@country.com
