First Name,Last Name,Street Number,Street,City,Province,Postal Code,Country,Phone Number,email Address
Jacob,Jones,493,Caxton Close,Sault Ste. Marie,Prince Edward Island,J9P 1C6,Canada,1363097146,Jacob@system.com
Alexander,Taylor,53,Beachstone Drive,Vancouver,Nunavut,L3V 1Y8,Canada,950489422,Alexander@man.com
Ethan,Jones,362,Boscobel Road,Cape Breton,Northwest Territories,J9T 3H4,Canada,1202535908,Ethan@time.com
Jacob,Thomas,393,Atlantic Street,North Vancouver,British Columbia,N4N 0B9,Canada,1364589043,Jacob@day.com
