First Name,Last Name,Street Number,Street,City,Province,Postal Code,Country,Phone Number,email Address
Jacob,Davis,47,Bliss Street,Guelph,New Brunswick,J0N 0Z3,Canada,911146213,Jacob@home.com
Ethan,Williams,158,Berkshire Close,Chilliwack,Northwest Territories,J0N 0Z3,Canada,1141815593,Ethan@company.com
"",Taylor,7,Basinview Drive,Red Deer,Prince Edward Island,G0H 2P3,Canada,443075411,null@month.com
James,Brown,434,Bridgeview Drive,Saint-Hyacinthe,Nova Scotia,G3E 2K4,Canada,332913032,James@government.com
Jacob,Thomas,4,Bayers Road,St. Catharines,Yukon,N8H 2H6,Canada,172883054,Jacob@room.com
Liam,,49,Clearview Street,St. Albert,British Columbia,J0J 3V6,Canada,585127975,Liam@year.com
James,Anderson,94,Armview Terrace,Saanich,Nova Scotia,T1L 2H8,Canada,1220830563,James@question.com
William,Jones,432,Bluestone Road,Sault Ste. Marie,Nunavut,E4S 3C4,Canada,120910866,William@year.com
Liam,Davis,434,Chestnut Street,Ajax,Prince Edward Island,"L4A 0T3 ",Canada,208546493,Liam@day.com
Alexander,,131,Belle Aire Terrace,Moncton,Northwest Territories,E5V 3X5,Canada,693050095,Alexander@hand.com
Alexander,Jones,115,Blue Jay Street,Brampton,Nova Scotia,H0H 3C9,Canada,109689119,Alexander@fact.com
Mason,Brown,482,Armoury Place,Burnaby,Nunavut,L4A 0T0,Canada,117327347,Mason@program.com
