First Name,Last Name,Street Number,Street,City,Province,Postal Code,Country,Phone Number,email Address
"",Wilson,138,Basinview Drive,Ajax,Northwest Territories,"L4A 0T3 ",Canada,115897329,null@question.com
Ethan,Moore,455,Bilton Lane,Laval,,L4A 0T0,Canada,530446984,Ethan@student.com
"",Moore,413,Annandale Street,Lethbridge,Prince Edward Island,L4A 0T0,Canada,495097396,null@home.com
James,Miller,227,Canary Crescent,Coquitlam,Nova Scotia,J1S 0R4,Canada,1338950927,James@child.com
Alexander,,90,Autumn Drive,Newmarket,Nova Scotia,J9P 1C6,Canada,485183577,Alexander@job.com
"",Williams,376,Aldergrove Drive,Brantford,Nunavut,J0N 0Z3,Canada,1289197579,null@week.com
Mason,Williams,113,Charlton Avenue,Drummondville,Newfoundland and Labrador,N4N 0B9,Canada,1356817661,Mason@company.com
Liam,Wilson,70,Berts Drive,Mississauga,Prince Edward Island,K1B 3B2,Canada,526484941,Liam@story.com
Jacob,Miller,191,Birchfield Crescent,LÃ©vis,Alberta,E4S 3C4,Canada,330595180,Jacob@way.com
"",Miller,103,Armcrescent West Avenue,Aurora,Prince Edward Island,,Canada,470022573,null@work.com
Jacob,Davis,175,Balcomes Drive,Kamloops,Prince Edward Island,L0N 3J2,Canada,429771398,Jacob@family.com
Ethan,Taylor,31,Arlington Avenue,Brampton,Nunavut,J0J 3V6,Canada,539695156,Ethan@day.com
Liam,Thomas,68,Balmoral Road,Welland,Northwest Territories,N8A 0B3,Canada,1114332898,Liam@mother.com
Ethan,Davis,8,Canterbury Close,Niagara Falls,Nunavut,H0H 3C9,Canada,371672399,Ethan@woman.com
Liam,Davis,239,Chain Lake Drive,Mirabel,,J9P 1C6,Canada,695890011,Liam@water.com
William,Jackson,157,Botany Terrace,Cape Breton,Northwest Territories,V8C 0S2,Canada,1233354927,William@water.com
Mason,Jones,316,Avon Crescent,Welland,New Brunswick,J1S 0R4,Canada,906601169,Mason@place.com
Jacob,Anderson,125,Brighton Avenue,Prince George,Northwest Territories,H0H 3C9,Canada,539134639,Jacob@time.com
Ethan,Taylor,329,Chain Lake Drive,Milton,Alberta,J9P 1C6,Canada,865243797,Ethan@month.com
Mason,Brown,196,Beaufort Avenue,Oakville,Saskatchewan,E4S 3C4,Canada,886563852,Mason@study.com
Ethan,Jackson,92,Cedarbrae Lane,Grande Prairie,Northwest Territories,L4A 0T0,Canada,1035381158,Ethan@people.com
William,Miller,164,Clinton Avenue,Victoria,Yukon,L9R 0A0,Canada,1304258157,William@day.com
Jacob,Williams,478,Ardwell Avenue,Lethbridge,Prince Edward Island,H0H 3C9,Canada,804566593,Jacob@lot.com
James,Davis,445,Africville Road,Surrey,Nunavut,L0N 3J2,Canada,1409013259,James@story.com
James,Anderson,166,Castlepark Grove,Milton,Nunavut,L3V 1Y8,Canada,949273725,James@part.com
Ethan,Anderson,409,Anchor Drive,Strathcona County,British Columbia,B3V 2V1,Canada,198426873,Ethan@life.com
"",Johnson,408,Almon Street,Blainville,Prince Edward Island,T1L 2H8,Canada,603523739,null@child.com
Mason,Williams,492,Chadwick Place,Oakville,Yukon,G3E 2K4,Canada,1128598761,Mason@point.com
Ethan,Jackson,59,Bell Road,Ajax,Yukon,E5V 3X5,Canada,569934189,Ethan@study.com
Ethan,Moore,219,Cardiff Place,Belleville,Newfoundland and Labrador,H3J 3P2,Canada,137205581,Ethan@hand.com
Mason,Thomas,52,Cabot Back Lane,Repentigny,Northwest Territories,J1S 0R4,Canada,465155030,Mason@study.com
William,Davis,482,Blowers Street,Saint-Jean-sur-Richelieu,New Brunswick,E5V 3X5,Canada,818539057,William@business.com
"",Davis,340,Bellevue Avenue,Saint John,Alberta,L4A 0T0,Canada,718276698,null@Mr.com
Liam,Jackson,471,Clearview Street,Maple Ridge,Alberta,T1L 2H8,Canada,952815220,Liam@job.com
"",Thomas,52,Armdale Rotary,Saint-JÃ©rÃ´me,Nunavut,,Canada,373853755,null@thing.com
Ethan,Johnson,243,Bedford Highway Ramp,Trois-RiviÃ¨res,Prince Edward Island,B2E 0X4,Canada,436952264,Ethan@day.com
