First Name,Last Name,Street Number,Street,City,Province,Postal Code,Country,Phone Number,email Address
William,Jackson,3,Brenton Place,Brossard,Newfoundland and Labrador,K1B 3B2,Canada,331258260,William@right.com
Alexander,Brown,190,Barrington Street,Welland,Northwest Territories,J9P 1C6,Canada,671262409,Alexander@government.com
Ethan,Moore,409,Castle Hill Drive,Burnaby,Alberta,,Canada,868742751,Ethan@case.com
Ethan,Davis,91,Bauer Street,Halton Hills,Quebec,"L4A 0T3 ",Canada,734258380,Ethan@part.com
Jacob,Brown,308,Amirault Court,Edmonton,New Brunswick,V8C 0S2,Canada,338819588,Jacob@work.com
Liam,Thomas,107,Birchview Drive,Repentigny,Nunavut,L4A 0T0,Canada,206557246,Liam@money.com
Liam,Anderson,17,Borden Street,Blainville,Northwest Territories,N4N 0B9,Canada,741115528,Liam@system.com
"",Wilson,435,Basinview Drive,Guelph,Yukon,J1S 0R4,Canada,759133373,null@null
Mason,Jackson,91,Apollo Court,Wood Buffalo,Yukon,,Canada,1225359964,Mason@case.com
Liam,,219,Armdale Rotary,Chatham-Kent,Alberta,J1S 0R4,Canada,245949582,Liam@woman.com
William,Jones,266,Bermuda Avenue,Lethbridge,Alberta,G0H 2P3,Canada,164569150,William@people.com
Jacob,Williams,399,Belmont On The Arm,Thunder Bay,Nunavut,K1B 3B2,Canada,1194165102,Jacob@right.com
Jacob,Anderson,405,Agricola Street,New Westminster,Northwest Territories,L9R 0A0,Canada,891323467,Jacob@government.com
James,Jackson,396,Chelton Woods Lane,Brossard,Alberta,B2E 0X4,Canada,1162861810,James@month.com
Alexander,Johnson,167,Chartwell Lane,Mississauga,Newfoundland and Labrador,N8H 2H6,Canada,836209205,Alexander@woman.com
"",Moore,148,Brook Street,Lethbridge,Nunavut,N8H 2H6,Canada,993217290,null@system.com
Jacob,Johnson,483,Bower Road,Granby,Nunavut,"V1K 1V0 ",Canada,498894794,Jacob@job.com
Ethan,Moore,470,Alm-d Ramp,Saanich,Prince Edward Island,G3H 0B4,Canada,1222041761,Ethan@people.com
William,Anderson,254,Blue Thistle Road,Saint-Jean-sur-Richelieu,Nunavut,J1S 0R4,Canada,829341523,William@null
"",,70,Blue Jay Street,Victoria,,G6X 2L1,Canada,819233348,null@book.com
"",Jackson,45,Arlington Avenue,Sherbrooke,Manitoba,H9S 1R4,Canada,784946151,null@day.com
Alexander,Anderson,450,Birmingham Street,Maple Ridge,Yukon,G3H 0B4,Canada,1115498618,Alexander@way.com
Alexander,Williams,224,Bromley Road,Langley,Saskatchewan,"B0T 0Y5 ",Canada,592402408,Alexander@group.com
Ethan,Jackson,176,Chipstone Close,Halton Hills,Prince Edward Island,E4S 3C4,Canada,1328264892,Ethan@case.com
"",Davis,7,Carrington Place,Greater Sudbury,,"V1K 1V0 ",Canada,154694467,null@way.com
Liam,Williams,79,Charlotte Lane,New Westminster,Nunavut,N5C 2J8,Canada,779401562,Liam@country.com
William,,273,Bridget Avenue,North Vancouver,Newfoundland and Labrador,"L4A 0T3 ",Canada,1403854073,William@number.com
"",Brown,282,Brighton Avenue,Winnipeg,Alberta,G0H 2P3,Canada,617083377,null@question.com
Jacob,Thomas,425,Chain Rock Drive,Laval,New Brunswick,G0H 2P3,Canada,882993235,Jacob@eye.com
William,Wilson,43,Brodick Lane,Surrey,Prince Edward Island,L3V 1Y8,Canada,194896941,William@family.com
"",,401,Breen Avenue,St. Catharines,New Brunswick,J1S 0R4,Canada,865883584,null@number.com
Jacob,Davis,339,Apollo Court,Moncton,Quebec,L3V 1Y8,Canada,342881483,Jacob@state.com
Alexander,Wilson,414,Claymore Avenue,Caledon,Yukon,G0H 2P3,Canada,100295902,Alexander@money.com
Jacob,Jones,56,Aldergrove Drive,North Bay,Nunavut,H9S 1R4,Canada,1041403224,Jacob@home.com
Jacob,Williams,453,Admirals Way,Brossard,New Brunswick,V8C 0S2,Canada,461864339,Jacob@book.com
Alexander,Jackson,82,Castlepark Grove,Medicine Hat,Prince Edward Island,V8B 1P6,Canada,540314293,Alexander@lot.com
James,Johnson,130,Bedford Row,Cape Breton,Northwest Territories,V8C 0S2,Canada,412368675,James@school.com
"",Moore,285,Basinview Drive,Longueuil,Quebec,L3V 1Y8,Canada,812417675,null@woman.com
