First Name,Last Name,Street Number,Street,City,Province,Postal Code,Country,Phone Number,email Address
Ethan,Thomas,34,Centre Gate,Red Deer,Nunavut,L0N 3J2,Canada,930303600,Ethan@week.com
Ethan,Thomas,362,Burns Drive,Coquitlam,Nova Scotia,N8A 0B3,Canada,554457855,Ethan@month.com
"",,341,Aikenhead Road,Moncton,Alberta,"L4A 0T3 ",Canada,463087019,null@book.com
James,Jackson,430,Carnation Crescent,Lethbridge,Nunavut,H3J 3P2,Canada,1314540405,James@group.com
James,Taylor,411,Bayview Road,Brantford,Manitoba,J0J 3V6,Canada,1197269895,James@hand.com
Alexander,Johnson,64,Alex Street,Vaughan,,B2E 0X4,Canada,1189028658,Alexander@month.com
