First Name,Last Name,Street Number,Street,City,Province,Postal Code,Country,Phone Number,email Address
Jacob,Jones,437,Cherry Street,Surrey,Nunavut,N8H 2H6,Canada,700296349,Jacob@day.com
Ethan,Wilson,386,Brunswick Street,Whitby,Northwest Territories,E4M 2G2,Canada,1148343355,Ethan@life.com
Ethan,Miller,29,Aldergrove Drive,Lethbridge,Northwest Territories,,Canada,378584383,Ethan@world.com
Ethan,,428,Bellevue Avenue,St. Albert,Prince Edward Island,E7E 3T7,Canada,529095963,Ethan@world.com
"",Jackson,206,Carnation Crescent,Fredericton,Quebec,E7E 3T7,Canada,1321281136,null@country.com
Mason,Miller,306,Berkshire Close,Whitby,Saskatchewan,N4N 0B9,Canada,1160268148,Mason@Mr.com
"",Brown,333,Blue Jay Street,Oshawa,Newfoundland and Labrador,E4S 3C4,Canada,1163497244,null@program.com
James,Williams,211,Aukland Place,Abbotsford,New Brunswick,E5V 3X5,Canada,1120737482,James@eye.com
"",Taylor,481,Castle Hill Drive,Saint John,Yukon,B3V 2V1,Canada,852945896,null@water.com
Alexander,,495,Cherry Street,Port Coquitlam,Nova Scotia,E4S 3C4,Canada,763838732,Alexander@question.com
Jacob,Miller,477,Chestnut Street,Moncton,Alberta,"V1K 1V0 ",Canada,992337141,Jacob@month.com
Jacob,Davis,60,Chebucto Road,Airdrie,Nunavut,V8C 0S2,Canada,440981992,Jacob@job.com
Mason,Anderson,51,Bayview Road,Cape Breton,Prince Edward Island,V8B 1P6,Canada,1270687710,Mason@system.com
William,Johnson,256,Bristol Place,Mirabel,Nunavut,H9S 1R4,Canada,1045083188,William@government.com
Alexander,Davis,204,Bedros Lane,Welland,New Brunswick,,Canada,270256961,Alexander@thing.com
William,Jones,166,Berkshire Close,Richmond Hill,British Columbia,E7E 3T7,Canada,818019228,William@thing.com
William,Moore,174,Chain Lake Drive,North Vancouver,Northwest Territories,T1L 2H8,Canada,679542066,William@student.com
Jacob,Moore,391,Broadholme Lane,Maple Ridge,Alberta,N4N 0B9,Canada,252285272,Jacob@night.com
Ethan,Davis,216,Burns Drive,Milton,,L4A 0T0,Canada,240146963,Ethan@story.com
Jacob,,172,Broadholme Lane,Oshawa,New Brunswick,J0J 3V6,Canada,1107232699,Jacob@null
William,Miller,330,Birmingham Street,Surrey,Prince Edward Island,G3E 2K4,Canada,240404731,William@program.com
Ethan,Johnson,456,Armview Avenue,Vancouver,New Brunswick,J0N 0Z3,Canada,201330939,Ethan@month.com
James,Anderson,58,Bliss Street,Strathcona County,Yukon,"V1K 1V0 ",Canada,193272372,James@case.com
"",Jackson,104,Birchfield Crescent,Newmarket,Northwest Territories,B3V 2V1,Canada,1244331724,null@group.com
James,Brown,326,Blowers Street,Welland,Nunavut,N4N 0B9,Canada,1381412745,James@government.com
Alexander,Wilson,148,Blink Bonnie Terrace,Maple Ridge,Saskatchewan,N5C 2J8,Canada,401920139,Alexander@family.com
"",Anderson,117,Borden Street,Greater Sudbury,Yukon,E4S 3C4,Canada,222714635,null@child.com
"",Brown,93,Boscobel Road,Trois-RiviÃ¨res,Nunavut,V8B 1P6,Canada,967082922,null@point.com
Alexander,Anderson,176,Amirault Court,Saint-Hyacinthe,Quebec,H0H 3C9,Canada,1356477399,Alexander@case.com
Ethan,Anderson,185,Carlina Court,Halton Hills,Nunavut,L9R 0A0,Canada,511589510,Ethan@room.com
Ethan,Brown,365,Cascade Drive,St. John's,Northwest Territories,N8A 0B3,Canada,1232230219,Ethan@right.com
William,Taylor,256,Carriageway Crescent,Waterloo,Prince Edward Island,G3H 0B4,Canada,561542022,William@home.com
William,Moore,204,Birchview Drive,Repentigny,Newfoundland and Labrador,B3V 2V1,Canada,506208215,William@child.com
