First Name,Last Name,Street Number,Street,City,Province,Postal Code,Country,Phone Number,email Address
Jacob,Brown,268,Briar Place,Halton Hills,,K1B 3B2,Canada,1031931018,Jacob@government.com
Mason,Williams,123,Armdale Rotary,Victoria,Prince Edward Island,H9S 1R4,Canada,502989062,Mason@business.com
"",Davis,492,Brycedale Lane,Kawartha Lakes,Manitoba,T1L 2H8,Canada,612098760,null@book.com
Liam,Williams,296,Blowers Street,Oakville,Prince Edward Island,V8C 0S2,Canada,1206066742,Liam@eye.com
"",,300,Brockhurst Close,St. Catharines,Newfoundland and Labrador,B3V 2V1,Canada,426349390,null@Mr.com
"",Taylor,238,Bayne Street,Red Deer,Newfoundland and Labrador,G0H 2P3,Canada,828206567,null@work.com
Jacob,Jones,163,Ash Lake Court,Ajax,Nova Scotia,"L4A 0T3 ",Canada,448977306,Jacob@day.com
Jacob,Miller,227,Andrew Street,Lethbridge,British Columbia,N8H 2H6,Canada,960107444,Jacob@system.com
"",Taylor,21,Briar Lane,Oakville,Nova Scotia,L9R 0A0,Canada,946028138,null@question.com
Mason,Thomas,40,Altavista Lane,Peterborough,Quebec,H9S 1R4,Canada,734005481,Mason@government.com
Alexander,Davis,34,Boulderwood Road,Edmonton,Northwest Territories,B2E 0X4,Canada,1220699764,Alexander@story.com
Liam,,271,Blink Bonnie Terrace,Oakville,Northwest Territories,J1S 0R4,Canada,963029747,Liam@time.com
"",Johnson,342,Blowers Street,Blainville,Northwest Territories,J0J 3V6,Canada,352605813,null@case.com
Ethan,Anderson,154,Bromley Road,Kawartha Lakes,Nunavut,L9R 0A0,Canada,1019394032,Ethan@book.com
Jacob,,388,Birmingham Street,Halifax,Newfoundland and Labrador,T1L 2H8,Canada,691576895,Jacob@Mr.com
William,Taylor,136,Alm-a Ramp,Moncton,Prince Edward Island,J9T 3H4,Canada,497387570,William@work.com
