First Name,Last Name,Street Number,Street,City,Province,Postal Code,Country,Phone Number,email Address
Ethan,Wilson,496,Brunswick Street,Sault Ste. Marie,Nunavut,L0N 3J2,Canada,319605972,Ethan@people.com
James,Taylor,461,Arthur Street,New Westminster,Northwest Territories,G3H 0B4,Canada,709211512,James@word.com
"",Moore,81,Barclay Avenue,Markham,Nunavut,"L4A 0T3 ",Canada,641983573,null@money.com
Mason,Davis,235,Blowers Street,Kingston,Nunavut,V8B 1P6,Canada,159091807,Mason@school.com
"",Wilson,77,Birchdale Avenue,Kawartha Lakes,Manitoba,H3J 3P2,Canada,765574617,null@time.com
Jacob,Anderson,69,Briar Lane,Kawartha Lakes,Quebec,G0H 2P3,Canada,865523804,Jacob@world.com
"",,178,Brewer Court,Newmarket,Manitoba,B3V 2V1,Canada,1135569879,null@student.com
Ethan,Thomas,164,Briar Place,Moncton,Nunavut,E4S 3C4,Canada,171344433,Ethan@government.com
"",Miller,204,Armoury Place,Montreal,New Brunswick,E5V 3X5,Canada,142920502,null@man.com
Ethan,Wilson,71,Armview Terrace,Newmarket,New Brunswick,N8A 0B3,Canada,229083998,Ethan@word.com
"",Thomas,356,Aldergrove Drive,St. Albert,New Brunswick,B3V 2V1,Canada,286514690,null@room.com
Ethan,Jackson,457,Angus L Macdonald Bridge,Montreal,Yukon,J1S 0R4,Canada,897085939,Ethan@null
Alexander,Jones,71,Clayder Lane,Kelowna,Saskatchewan,L9R 0A0,Canada,268915068,Alexander@eye.com
Jacob,Wilson,58,Chain Rock Drive,Repentigny,Quebec,H0H 3C9,Canada,299047151,Jacob@world.com
James,,189,Chain Rock Drive,Brossard,Nunavut,N8A 0B3,Canada,717190814,James@state.com
Mason,,253,Belmont Road,Delta,Manitoba,B3V 2V1,Canada,431343463,Mason@country.com
Jacob,Moore,94,,Fredericton,Saskatchewan,B3V 2V1,Canada,1178104721,Jacob@fact.com
Jacob,,218,Caitland Court,Brantford,New Brunswick,G0H 2P3,Canada,582339407,Jacob@part.com
Alexander,Johnson,312,Blenheim Terrace,Caledon,,"V1K 1V0 ",Canada,238446744,Alexander@way.com
Jacob,Anderson,147,Carriageway Crescent,Calgary,Northwest Territories,E7E 3T7,Canada,677730316,Jacob@child.com
James,Williams,161,Bryden Avenue,Trois-RiviÃ¨res,,J0N 0Z3,Canada,1175306144,James@life.com
Liam,Johnson,349,Ashburn Avenue,Sherbrooke,New Brunswick,V8C 0S2,Canada,374301206,Liam@null
James,Williams,392,Bellevue Avenue,Brantford,Alberta,J9P 1C6,Canada,252776166,James@book.com
Alexander,Moore,2,Avon Crescent,Moncton,Saskatchewan,V8B 1P6,Canada,431774102,Alexander@child.com
Alexander,Jones,24,Cavendish Road,Guelph,Saskatchewan,N8A 0B3,Canada,520923967,Alexander@student.com
