First Name,Last Name,Street Number,Street,City,Province,Postal Code,Country,Phone Number,email Address
"",Wilson,417,Chestnut Street,Welland,Nunavut,H0H 3C9,Canada,713597340,null@system.com
Ethan,Williams,305,Chester Avenue,Oshawa,Prince Edward Island,N8A 0B3,Canada,912585656,Ethan@fact.com
William,Thomas,415,Bison Crescent,St. Catharines,Manitoba,V8C 0S2,Canada,448121802,William@case.com
Ethan,Moore,412,Apollo Court,Repentigny,British Columbia,G6X 2L1,Canada,323462552,Ethan@man.com
Ethan,Williams,389,Cartaret Street,Pickering,Manitoba,J9T 3H4,Canada,708818297,Ethan@woman.com
Alexander,Wilson,465,Chestnut Street,Langley,Prince Edward Island,N4N 0B9,Canada,1090445740,Alexander@question.com
William,,379,Carroll Lane,Kingston,Alberta,J9T 3H4,Canada,1160377077,William@home.com
