First Name,Last Name,Street Number,Street,City,Province,Postal Code,Country,Phone Number,email Address
Ethan,Brown,212,Botany Terrace,Waterloo,Northwest Territories,G0H 2P3,Canada,174218098,Ethan@eye.com
"",Miller,382,Blink Bonnie Terrace,Chatham-Kent,Quebec,N5C 2J8,Canada,146456752,null@day.com
James,Miller,24,Belmont Road,Fredericton,Prince Edward Island,H9S 1R4,Canada,757774807,James@mother.com
Mason,Miller,27,Bridges Street,Niagara Falls,Nova Scotia,J9P 1C6,Canada,533186417,Mason@program.com
Jacob,Wilson,73,Angus L Macdonald Bridge,Hamilton,Quebec,G6X 2L1,Canada,443052720,Jacob@question.com
Mason,Jackson,405,Cabot Street,Clarington,Nova Scotia,"L4A 0T3 ",Canada,534139317,Mason@part.com
Liam,Thomas,318,Binney Street,Red Deer,Manitoba,E7E 3T7,Canada,391528134,Liam@student.com
Alexander,Anderson,162,Claremont Street,Richmond Hill,New Brunswick,G3E 2K4,Canada,492607615,Alexander@company.com
James,Miller,36,Churchill Drive,Airdrie,Prince Edward Island,K1B 3B2,Canada,1323946975,James@man.com
Liam,Miller,182,Bromley Road,Brampton,Saskatchewan,"V1K 1V0 ",Canada,416970428,Liam@right.com
Jacob,Thomas,241,Ashburn Avenue,Brantford,Prince Edward Island,N4N 0B9,Canada,892644499,Jacob@home.com
Liam,,45,Balcomes Drive,North Bay,Prince Edward Island,"L4A 0T3 ",Canada,225377836,Liam@book.com
Liam,Jackson,15,Chebucto Lane,Norfolk County,Northwest Territories,H0H 3C9,Canada,835674590,Liam@part.com
"",Moore,315,Clifton Street,Grande Prairie,Quebec,E7E 3T7,Canada,1266464897,null@book.com
James,Jackson,156,Chocolate Lake Road,Sault Ste. Marie,Alberta,H9S 1R4,Canada,1057474377,James@null
"",Moore,404,Cabot Street,Aurora,Newfoundland and Labrador,G3H 0B4,Canada,308672517,null@study.com
Ethan,Williams,69,Annandale Street,Whitby,Nova Scotia,E7E 3T7,Canada,1233136020,Ethan@case.com
William,Brown,325,Churchill Drive,Grande Prairie,Northwest Territories,H9S 1R4,Canada,349934183,William@child.com
Liam,Wilson,341,Belmont Road,Moncton,Nova Scotia,"B0T 0Y5 ",Canada,742160564,Liam@mother.com
Liam,,425,Bluestone Road,Vancouver,Newfoundland and Labrador,E4S 3C4,Canada,512984768,Liam@case.com
William,Williams,274,Barracks Drive,Milton,Northwest Territories,H9S 1R4,Canada,1316383892,William@company.com
Liam,Anderson,97,Bedford Windsor Ramp,Mississauga,,N5C 2J8,Canada,373587051,Liam@system.com
"",Jones,254,Carnation Crescent,Wood Buffalo,Newfoundland and Labrador,E4M 2G2,Canada,381247041,null@Mr.com
Liam,Thomas,488,Archibald Avenue,Regina,Nunavut,G6X 2L1,Canada,1105997749,Liam@point.com
Ethan,Johnson,312,Bethany Way,Mississauga,Newfoundland and Labrador,B3V 2V1,Canada,1320825571,Ethan@point.com
Ethan,Jones,227,Binney Street,Sherbrooke,Alberta,L4A 0T0,Canada,956444246,Ethan@word.com
Alexander,Jackson,260,Beaufort Avenue,Repentigny,Newfoundland and Labrador,K1B 3B2,Canada,387721528,Alexander@Mr.com
Ethan,Taylor,293,Clifton Street,North Vancouver,Newfoundland and Labrador,E4M 2G2,Canada,468837763,Ethan@water.com
