First Name,Last Name,Street Number,Street,City,Province,Postal Code,Country,Phone Number,email Address
"",Anderson,38,Clearview Street,Milton,Nova Scotia,"L4A 0T3 ",Canada,725925570,null@water.com
James,Jones,43,Bayview Road,Brantford,Newfoundland and Labrador,B2E 0X4,Canada,124875173,James@thing.com
Mason,Wilson,4,Brenton Street,Prince George,British Columbia,V8C 0S2,Canada,651428923,Mason@night.com
Alexander,Johnson,189,Bland Street,Delta,Nunavut,N5C 2J8,Canada,956628641,Alexander@case.com
James,Moore,311,Balmoral Road,North Vancouver,Alberta,L0N 3J2,Canada,674908563,James@job.com
Jacob,Moore,298,Ardwell Avenue,Airdrie,New Brunswick,J0N 0Z3,Canada,1389167071,Jacob@money.com
William,,212,Briar Lane,North Vancouver,Prince Edward Island,G0H 2P3,Canada,499636126,William@number.com
Alexander,Jones,272,Cherry Lane,Kelowna,Nova Scotia,J0J 3V6,Canada,1206464517,Alexander@work.com
James,Taylor,191,Bayne Street,Kitchener,Alberta,L3V 1Y8,Canada,1388819066,James@money.com
Mason,Taylor,74,Albert Place,Thunder Bay,Newfoundland and Labrador,G0H 2P3,Canada,214944472,Mason@room.com
"",Taylor,440,Bloomfield Street,Sault Ste. Marie,Prince Edward Island,E7E 3T7,Canada,1305884630,null@place.com
"",Thomas,160,Archibald Avenue,Belleville,Nunavut,H3J 3P2,Canada,181178359,null@case.com
Jacob,Thomas,433,Amirault Court,Abbotsford,Saskatchewan,"V1K 1V0 ",Canada,535308037,Jacob@life.com
Ethan,Jackson,242,Birches Drive,Delta,British Columbia,J0N 0Z3,Canada,542601803,Ethan@case.com
"",Wilson,383,Carrington Place,Vaughan,Quebec,B2E 0X4,Canada,627679842,null@home.com
William,Jones,320,Bloomingdale Terrace,Prince George,Saskatchewan,N5C 2J8,Canada,674137942,William@story.com
James,Wilson,267,Chain Rock Drive,Sherbrooke,Manitoba,"V1K 1V0 ",Canada,1328589227,James@fact.com
Liam,Davis,301,Balmoral Road,Richmond Hill,Northwest Territories,T1L 2H8,Canada,846315006,Liam@problem.com
