First Name,Last Name,Street Number,Street,City,Province,Postal Code,Country,Phone Number,email Address
Ethan,Thomas,134,Allan Street,Blainville,Alberta,T1L 2H8,Canada,519074535,Ethan@hand.com
Ethan,Davis,25,Caxton Close,Montreal,Alberta,K1B 3B2,Canada,368588506,Ethan@eye.com
"",Moore,333,Bloomingdale Terrace,Kingston,Prince Edward Island,G3E 2K4,Canada,1351855647,null@problem.com
Mason,Wilson,454,Barrington Street,London,Saskatchewan,E4S 3C4,Canada,534308655,Mason@system.com
"",Johnson,477,Atlantic Street,North Vancouver,Northwest Territories,L4A 0T0,Canada,1127818536,null@week.com
James,,238,Alm-b Ramp,Fredericton,Prince Edward Island,V8C 0S2,Canada,244077615,James@part.com
Liam,Moore,384,Briar Place,Kitchener,Newfoundland and Labrador,N8A 0B3,Canada,401708061,Liam@way.com
Mason,Davis,288,Almon Street,Whitby,Northwest Territories,N8A 0B3,Canada,1127645285,Mason@Mr.com
Ethan,Johnson,135,Bermuda Avenue,Welland,Northwest Territories,E4S 3C4,Canada,1337251365,Ethan@case.com
Mason,Taylor,357,Cartaret Street,Newmarket,Quebec,L4A 0T0,Canada,1094818845,Mason@family.com
Alexander,Taylor,427,Bayne St Ramp,Markham,Newfoundland and Labrador,G3H 0B4,Canada,1259199208,Alexander@month.com
"",Davis,211,Ashdale Avenue,Saskatoon,Newfoundland and Labrador,T1L 2H8,Canada,676564712,null@work.com
"",Taylor,22,Bliss Street,St. John's,New Brunswick,H0H 3C9,Canada,888379974,null@case.com
James,Jones,69,Blue Willow Court,Quebec City,New Brunswick,V8B 1P6,Canada,923399522,James@year.com
Mason,Davis,150,Bridgeview Drive,Granby,Nova Scotia,L9R 0A0,Canada,685477058,Mason@point.com
William,Wilson,195,Anchor Drive,Airdrie,New Brunswick,L0N 3J2,Canada,639876325,William@point.com
James,Moore,177,Aster Court,Victoria,Nunavut,T1L 2H8,Canada,337792713,James@way.com
James,Brown,122,Buffers Lane,Newmarket,Nunavut,E4M 2G2,Canada,550431383,James@book.com
Alexander,Davis,441,Basinview Drive,Winnipeg,Saskatchewan,B3V 2V1,Canada,729012310,Alexander@system.com
Jacob,Davis,303,Bedford Row,Brantford,Prince Edward Island,H9S 1R4,Canada,123084631,Jacob@problem.com
Alexander,Taylor,264,Armoury Place,St. Catharines,Nunavut,N4N 0B9,Canada,1282655918,Alexander@state.com
Liam,Moore,127,Brenton Street,Fredericton,Quebec,E7E 3T7,Canada,1016042947,Liam@state.com
Liam,Wilson,437,Cascade Drive,New Westminster,Alberta,L4A 0T0,Canada,1164245543,Liam@man.com
Ethan,Anderson,201,Alderwood Drive,Nanaimo,Quebec,L9R 0A0,Canada,537181076,Ethan@day.com
Mason,Miller,199,Cloverdale Road,Chilliwack,Yukon,G6X 2L1,Canada,550603608,Mason@story.com
James,Miller,457,Aikenhead Road,Kingston,Manitoba,E7E 3T7,Canada,180536622,James@room.com
Mason,Johnson,413,Armada Drive,Peterborough,Northwest Territories,H3J 3P2,Canada,1361048929,Mason@part.com
Ethan,Taylor,325,Aster Court,Grande Prairie,Saskatchewan,L0N 3J2,Canada,684827579,Ethan@part.com
Liam,Miller,406,Bald Eagle Place,New Westminster,Newfoundland and Labrador,J9P 1C6,Canada,633365138,Liam@question.com
Ethan,Thomas,37,Brycedale Lane,Lethbridge,Nova Scotia,E7E 3T7,Canada,1066164679,Ethan@point.com
Jacob,Brown,331,Cloverdale Road,Welland,Northwest Territories,L3V 1Y8,Canada,281835311,Jacob@study.com
Mason,Thomas,160,Ballantrae Lane,Norfolk County,Saskatchewan,E7E 3T7,Canada,589835460,Mason@year.com
James,Wilson,40,Bland Street,Red Deer,Nunavut,N8A 0B3,Canada,293936491,James@people.com
Ethan,Wilson,170,Boulderwood Road,Airdrie,Northwest Territories,"B0T 0Y5 ",Canada,620194728,Ethan@people.com
Mason,Thomas,192,Brunswick Street,Repentigny,Prince Edward Island,N8A 0B3,Canada,529102451,Mason@water.com
James,Miller,180,Bryden Avenue,Delta,Prince Edward Island,B2E 0X4,Canada,540631697,James@work.com
James,Johnson,152,Clayder Lane,Winnipeg,New Brunswick,E7E 3T7,Canada,1184276030,James@way.com
Jacob,Jones,369,Beachstone Drive,Prince George,New Brunswick,L0N 3J2,Canada,878020112,Jacob@study.com
