First Name,Last Name,Street Number,Street,City,Province,Postal Code,Country,Phone Number,email Address
Liam,Jones,154,Canterbury Close,Nanaimo,Northwest Territories,T1L 2H8,Canada,449366560,Liam@eye.com
Mason,Brown,2,Canary Crescent,Moncton,Prince Edward Island,H3J 3P2,Canada,707628964,Mason@woman.com
William,Moore,275,Bristol Place,Chatham-Kent,Nunavut,G3E 2K4,Canada,1102523662,William@point.com
James,Brown,129,Botany Terrace,St. Catharines,Prince Edward Island,G3E 2K4,Canada,745223561,James@program.com
James,Davis,250,Chebucto Road,Windsor,Alberta,J0N 0Z3,Canada,233358191,James@group.com
Liam,Jones,147,Caxton Close,Strathcona County,Nova Scotia,G0H 2P3,Canada,1163634940,Liam@home.com
Liam,Williams,458,Bauer Street,Norfolk County,Prince Edward Island,G0H 2P3,Canada,713217175,Liam@case.com
William,Williams,47,Bayview Road,Wood Buffalo,Newfoundland and Labrador,V8C 0S2,Canada,1083810372,William@home.com
Ethan,Taylor,436,Carlton Street,Belleville,Alberta,J0J 3V6,Canada,505645919,Ethan@Mr.com
