First Name,Last Name,Street Number,Street,City,Province,Postal Code,Country,Phone Number,email Address
"",,483,Bristol Place,Chilliwack,Nunavut,E5V 3X5,Canada,286764660,null@question.com
Jacob,Miller,405,Charles Street,Victoria,Saskatchewan,G3E 2K4,Canada,662746938,Jacob@company.com
"",Johnson,464,Benalder Lane,Saint-Hyacinthe,Prince Edward Island,L9R 0A0,Canada,444828632,null@story.com
"",Brown,379,Alm-b Ramp,Mississauga,Prince Edward Island,V8C 0S2,Canada,973113057,null@case.com
Alexander,Thomas,324,Berkshire Close,Welland,Nunavut,J1S 0R4,Canada,1250076114,Alexander@part.com
Liam,Jones,120,Beresford Road,Blainville,New Brunswick,L3V 1Y8,Canada,680578672,Liam@year.com
Jacob,Davis,468,Brigadier Court,Fredericton,Prince Edward Island,H3J 3P2,Canada,747163422,Jacob@study.com
James,Williams,268,Chelton Woods Lane,Coquitlam,Nunavut,K1B 3B2,Canada,473736192,James@fact.com
William,Taylor,164,Ashburn Avenue,Blainville,New Brunswick,G3H 0B4,Canada,638305317,William@child.com
William,Taylor,113,Church Street,Saint-Jean-sur-Richelieu,Quebec,V8C 0S2,Canada,956702830,William@right.com
Alexander,Thomas,409,Artz Street,St. John's,Nova Scotia,J9T 3H4,Canada,218959409,Alexander@job.com
"",Thomas,435,Alex Street,Fredericton,Quebec,H0H 3C9,Canada,475637542,null@school.com
Ethan,Jackson,215,Albert Place,,Manitoba,E5V 3X5,Canada,1037773208,Ethan@point.com
Liam,Jones,296,Cherry Lane,Lethbridge,Northwest Territories,"V1K 1V0 ",Canada,1036058498,Liam@right.com
Ethan,Davis,64,Cardiff Place,Sherbrooke,Alberta,"V1K 1V0 ",Canada,1114056210,Ethan@family.com
Ethan,Wilson,18,Bronson Avenue,Belleville,Prince Edward Island,L3V 1Y8,Canada,255097467,Ethan@company.com
Ethan,Brown,433,Almon Street,Burlington,Yukon,L0N 3J2,Canada,523257658,Ethan@week.com
Jacob,Jones,292,Anchor Drive,Wood Buffalo,Nova Scotia,B3V 2V1,Canada,943428258,Jacob@case.com
Liam,Davis,173,Bell Road,Abbotsford,Newfoundland and Labrador,B2E 0X4,Canada,593444945,Liam@time.com
William,Davis,167,Andrew Street,Drummondville,Northwest Territories,N8A 0B3,Canada,689169458,William@word.com
Ethan,,371,Charlotte Lane,Kawartha Lakes,Nova Scotia,"L4A 0T3 ",Canada,348035201,Ethan@world.com
Mason,Williams,414,Alma Crescent,Drummondville,Northwest Territories,J0J 3V6,Canada,632246728,Mason@country.com
Alexander,Davis,354,Bauer Street,Newmarket,Northwest Territories,H9S 1R4,Canada,145625713,Alexander@child.com
James,Anderson,498,Cedarbrae Lane,Brantford,Alberta,L3V 1Y8,Canada,200046857,James@job.com
Alexander,Jones,267,,Guelph,Prince Edward Island,E7E 3T7,Canada,748965864,Alexander@life.com
James,Thomas,290,Armcrescent West Avenue,Guelph,British Columbia,E5V 3X5,Canada,1374599452,James@system.com
"",Williams,492,Blink Bonnie Terrace,Repentigny,Manitoba,H9S 1R4,Canada,1269012096,null@mother.com
James,Moore,481,Auburn Avenue,Norfolk County,British Columbia,N8A 0B3,Canada,835188039,James@day.com
"",Williams,54,Bryden Avenue,Red Deer,British Columbia,H9S 1R4,Canada,884845804,null@study.com
"",Thomas,426,Blowers Street,Moncton,Alberta,E4S 3C4,Canada,1282919636,null@study.com
"",Thomas,395,Church Street,Red Deer,Prince Edward Island,B2E 0X4,Canada,482781294,null@problem.com
