First Name,Last Name,Street Number,Street,City,Province,Postal Code,Country,Phone Number,email Address
William,Moore,30,Carnation Crescent,Sault Ste. Marie,Yukon,J9T 3H4,Canada,1267046547,William@woman.com
Alexander,Williams,402,Chain Lake Drive,Maple Ridge,Newfoundland and Labrador,L3V 1Y8,Canada,590873283,Alexander@eye.com
Ethan,Miller,141,Blue Jay Street,Airdrie,Quebec,H0H 3C9,Canada,304998957,Ethan@program.com
Ethan,Anderson,411,Carlina Court,Halton Hills,Nunavut,,Canada,1228324335,Ethan@company.com
Ethan,Wilson,211,Blenheim Terrace,Trois-RiviÃ¨res,New Brunswick,"V1K 1V0 ",Canada,519011046,Ethan@system.com
Mason,Anderson,89,Admirals Way,Winnipeg,Nova Scotia,J0N 0Z3,Canada,1060039480,Mason@people.com
James,Thomas,55,Altavista Lane,Saanich,Prince Edward Island,N8A 0B3,Canada,807761565,James@family.com
James,Brown,226,Battery 18th Road,Brantford,Nunavut,J9T 3H4,Canada,180385419,James@people.com
"",Johnson,274,Birkdale Crescent,Windsor,Nunavut,V8B 1P6,Canada,1151984985,null@program.com
James,Moore,6,Clayton Park Drive,Halton Hills,Nunavut,"L4A 0T3 ",Canada,692237871,James@way.com
"",Jones,353,Belmont Road,Grande Prairie,,,Canada,272614363,null@story.com
Jacob,Johnson,329,Bedford Highway Ramp,Thunder Bay,New Brunswick,G3H 0B4,Canada,234674892,Jacob@student.com
Jacob,Moore,226,Birchwood Drive,Gatineau,Saskatchewan,"L4A 0T3 ",Canada,998102387,Jacob@home.com
William,Moore,219,Bayers Road,Medicine Hat,Nunavut,K1B 3B2,Canada,242485059,William@thing.com
Jacob,Anderson,443,Albert Place,Terrebonne,Quebec,N5C 2J8,Canada,595656832,Jacob@time.com
Jacob,Jones,138,Castine Way,Richmond Hill,Prince Edward Island,J9P 1C6,Canada,1324740327,Jacob@story.com
William,Thomas,419,Armada Drive,Lethbridge,Prince Edward Island,"V1K 1V0 ",Canada,660775577,William@study.com
William,Miller,260,Attenborough Court,Lethbridge,Alberta,B3V 2V1,Canada,1322308900,William@fact.com
Alexander,Wilson,372,Braeburn Road,Airdrie,Northwest Territories,"V1K 1V0 ",Canada,299186963,Alexander@program.com
