First Name,Last Name,Street Number,Street,City,Province,Postal Code,Country,Phone Number,email Address
William,Williams,207,Chartwell Lane,Saint-JÃ©rÃ´me,Prince Edward Island,N8A 0B3,Canada,916495127,William@world.com
Liam,Thomas,305,Chartwell Lane,Moncton,Northwest Territories,L3V 1Y8,Canada,1014746931,Liam@mother.com
"",Brown,359,Bond Street,Port Coquitlam,Nova Scotia,J1S 0R4,Canada,1053156638,null@Mr.com
Ethan,Davis,51,Chelsea Lane,Barrie,Newfoundland and Labrador,J0N 0Z3,Canada,280621686,Ethan@part.com
Ethan,Anderson,495,Brook Street,Kawartha Lakes,Northwest Territories,J1S 0R4,Canada,772748525,Ethan@thing.com
Ethan,Taylor,278,Bristol Place,Vaughan,Nunavut,J0N 0Z3,Canada,755564099,Ethan@family.com
Alexander,Anderson,20,Cedarbrae Lane,Pickering,Newfoundland and Labrador,L4A 0T0,Canada,1409427680,Alexander@month.com
Liam,Anderson,90,Brycedale Lane,Niagara Falls,Nunavut,J9P 1C6,Canada,1007150686,Liam@Mr.com
Ethan,Davis,466,Bryden Avenue,Saint-JÃ©rÃ´me,Prince Edward Island,E5V 3X5,Canada,1273581534,Ethan@Mr.com
Ethan,Jones,109,Birchdale Avenue,Calgary,Newfoundland and Labrador,K1B 3B2,Canada,618001079,Ethan@place.com
Jacob,Jackson,367,Alton Drive,Thunder Bay,Alberta,H0H 3C9,Canada,985616162,Jacob@room.com
William,Jackson,441,Albion Road,Richmond,Northwest Territories,J0J 3V6,Canada,781248933,William@people.com
James,Wilson,181,Clovis Avenue,Thunder Bay,,G6X 2L1,Canada,1339486061,James@case.com
Alexander,Miller,251,Brodick Lane,Richmond Hill,Saskatchewan,T1L 2H8,Canada,1271335209,Alexander@student.com
"",Davis,104,Alm-a Ramp,Montreal,Nunavut,"V1K 1V0 ",Canada,380668054,null@part.com
Liam,Williams,372,Caitland Court,Medicine Hat,Nova Scotia,E4S 3C4,Canada,791889342,Liam@water.com
Ethan,Anderson,208,Abercrombie Lane,Cape Breton,Yukon,J9T 3H4,Canada,129658391,Ethan@day.com
Ethan,Brown,138,Clearview Street,St. Albert,Nunavut,H9S 1R4,Canada,527476176,Ethan@state.com
Liam,Wilson,305,Bilton Lane,Norfolk County,Alberta,T1L 2H8,Canada,1150353391,Liam@student.com
Alexander,Brown,341,Clifton Street,Saskatoon,Newfoundland and Labrador,N8H 2H6,Canada,1400793433,Alexander@home.com
Liam,Jackson,179,Bently Drive,Blainville,Nunavut,N8A 0B3,Canada,861531915,Liam@woman.com
"",Anderson,325,Bishop Street,Grande Prairie,Nunavut,N8A 0B3,Canada,1242453317,null@Mr.com
James,Moore,455,Bonaventure Drive,Waterloo,Nunavut,L9R 0A0,Canada,257054378,James@business.com
"",Davis,365,Attenborough Court,Saint-Jean-sur-Richelieu,Northwest Territories,G3E 2K4,Canada,528311573,null@thing.com
Liam,,151,Arvida Avenue,Kelowna,,"B0T 0Y5 ",Canada,535589122,Liam@thing.com
"",Taylor,397,Bauer Street,Hamilton,Manitoba,E4S 3C4,Canada,112017834,null@story.com
William,,266,Clinton Avenue,Maple Ridge,Alberta,J0N 0Z3,Canada,1137874774,William@woman.com
Ethan,Anderson,232,Alm-a Ramp,Mirabel,Prince Edward Island,N5C 2J8,Canada,175828314,Ethan@child.com
James,,447,Chebucto Road,Burnaby,Nova Scotia,E5V 3X5,Canada,1031520570,James@time.com
Liam,Wilson,43,"Alm-../../view.php?place=Alm-# Ramp, Halifax, ns, CANADA Ramp",Kamloops,Newfoundland and Labrador,H0H 3C9,Canada,1340560757,Liam@null
James,Taylor,251,Boulderwood Road,Guelph,Nova Scotia,L3V 1Y8,Canada,1028208580,James@man.com
Ethan,Wilson,291,Clearview Street,London,Northwest Territories,L3V 1Y8,Canada,439715387,Ethan@program.com
Ethan,Taylor,45,Altavista Lane,LÃ©vis,Prince Edward Island,N5C 2J8,Canada,883413643,Ethan@people.com
Alexander,Miller,328,Briar Place,New Westminster,Alberta,E4M 2G2,Canada,1398720282,Alexander@home.com
Jacob,Davis,385,Alm-a Ramp,Saguenay,Northwest Territories,J0N 0Z3,Canada,981223506,Jacob@Mr.com
