First Name,Last Name,Street Number,Street,City,Province,Postal Code,Country,Phone Number,email Address
James,Williams,424,Canary Crescent,Kitchener,Nova Scotia,E4M 2G2,Canada,1373830202,James@eye.com
James,Wilson,221,Cairnwell Close,Cape Breton,Nova Scotia,V8C 0S2,Canada,725597105,James@right.com
Jacob,Moore,348,Cairnwell Close,Ajax,British Columbia,G3H 0B4,Canada,557871710,Jacob@group.com
Ethan,Davis,19,Cabot Back Lane,Mirabel,Saskatchewan,L4A 0T0,Canada,786326389,Ethan@year.com
"",Miller,353,Barrington Street,Mirabel,,J9T 3H4,Canada,302904087,null@week.com
Jacob,Taylor,250,Birches Drive,Brantford,Prince Edward Island,H0H 3C9,Canada,176848678,Jacob@school.com
Ethan,Miller,232,Beresford Road,North Vancouver,British Columbia,J9T 3H4,Canada,1060691831,Ethan@book.com
Jacob,Taylor,115,Bayne Street,Vaughan,Prince Edward Island,J0N 0Z3,Canada,138838314,Jacob@business.com
Ethan,Moore,221,Bristol Place,Saanich,Nova Scotia,J1S 0R4,Canada,498226322,Ethan@day.com
"",Thomas,146,Ballantrae Lane,Repentigny,Quebec,G6X 2L1,Canada,358612968,null@eye.com
William,Johnson,458,Adams Avenue,Delta,Saskatchewan,E5V 3X5,Canada,184715295,William@book.com
James,Miller,225,Boulderwood Road,Pickering,Nunavut,J0J 3V6,Canada,822277504,James@water.com
William,Moore,88,Carlton Street,Drummondville,New Brunswick,G3H 0B4,Canada,890568625,William@life.com
William,Moore,485,Arthur Street,Mississauga,New Brunswick,G3H 0B4,Canada,345138678,William@state.com
Ethan,,391,Allan Street,Halton Hills,Yukon,V8C 0S2,Canada,165018986,Ethan@job.com
Alexander,,416,Chelton Woods Lane,Thunder Bay,Nunavut,B2E 0X4,Canada,181195204,Alexander@thing.com
"",Johnson,415,Blenheim Terrace,Waterloo,Northwest Territories,J0N 0Z3,Canada,997351951,null@lot.com
"",Thomas,294,Braeside Lane,Moncton,Prince Edward Island,B3V 2V1,Canada,736691204,null@school.com
Alexander,Williams,498,Bright Place,Burnaby,Nunavut,L4A 0T0,Canada,290856730,Alexander@life.com
Mason,Williams,168,Buddy Daye Street,Kamloops,Nunavut,E5V 3X5,Canada,1307464794,Mason@thing.com
Mason,Miller,45,Claymore Avenue,Waterloo,Northwest Territories,J1S 0R4,Canada,882992293,Mason@place.com
"",Brown,367,Chartwell Lane,Kawartha Lakes,Manitoba,J9T 3H4,Canada,412432083,null@business.com
"",Thomas,360,Battery Drive,Saint-Hyacinthe,Prince Edward Island,H0H 3C9,Canada,984332885,null@man.com
Liam,Moore,5,Canary Crescent,Red Deer,Newfoundland and Labrador,"L4A 0T3 ",Canada,521488466,Liam@point.com
Jacob,Jones,320,Autumn Drive,North Bay,Quebec,"B0T 0Y5 ",Canada,157873147,Jacob@hand.com
Jacob,Davis,67,Clayton Park Drive,Belleville,Alberta,L9R 0A0,Canada,1083571411,Jacob@null
Mason,,47,Brodick Lane,Regina,Nunavut,J9T 3H4,Canada,399144193,Mason@fact.com
"",,171,Bond Street,Welland,Northwest Territories,G3H 0B4,Canada,1282807392,null@eye.com
"",Jackson,397,Bedford Highway,Wood Buffalo,Nova Scotia,K1B 3B2,Canada,1157282267,null@week.com
