First Name,Last Name,Street Number,Street,City,Province,Postal Code,Country,Phone Number,email Address
James,Thomas,400,Braeside Lane,Saanich,Alberta,G6X 2L1,Canada,351357687,James@null
"",Wilson,284,Chebucto Lane,Waterloo,Nunavut,L3V 1Y8,Canada,501057369,null@week.com
"",Wilson,123,Alm-c Ramp,Welland,Nunavut,B3V 2V1,Canada,857645036,null@month.com
Liam,Jackson,434,Aukland Place,Blainville,Nova Scotia,N5C 2J8,Canada,1114623666,Liam@job.com
"",Brown,260,Churchill Drive,Saskatoon,Saskatchewan,G0H 2P3,Canada,843826623,null@case.com
Ethan,Jackson,394,Africville Road,Brossard,New Brunswick,"L4A 0T3 ",Canada,218970408,Ethan@state.com
William,Davis,439,Bridges Street,Gatineau,Northwest Territories,H0H 3C9,Canada,1156870706,William@people.com
"",Thomas,336,Allan Street,Brampton,Yukon,G0H 2P3,Canada,1103049404,null@place.com
"",Anderson,23,Africville Road,Mirabel,Prince Edward Island,"V1K 1V0 ",Canada,1280151439,null@lot.com
Mason,Jones,128,Bluestone Road,Oakville,Alberta,H0H 3C9,Canada,1024742686,Mason@year.com
