First Name,Last Name,Street Number,Street,City,Province,Postal Code,Country,Phone Number,email Address
William,Thomas,443,Claremont Street,Victoria,Nova Scotia,J9T 3H4,Canada,337383017,William@people.com
William,,419,Birkdale Crescent,Grande Prairie,Yukon,V8B 1P6,Canada,1348425215,William@family.com
Ethan,,264,Aurora Avenue,Calgary,Alberta,J1S 0R4,Canada,667595337,Ethan@room.com
Liam,Wilson,252,Attenborough Court,Brantford,Northwest Territories,N8H 2H6,Canada,630948759,Liam@life.com
"",Jackson,243,Clayton Park Drive,Whitby,New Brunswick,H0H 3C9,Canada,552177360,null@eye.com
Mason,Anderson,340,Bryden Avenue,Saanich,Nova Scotia,N8A 0B3,Canada,781448041,Mason@man.com
"",Anderson,56,Bridget Avenue,Prince George,Alberta,L9R 0A0,Canada,142808028,null@question.com
James,Thomas,79,Birch Street,Waterloo,Quebec,L4A 0T0,Canada,1328881093,James@family.com
Alexander,Jones,60,Bond Street,North Bay,Manitoba,E7E 3T7,Canada,653848020,Alexander@year.com
William,Thomas,124,Brook Street,Pickering,Prince Edward Island,J0J 3V6,Canada,219366449,William@government.com
"",Moore,315,Attenborough Court,Halton Hills,Nova Scotia,"L4A 0T3 ",Canada,367444641,null@group.com
Alexander,Wilson,209,Bellevue Avenue,Clarington,New Brunswick,E5V 3X5,Canada,1276358036,Alexander@man.com
William,,49,Barrington Street,Pickering,Quebec,L3V 1Y8,Canada,1257775390,William@child.com
Jacob,,11,Clayder Lane,Niagara Falls,Nova Scotia,B3V 2V1,Canada,120112737,Jacob@home.com
"",Taylor,368,Berkshire Close,Saskatoon,Prince Edward Island,V8C 0S2,Canada,505252996,null@money.com
Ethan,Moore,260,Cavendish Road,Kitchener,British Columbia,L0N 3J2,Canada,322124689,Ethan@month.com
Alexander,Moore,268,Balmoral Road,Lethbridge,British Columbia,"L4A 0T3 ",Canada,734783752,Alexander@Mr.com
Liam,Anderson,471,Carriageway Crescent,Airdrie,Nunavut,G3E 2K4,Canada,630039013,Liam@number.com
Mason,Thomas,201,Bryden Avenue,Windsor,Yukon,V8C 0S2,Canada,245148373,Mason@place.com
Jacob,Wilson,498,Belle Aire Terrace,Port Coquitlam,Newfoundland and Labrador,E4M 2G2,Canada,1336336574,Jacob@money.com
Jacob,Williams,304,Albemarle Street,Oshawa,British Columbia,H9S 1R4,Canada,685259319,Jacob@place.com
"",Wilson,245,Cabot Place,Medicine Hat,Prince Edward Island,H9S 1R4,Canada,957274509,null@mother.com
James,Taylor,158,Caxton Close,Kelowna,Saskatchewan,G3H 0B4,Canada,178231601,James@group.com
Ethan,Thomas,390,Bryden Avenue,Aurora,Saskatchewan,H9S 1R4,Canada,427343225,Ethan@state.com
Alexander,Wilson,390,Bliss Street,Burnaby,Nunavut,H3J 3P2,Canada,251456705,Alexander@lot.com
William,Taylor,198,Brewer Court,Guelph,Newfoundland and Labrador,E5V 3X5,Canada,624926823,William@state.com
Mason,Miller,416,Alm-a Ramp,North Vancouver,Manitoba,"B0T 0Y5 ",Canada,1327113564,Mason@man.com
Liam,Wilson,492,Clifton Street,Coquitlam,Saskatchewan,"B0T 0Y5 ",Canada,703117170,Liam@year.com
William,Johnson,370,Claymore Avenue,Fredericton,Nova Scotia,"L4A 0T3 ",Canada,498776749,William@people.com
Alexander,Williams,25,,London,Alberta,J1S 0R4,Canada,878014077,Alexander@world.com
Mason,Moore,181,Beechwood Terrace,Trois-RiviÃ¨res,Newfoundland and Labrador,J0J 3V6,Canada,1334233061,Mason@time.com
Ethan,Taylor,12,Ashburn Avenue,Nanaimo,New Brunswick,J9T 3H4,Canada,956282270,Ethan@hand.com
