First Name,Last Name,Street Number,Street,City,Province,Postal Code,Country,Phone Number,email Address
Alexander,Wilson,253,Arthur Street,Repentigny,Nova Scotia,,Canada,115715989,Alexander@state.com
James,Johnson,356,Acadia Street,Saguenay,Northwest Territories,N8H 2H6,Canada,1287774523,James@thing.com
Ethan,Jackson,119,Bedford Row,Vancouver,Nunavut,J9P 1C6,Canada,1387579759,Ethan@way.com
Liam,Wilson,145,Avon Crescent,Halton Hills,New Brunswick,L0N 3J2,Canada,782176735,Liam@water.com
James,Moore,85,Alderwood Drive,Ajax,Prince Edward Island,G0H 2P3,Canada,853387981,James@night.com
"",Thomas,149,Clearview Street,Newmarket,Nunavut,E4M 2G2,Canada,812926627,null@time.com
William,Anderson,183,Abrams Way,Fredericton,Prince Edward Island,L4A 0T0,Canada,1374846018,William@work.com
