First Name,Last Name,Street Number,Street,City,Province,Postal Code,Country,Phone Number,email Address
Ethan,Taylor,175,Clinton Avenue,North Vancouver,Yukon,G3E 2K4,Canada,514502040,Ethan@water.com
"",Taylor,72,Chelsea Lane,Red Deer,Quebec,T1L 2H8,Canada,473481226,null@money.com
"",Thomas,274,Archibald Avenue,Prince George,Nova Scotia,N5C 2J8,Canada,597304833,null@Mr.com
Liam,Taylor,400,Cairnwell Close,St. Catharines,Northwest Territories,"L4A 0T3 ",Canada,684087596,Liam@year.com
Alexander,Davis,39,Boulderwood Road,Brossard,Alberta,"V1K 1V0 ",Canada,647196451,Alexander@country.com
"",Miller,160,Cardiff Place,Sherbrooke,Quebec,J1S 0R4,Canada,292212859,null@job.com
Alexander,Thomas,249,Brenton Place,Vancouver,Northwest Territories,N8A 0B3,Canada,1223390397,Alexander@time.com
William,Thomas,441,Clayton Park Drive,Richmond,Prince Edward Island,J0J 3V6,Canada,1005131028,William@Mr.com
Ethan,Jones,231,Autumn Drive,Granby,Nunavut,N8H 2H6,Canada,1086995093,Ethan@question.com
William,Thomas,173,Africville Road,Port Coquitlam,Quebec,G3H 0B4,Canada,965806109,William@way.com
"",Jackson,332,Central Avenue,St. Catharines,British Columbia,,Canada,636827639,null@group.com
Ethan,Miller,13,Benjamin Green Drive,Markham,Prince Edward Island,J0N 0Z3,Canada,1016812128,Ethan@question.com
Liam,Johnson,210,Aikens Avenue,Calgary,Alberta,K1B 3B2,Canada,924381063,Liam@word.com
Jacob,Wilson,367,Armview Terrace,Fredericton,Prince Edward Island,"B0T 0Y5 ",Canada,1349070384,Jacob@government.com
Jacob,Thomas,432,Brodick Lane,Norfolk County,Saskatchewan,H9S 1R4,Canada,1296842929,Jacob@Mr.com
"",Jones,344,Bobolink Street,Medicine Hat,Northwest Territories,B2E 0X4,Canada,563322631,null@point.com
William,Anderson,493,Bright Place,Clarington,Nova Scotia,T1L 2H8,Canada,995752317,William@program.com
"",Brown,472,Beechwood Terrace,Port Coquitlam,Quebec,B3V 2V1,Canada,489606607,null@mother.com
Liam,Miller,485,Armcrescent East Drive,Gatineau,New Brunswick,"L4A 0T3 ",Canada,430145221,Liam@place.com
Mason,Jones,272,Amirault Court,Oshawa,Saskatchewan,G0H 2P3,Canada,383275041,Mason@point.com
Jacob,Anderson,268,Brigadier Court,Moncton,Saskatchewan,K1B 3B2,Canada,1191869905,Jacob@world.com
Jacob,,207,Bellevue Avenue,Montreal,Northwest Territories,E4S 3C4,Canada,860048210,Jacob@mother.com
Ethan,Jackson,476,Clayder Lane,Red Deer,Alberta,L0N 3J2,Canada,930414494,Ethan@Mr.com
"",Moore,29,Brunswick Street,Clarington,Manitoba,G3H 0B4,Canada,562643370,null@child.com
Liam,Johnson,67,Bayers Road,Belleville,Yukon,B2E 0X4,Canada,768363177,Liam@country.com
"",,270,Cedar Street,Ajax,Prince Edward Island,N8H 2H6,Canada,895411187,null@problem.com
Liam,Johnson,307,Blue Jay Street,Airdrie,Newfoundland and Labrador,G0H 2P3,Canada,105795804,Liam@study.com
Jacob,Jones,16,Alex Street,Mirabel,British Columbia,G0H 2P3,Canada,460142578,Jacob@lot.com
Ethan,Moore,380,Cardiff Place,Delta,Northwest Territories,G0H 2P3,Canada,1139903871,Ethan@country.com
Ethan,Anderson,156,Bond Street,Brossard,Yukon,N8H 2H6,Canada,177063993,Ethan@student.com
James,Miller,441,Ardwell Avenue,Airdrie,Nunavut,H9S 1R4,Canada,1249033862,James@country.com
"",Moore,64,Centre Gate,Lethbridge,Alberta,E7E 3T7,Canada,258725783,null@problem.com
James,Jones,316,Carroll Lane,Whitby,Nunavut,L9R 0A0,Canada,306839505,James@fact.com
