First Name,Last Name,Street Number,Street,City,Province,Postal Code,Country,Phone Number,email Address
Alexander,Taylor,187,Alumni Crescent,Waterloo,,J0J 3V6,Canada,1248323874,Alexander@lot.com
Ethan,Taylor,190,Boscobel Road,Saint-Jean-sur-Richelieu,Alberta,V8B 1P6,Canada,884438312,Ethan@mother.com
Alexander,Wilson,120,Albion Road,Oshawa,Alberta,N5C 2J8,Canada,1347384325,Alexander@business.com
William,Miller,452,Brook Street,New Westminster,Nunavut,E7E 3T7,Canada,1185890738,William@business.com
James,,496,Aster Court,Clarington,Prince Edward Island,T1L 2H8,Canada,181170991,James@child.com
"",Johnson,145,Clifton Street,Aurora,Prince Edward Island,B3V 2V1,Canada,1218521834,null@week.com
Alexander,Moore,453,Bilton Lane,Quebec City,New Brunswick,G0H 2P3,Canada,847853130,Alexander@way.com
Mason,Jones,241,Auburn Avenue,Thunder Bay,Prince Edward Island,N5C 2J8,Canada,1148063752,Mason@fact.com
James,Thomas,379,Ahern Avenue,Kingston,New Brunswick,B3V 2V1,Canada,1221256277,James@company.com
Ethan,Williams,308,Carriageway Crescent,Gatineau,Quebec,L0N 3J2,Canada,491346924,Ethan@government.com
Jacob,Williams,434,Birmingham Street,Markham,Nunavut,E5V 3X5,Canada,776360894,Jacob@money.com
James,Brown,414,Cairnwell Close,Richmond Hill,Manitoba,J0N 0Z3,Canada,207526890,James@time.com
Mason,Jones,314,Barracks Drive,Surrey,Newfoundland and Labrador,V8C 0S2,Canada,1027917602,Mason@number.com
James,,142,Birch Street,Saint-JÃ©rÃ´me,Manitoba,J9P 1C6,Canada,1341473291,James@water.com
James,Wilson,124,Bronson Avenue,Victoria,Manitoba,J0N 0Z3,Canada,734411916,James@student.com
William,Jackson,261,Bayers Road,Sherbrooke,Alberta,B3V 2V1,Canada,1241441731,William@child.com
"",Brown,177,Amirault Court,Sherbrooke,New Brunswick,J1S 0R4,Canada,901980358,null@child.com
Alexander,,123,Atlantic Street,Welland,Alberta,G3H 0B4,Canada,438179493,Alexander@work.com
"",Thomas,413,Battery Drive,Delta,Nova Scotia,T1L 2H8,Canada,433866654,null@week.com
James,Brown,410,Caxton Close,Strathcona County,Northwest Territories,J1S 0R4,Canada,1054456846,James@case.com
James,Anderson,265,Balmoral Road,Vancouver,Prince Edward Island,N4N 0B9,Canada,722578420,James@null
Ethan,Wilson,315,Armdale Rotary,Milton,Prince Edward Island,J9T 3H4,Canada,1020364734,Ethan@family.com
Alexander,Anderson,141,Charlton Avenue,Airdrie,Quebec,G0H 2P3,Canada,895034096,Alexander@night.com
Alexander,Wilson,77,Campbell Drive,Medicine Hat,Prince Edward Island,G3H 0B4,Canada,393753331,Alexander@book.com
James,Jones,19,Aukland Place,North Vancouver,Prince Edward Island,N8A 0B3,Canada,832585060,James@room.com
James,Anderson,491,Armdale Rotary,Vancouver,Newfoundland and Labrador,H3J 3P2,Canada,933442536,James@family.com
Jacob,Thomas,202,Bloomingdale Terrace,Medicine Hat,,"L4A 0T3 ",Canada,183885411,Jacob@state.com
Alexander,Jones,337,Blue Jay Street,Caledon,Nunavut,J9T 3H4,Canada,1061206346,Alexander@program.com
Ethan,Taylor,24,Burns Drive,Whitby,Northwest Territories,G6X 2L1,Canada,140014714,Ethan@people.com
Mason,Miller,205,Castlepark Grove,Drummondville,Yukon,N5C 2J8,Canada,434140225,Mason@null
Alexander,Williams,321,Bower Road,Saguenay,Prince Edward Island,B3V 2V1,Canada,1042443105,Alexander@study.com
Alexander,,115,Andrew Street,Oakville,Nova Scotia,E5V 3X5,Canada,1152329821,Alexander@question.com
Liam,Moore,301,Ascot Avenue,Sault Ste. Marie,British Columbia,N4N 0B9,Canada,482932839,Liam@people.com
James,,333,Abrams Way,Vancouver,Quebec,J9P 1C6,Canada,1046932474,James@problem.com
Alexander,Miller,131,Blue Willow Court,LÃ©vis,Nunavut,"V1K 1V0 ",Canada,925783596,Alexander@water.com
William,Davis,262,Bobolink Street,Chatham-Kent,Saskatchewan,J0J 3V6,Canada,1295158687,William@year.com
Ethan,Anderson,137,Belmont On The Arm,Quebec City,Newfoundland and Labrador,B2E 0X4,Canada,940217254,Ethan@night.com
James,Thomas,389,Carriageway Crescent,Quebec City,Nova Scotia,J0J 3V6,Canada,1310577110,James@program.com
Ethan,Jones,349,Claymore Avenue,Surrey,New Brunswick,N8H 2H6,Canada,412907715,Ethan@day.com
