First Name,Last Name,Street Number,Street,City,Province,Postal Code,Country,Phone Number,email Address
Alexander,Jones,43,Carriageway Crescent,Whitby,Saskatchewan,E4S 3C4,Canada,1333787253,Alexander@school.com
Ethan,Taylor,469,Armoury Place,Whitby,Alberta,L3V 1Y8,Canada,792640577,Ethan@program.com
Alexander,Taylor,199,Belmont Road,North Vancouver,Quebec,L0N 3J2,Canada,1227406278,Alexander@right.com
Ethan,Davis,297,Beresford Road,Belleville,Alberta,E4M 2G2,Canada,649637894,Ethan@time.com
Alexander,Miller,265,Adelaide Avenue,Richmond Hill,British Columbia,L0N 3J2,Canada,1037353125,Alexander@group.com
"",Wilson,6,Bedford Highway Ramp,Calgary,Nunavut,G6X 2L1,Canada,916960549,null@place.com
Jacob,Moore,498,Churchill Drive,Sherbrooke,Prince Edward Island,L0N 3J2,Canada,257559111,Jacob@job.com
Jacob,Jones,228,Claremont Street,Belleville,Alberta,,Canada,364439666,Jacob@question.com
William,Davis,143,Acorn Road,Sarnia,Newfoundland and Labrador,,Canada,609367086,William@woman.com
Jacob,Taylor,203,Berlin Street,Peterborough,Prince Edward Island,H3J 3P2,Canada,1300537944,Jacob@null
Ethan,Jackson,330,Boscobel Road,Mississauga,Nova Scotia,J1S 0R4,Canada,1096728647,Ethan@question.com
Liam,Brown,432,Alton Drive,Vaughan,British Columbia,G3E 2K4,Canada,1056989071,Liam@hand.com
William,Williams,226,Birch Street,North Vancouver,Nova Scotia,E4S 3C4,Canada,1141695307,William@work.com
Mason,Taylor,288,Ashton Lane,North Vancouver,Alberta,"V1K 1V0 ",Canada,466951799,Mason@question.com
"",Williams,343,Armstrong Court,Milton,Alberta,G3H 0B4,Canada,1266359448,null@room.com
William,Jackson,38,Blue Jay Street,Aurora,Manitoba,L0N 3J2,Canada,608970653,William@thing.com
Alexander,Anderson,466,Archibald Avenue,St. Catharines,British Columbia,"B0T 0Y5 ",Canada,214885292,Alexander@money.com
Mason,Taylor,145,Church Street,Guelph,Saskatchewan,E5V 3X5,Canada,803274250,Mason@study.com
"",Johnson,201,Bryden Avenue,Sault Ste. Marie,Northwest Territories,"V1K 1V0 ",Canada,278149885,null@woman.com
William,Jackson,302,Arvida Avenue,Newmarket,Newfoundland and Labrador,N8A 0B3,Canada,1100498510,William@time.com
William,Jones,286,Balmoral Road,Greater Sudbury,Quebec,G6X 2L1,Canada,393441482,William@Mr.com
Liam,Brown,204,Church Street,St. Catharines,Newfoundland and Labrador,V8B 1P6,Canada,1193963234,Liam@thing.com
Alexander,Miller,375,Chestnut Street,Wood Buffalo,Nova Scotia,E4M 2G2,Canada,1401153899,Alexander@program.com
Alexander,Thomas,479,Claymore Avenue,Terrebonne,Nunavut,N5C 2J8,Canada,133707168,Alexander@day.com
Mason,Miller,208,Arthur Street,Grande Prairie,Nunavut,J1S 0R4,Canada,784290048,Mason@study.com
Ethan,Johnson,449,Braeburn Road,Maple Ridge,Newfoundland and Labrador,J0N 0Z3,Canada,1243290674,Ethan@state.com
Jacob,Anderson,168,Alm-e Ramp,Sherbrooke,Northwest Territories,J0J 3V6,Canada,387072228,Jacob@room.com
Liam,Moore,119,Brigadier Court,Milton,Newfoundland and Labrador,G3E 2K4,Canada,200387001,Liam@number.com
James,Johnson,39,Alm-a Ramp,Brampton,British Columbia,"B0T 0Y5 ",Canada,1384532232,James@right.com
Alexander,Johnson,170,Bonaventure Drive,Drummondville,Nunavut,L3V 1Y8,Canada,167212384,Alexander@life.com
Alexander,Johnson,125,Castine Way,Sherbrooke,Nova Scotia,N8H 2H6,Canada,1024345567,Alexander@state.com
Ethan,Wilson,367,Blink Bonnie Terrace,Surrey,Northwest Territories,L4A 0T0,Canada,663235520,Ethan@null
Liam,Jackson,219,Bright Place,Brantford,Newfoundland and Labrador,J1S 0R4,Canada,380294494,Liam@word.com
Jacob,Taylor,92,Bermuda Avenue,Prince George,New Brunswick,G0H 2P3,Canada,1078377886,Jacob@case.com
Liam,Jackson,327,Blenheim Terrace,Granby,Alberta,H3J 3P2,Canada,1145600928,Liam@point.com
Liam,Jones,83,Brycedale Lane,Vaughan,Newfoundland and Labrador,G0H 2P3,Canada,1249718890,Liam@word.com
Liam,Taylor,265,Barclay Avenue,Whitby,Manitoba,J0J 3V6,Canada,692146609,Liam@school.com
Liam,Anderson,122,Cherry Lane,Moncton,Northwest Territories,N5C 2J8,Canada,776240986,Liam@country.com
William,Brown,383,Bobolink Street,Port Coquitlam,Prince Edward Island,L4A 0T0,Canada,623053522,William@country.com
Alexander,Thomas,367,Alm-d Ramp,St. Catharines,Northwest Territories,J1S 0R4,Canada,414888622,Alexander@company.com
