First Name,Last Name,Street Number,Street,City,Province,Postal Code,Country,Phone Number,email Address
William,Taylor,108,Carriageway Crescent,Gatineau,Prince Edward Island,G6X 2L1,Canada,310897034,William@woman.com
"",Anderson,309,Armcrescent West Avenue,Welland,Nova Scotia,E4S 3C4,Canada,1221788945,null@room.com
Alexander,Miller,276,Acadia Street,Grande Prairie,Northwest Territories,N8H 2H6,Canada,196773961,Alexander@child.com
William,Williams,50,Bedford Highway Ramp,North Vancouver,Alberta,K1B 3B2,Canada,944532930,William@government.com
