First Name,Last Name,Street Number,Street,City,Province,Postal Code,Country,Phone Number,email Address
Mason,Moore,168,Alumni Crescent,Cape Breton,New Brunswick,B3V 2V1,Canada,795439760,Mason@thing.com
"",Jones,287,Basinview Drive,Windsor,Prince Edward Island,H3J 3P2,Canada,1325581819,null@Mr.com
Mason,Jones,116,Carroll Lane,Kingston,Nova Scotia,E7E 3T7,Canada,983171225,Mason@school.com
"",Davis,305,Brighton Avenue,Kingston,New Brunswick,N5C 2J8,Canada,1042430440,null@day.com
Ethan,Williams,197,Chisholm Avenue,Greater Sudbury,Alberta,L9R 0A0,Canada,691880542,Ethan@right.com
Mason,Williams,251,Bridges Street,Thunder Bay,Prince Edward Island,L9R 0A0,Canada,377043902,Mason@null
Ethan,Williams,470,Bauer Street,Surrey,British Columbia,E4M 2G2,Canada,480254293,Ethan@home.com
Liam,Taylor,140,Cedarbrae Lane,Maple Ridge,Prince Edward Island,"V1K 1V0 ",Canada,599656587,Liam@night.com
"",Thomas,237,Armdale Rotary,Saanich,,E4M 2G2,Canada,1327980642,null@job.com
Ethan,Wilson,211,,Grande Prairie,Nunavut,G0H 2P3,Canada,941060862,Ethan@lot.com
Ethan,Anderson,412,Africville Road,Gatineau,Nunavut,L3V 1Y8,Canada,931290403,Ethan@country.com
James,Williams,79,Berlin Street,Repentigny,Saskatchewan,T1L 2H8,Canada,669055601,James@business.com
"",Anderson,154,Cherry Street,Grande Prairie,Prince Edward Island,G3H 0B4,Canada,986135640,null@point.com
Liam,Thomas,62,Balcomes Drive,Saskatoon,,E5V 3X5,Canada,450803024,Liam@month.com
Ethan,Anderson,481,Caitland Court,Surrey,Alberta,J9T 3H4,Canada,354925202,Ethan@Mr.com
Alexander,Moore,90,Cascade Drive,Waterloo,Nunavut,J0N 0Z3,Canada,171560558,Alexander@woman.com
Jacob,Williams,144,Bently Drive,Saint-Hyacinthe,Yukon,G6X 2L1,Canada,1316258428,Jacob@room.com
Liam,Johnson,127,Cedarbank Terrace,Halton Hills,,H9S 1R4,Canada,537832278,Liam@world.com
Mason,Williams,296,Carmichael Street,Peterborough,Newfoundland and Labrador,G3H 0B4,Canada,994371661,Mason@family.com
William,Moore,252,Ballantrae Lane,Chatham-Kent,Alberta,T1L 2H8,Canada,1360045791,William@state.com
William,Jackson,138,Carlina Court,Delta,Newfoundland and Labrador,"B0T 0Y5 ",Canada,685964214,William@mother.com
Liam,Jones,144,Buddy Daye Street,Hamilton,Prince Edward Island,L9R 0A0,Canada,265664121,Liam@number.com
James,Jones,186,Albert Place,Laval,Northwest Territories,N4N 0B9,Canada,155717395,James@world.com
James,Wilson,366,Belle Aire Terrace,Cape Breton,,G3H 0B4,Canada,224274759,James@way.com
James,Brown,88,Albion Road,Oakville,Newfoundland and Labrador,E4S 3C4,Canada,918349998,James@problem.com
William,Williams,449,Chelton Woods Lane,Sherbrooke,Alberta,E7E 3T7,Canada,991599694,William@group.com
Alexander,Anderson,324,Abbott Drive,Saskatoon,Manitoba,E4S 3C4,Canada,1113296702,Alexander@fact.com
