First Name,Last Name,Street Number,Street,City,Province,Postal Code,Country,Phone Number,email Address
Alexander,Jones,484,Birchview Drive,Aurora,Northwest Territories,H3J 3P2,Canada,618238674,Alexander@number.com
Jacob,Thomas,170,Balwearie Lane,New Westminster,Prince Edward Island,H3J 3P2,Canada,719639783,Jacob@work.com
James,Brown,363,"Alm-../../view.php?place=Alm-# Ramp, Halifax, ns, CANADA Ramp",Saint-Jean-sur-Richelieu,British Columbia,J1S 0R4,Canada,323047458,James@child.com
Ethan,Jackson,206,Chain Lake Drive,Victoria,Manitoba,J0J 3V6,Canada,1308498918,Ethan@company.com
Mason,Anderson,94,Allan Street,New Westminster,Nunavut,J9T 3H4,Canada,806824887,Mason@hand.com
Liam,Anderson,60,Circle Drive,Surrey,Saskatchewan,N8A 0B3,Canada,260321578,Liam@hand.com
James,Anderson,178,Camelot Lane,Cape Breton,Northwest Territories,K1B 3B2,Canada,410056549,James@lot.com
"",Johnson,202,Blink Bonnie Terrace,St. Albert,British Columbia,J9T 3H4,Canada,1061284818,null@job.com
Jacob,Johnson,216,Allan Street,St. Albert,New Brunswick,J1S 0R4,Canada,1138976936,Jacob@case.com
William,Jackson,277,Beachstone Drive,Saint John,Nunavut,V8C 0S2,Canada,1066267741,William@woman.com
Jacob,Anderson,50,Albemarle Street,Saint John,Nova Scotia,H9S 1R4,Canada,555437128,Jacob@work.com
"",Jones,70,Alumni Crescent,Longueuil,Alberta,L0N 3J2,Canada,211154659,null@school.com
William,Williams,43,Claremont Street,Pickering,Alberta,J9P 1C6,Canada,1110313996,William@country.com
"",Anderson,458,Abercrombie Lane,Saint-Jean-sur-Richelieu,Saskatchewan,H9S 1R4,Canada,236596541,null@people.com
"",,290,Birkdale Crescent,Port Coquitlam,Manitoba,G3H 0B4,Canada,300492990,null@school.com
Mason,Anderson,144,Armview Terrace,Clarington,Manitoba,B2E 0X4,Canada,1407021049,Mason@right.com
James,Moore,391,Bauer Street,Burlington,Prince Edward Island,H0H 3C9,Canada,1393267455,James@Mr.com
Jacob,Miller,399,Berkshire Close,Burnaby,Alberta,V8B 1P6,Canada,184475645,Jacob@student.com
Liam,Taylor,396,Bayne Street,Cape Breton,Northwest Territories,K1B 3B2,Canada,178617562,Liam@government.com
Mason,Miller,404,Binney Street,Cape Breton,Prince Edward Island,B3V 2V1,Canada,272340466,Mason@month.com
Alexander,Williams,249,Bridgeview Drive,Saint John,Northwest Territories,G3H 0B4,Canada,318821936,Alexander@right.com
William,Moore,266,Birmingham Street,Milton,Nunavut,T1L 2H8,Canada,311477384,William@point.com
"",Davis,366,Banbury Close,Mirabel,Saskatchewan,J0J 3V6,Canada,1362223982,null@state.com
Ethan,Johnson,214,Belmont On The Arm,Saint John,New Brunswick,G3E 2K4,Canada,362697985,Ethan@part.com
Mason,,178,Alm-d Ramp,Airdrie,Northwest Territories,G3H 0B4,Canada,761939610,Mason@water.com
Jacob,Anderson,259,Alm-a Ramp,Grande Prairie,New Brunswick,L0N 3J2,Canada,876098495,Jacob@home.com
"",Williams,282,Cartaret Street,Brantford,Northwest Territories,N8A 0B3,Canada,1128941884,null@story.com
James,Brown,111,Bayers Road,Drummondville,New Brunswick,E4S 3C4,Canada,433532536,James@money.com
"",Thomas,166,Albert Place,Sault Ste. Marie,Prince Edward Island,L4A 0T0,Canada,473264455,null@country.com
Ethan,Davis,376,Bedford Highway Ramp,Abbotsford,Nunavut,N8A 0B3,Canada,534930751,Ethan@woman.com
Ethan,Johnson,73,Broadholme Lane,Guelph,Northwest Territories,E4S 3C4,Canada,844550376,Ethan@man.com
Ethan,Wilson,72,Cabot Back Lane,Saint-Hyacinthe,Northwest Territories,E4S 3C4,Canada,1236004222,Ethan@year.com
Jacob,,258,Churchill Drive,North Vancouver,New Brunswick,H3J 3P2,Canada,1219260734,Jacob@student.com
Liam,Brown,355,Carlina Court,Whitby,Alberta,N4N 0B9,Canada,1293582137,Liam@study.com
Ethan,Jones,389,Acorn Road,Burnaby,Northwest Territories,V8B 1P6,Canada,1172710655,Ethan@country.com
Jacob,Brown,138,Blenheim Terrace,Sherbrooke,Alberta,G3E 2K4,Canada,739781966,Jacob@school.com
"",Thomas,248,Arvida Avenue,Saguenay,Prince Edward Island,G3H 0B4,Canada,310331851,null@case.com
Alexander,Wilson,208,Camelot Lane,Mirabel,British Columbia,"V1K 1V0 ",Canada,921730208,Alexander@system.com
James,,134,Braeside Lane,Brossard,Saskatchewan,E4S 3C4,Canada,181083500,James@job.com
