First Name,Last Name,Street Number,Street,City,Province,Postal Code,Country,Phone Number,email Address
"",Jackson,118,Beech Street,Grande Prairie,Prince Edward Island,N8A 0B3,Canada,911677970,null@year.com
"",Johnson,277,Africville Road,Burlington,Prince Edward Island,L3V 1Y8,Canada,260442168,null@fact.com
Liam,Wilson,388,Cloverdale Road,,New Brunswick,E4S 3C4,Canada,935155412,Liam@hand.com
Liam,Jackson,341,Broadholme Lane,North Vancouver,Newfoundland and Labrador,G3H 0B4,Canada,1106411339,Liam@way.com
Liam,Wilson,271,Chester Avenue,Grande Prairie,Prince Edward Island,J0N 0Z3,Canada,963798554,Liam@family.com
"",Jackson,311,Bristol Place,Kingston,Alberta,L4A 0T0,Canada,1363297449,null@group.com
"",Anderson,168,Barrington Street,Brampton,British Columbia,J9P 1C6,Canada,1357458115,null@month.com
Mason,Brown,61,Admirals Way,Port Coquitlam,Alberta,G3H 0B4,Canada,416562264,Mason@world.com
Ethan,Johnson,125,Armoury Place,Coquitlam,Saskatchewan,V8C 0S2,Canada,961461599,Ethan@year.com
Alexander,Jackson,224,Birch Cove Lane,Winnipeg,Alberta,N8A 0B3,Canada,777715803,Alexander@right.com
James,Jackson,358,Andrew Street,Pickering,Saskatchewan,H0H 3C9,Canada,1166917709,James@woman.com
William,Thomas,242,Armada Drive,Blainville,Northwest Territories,V8C 0S2,Canada,981579106,William@school.com
"",Moore,56,Basinview Drive,Cape Breton,Prince Edward Island,H3J 3P2,Canada,1334859726,null@state.com
Liam,Williams,310,Chebucto Road,Terrebonne,New Brunswick,J9P 1C6,Canada,677724666,Liam@number.com
Liam,Jackson,55,Birch Cove Lane,North Vancouver,Yukon,G3E 2K4,Canada,581863890,Liam@fact.com
William,Jones,219,Cardiff Place,Strathcona County,Nova Scotia,K1B 3B2,Canada,119364576,William@program.com
"",Johnson,306,Andrew Street,Kitchener,British Columbia,E4S 3C4,Canada,235567231,null@business.com
Ethan,Wilson,11,Atlantic Street,Port Coquitlam,Newfoundland and Labrador,E5V 3X5,Canada,517339500,Ethan@day.com
Jacob,,243,Berts Drive,Welland,Nunavut,E5V 3X5,Canada,1135790831,Jacob@room.com
Alexander,Thomas,279,Camelot Lane,Ajax,Prince Edward Island,V8C 0S2,Canada,1245412484,Alexander@mother.com
Liam,Williams,291,Alm-a Ramp,St. John's,Alberta,N8H 2H6,Canada,1038437279,Liam@man.com
James,Williams,269,Birchfield Crescent,Windsor,Nova Scotia,J9P 1C6,Canada,1140789409,James@system.com
Mason,Miller,374,Birmingham Street,Delta,Newfoundland and Labrador,G3E 2K4,Canada,1236470920,Mason@group.com
James,Anderson,89,Carnation Crescent,Cambridge,Newfoundland and Labrador,B2E 0X4,Canada,560275498,James@book.com
William,Miller,360,Alumni Crescent,Milton,Northwest Territories,"V1K 1V0 ",Canada,529066800,William@word.com
"",Brown,306,Armcrescent East Drive,London,Newfoundland and Labrador,L0N 3J2,Canada,675212903,null@Mr.com
Jacob,Williams,58,Chipstone Close,Thunder Bay,,J0J 3V6,Canada,522816916,Jacob@right.com
Alexander,Anderson,248,Beresford Road,Caledon,Yukon,T1L 2H8,Canada,890967818,Alexander@problem.com
James,Williams,303,Cherry Street,Pickering,Newfoundland and Labrador,G6X 2L1,Canada,601239990,James@room.com
Liam,Miller,179,Brigadier Court,Sarnia,Alberta,"B0T 0Y5 ",Canada,784511663,Liam@country.com
James,Jackson,178,Bronson Avenue,Port Coquitlam,Nunavut,"L4A 0T3 ",Canada,1174446117,James@part.com
James,,16,Bayers Road,St. John's,Northwest Territories,E7E 3T7,Canada,674023079,James@group.com
Liam,Jones,227,Aikenhead Road,Drummondville,New Brunswick,E7E 3T7,Canada,827982946,Liam@work.com
Liam,Johnson,382,Africville Road,Greater Sudbury,Northwest Territories,L4A 0T0,Canada,1064106999,Liam@country.com
Ethan,Jackson,338,Armview Terrace,Cambridge,Nunavut,"L4A 0T3 ",Canada,450923731,Ethan@problem.com
William,Jackson,142,Alm-a Ramp,Medicine Hat,Newfoundland and Labrador,"B0T 0Y5 ",Canada,834700041,William@study.com
William,Anderson,120,Abrams Way,Abbotsford,Alberta,E4M 2G2,Canada,199093407,William@Mr.com
Liam,Anderson,174,Cloverdale Road,Fredericton,Quebec,K1B 3B2,Canada,331210172,Liam@word.com
Ethan,Anderson,191,Acorn Road,Fredericton,Nova Scotia,G6X 2L1,Canada,534649386,Ethan@fact.com
Ethan,Williams,252,Chisholm Avenue,Grande Prairie,Northwest Territories,G6X 2L1,Canada,986341337,Ethan@company.com
