First Name,Last Name,Street Number,Street,City,Province,Postal Code,Country,Phone Number,email Address
Mason,,361,Boulderwood Road,LÃ©vis,Manitoba,T1L 2H8,Canada,832205180,Mason@month.com
James,Anderson,490,Camelot Lane,Saanich,Nova Scotia,H9S 1R4,Canada,1128681290,James@room.com
Ethan,Wilson,178,Carrington Place,Aurora,Northwest Territories,"B0T 0Y5 ",Canada,555017947,Ethan@Mr.com
James,Brown,83,Bison Crescent,Milton,Prince Edward Island,J0N 0Z3,Canada,416124403,James@null
Jacob,Miller,262,Albemarle Street,Cape Breton,Newfoundland and Labrador,J1S 0R4,Canada,908532381,Jacob@right.com
Alexander,Williams,22,Attenborough Court,Sault Ste. Marie,Northwest Territories,G0H 2P3,Canada,694729934,Alexander@way.com
"",Thomas,84,Castle Hill Drive,Medicine Hat,Prince Edward Island,N4N 0B9,Canada,1017594696,null@story.com
William,Thomas,416,Barclay Avenue,Aurora,New Brunswick,V8B 1P6,Canada,101645983,William@government.com
Mason,Johnson,277,Balcomes Drive,Nanaimo,Northwest Territories,"V1K 1V0 ",Canada,1326236902,Mason@money.com
Alexander,Jones,178,Charles Street,Kamloops,Nunavut,L3V 1Y8,Canada,1292211615,Alexander@room.com
Ethan,,129,Annandale Street,Thunder Bay,New Brunswick,"L4A 0T3 ",Canada,1397918567,Ethan@lot.com
Alexander,Williams,242,Barracks Drive,Longueuil,Prince Edward Island,N8H 2H6,Canada,495476787,Alexander@country.com
James,,439,Cloverdale Road,Hamilton,Nunavut,"V1K 1V0 ",Canada,415313525,James@group.com
Jacob,Taylor,155,Aikenhead Road,Vaughan,Northwest Territories,L4A 0T0,Canada,1008327052,Jacob@business.com
William,,243,Bison Crescent,Sarnia,Nunavut,G3H 0B4,Canada,658685110,William@mother.com
"",Jackson,77,Black Street,North Vancouver,Newfoundland and Labrador,J9P 1C6,Canada,819907644,null@eye.com
William,Johnson,452,Aster Court,Caledon,Nova Scotia,J0J 3V6,Canada,1236040408,William@day.com
Jacob,Taylor,304,Albion Road,Wood Buffalo,Prince Edward Island,B3V 2V1,Canada,132703016,Jacob@job.com
"",Williams,435,Canterbury Close,Sherbrooke,Prince Edward Island,T1L 2H8,Canada,1407055356,null@story.com
"",,114,Braeburn Road,Saint-JÃ©rÃ´me,Prince Edward Island,G3H 0B4,Canada,682431090,null@point.com
"",Taylor,320,Berlin Street,Blainville,Yukon,N8A 0B3,Canada,449598517,null@question.com
Alexander,,166,Brook Street,North Vancouver,Newfoundland and Labrador,G0H 2P3,Canada,480330623,Alexander@book.com
William,Williams,460,Cavendish Road,Sherbrooke,Nunavut,N4N 0B9,Canada,519013878,William@child.com
Liam,Davis,106,Birkdale Crescent,Waterloo,Alberta,E4S 3C4,Canada,1115552169,Liam@system.com
Mason,Brown,438,Balwearie Lane,Gatineau,Quebec,J0J 3V6,Canada,1200767934,Mason@thing.com
