First Name,Last Name,Street Number,Street,City,Province,Postal Code,Country,Phone Number,email Address
James,Williams,242,Birchdale Avenue,Peterborough,Prince Edward Island,E7E 3T7,Canada,189931683,James@study.com
James,Jones,170,Armdale Rotary,Moncton,Prince Edward Island,H0H 3C9,Canada,138197008,James@month.com
Ethan,Wilson,94,Abrams Way,Coquitlam,Newfoundland and Labrador,J9P 1C6,Canada,1320538953,Ethan@question.com
Ethan,Wilson,55,Aukland Place,Grande Prairie,Alberta,V8C 0S2,Canada,489230824,Ethan@woman.com
James,Jones,424,Clifton Street,Lethbridge,Quebec,L4A 0T0,Canada,576371926,James@group.com
"",Thomas,76,Arnold Drive,Ajax,Prince Edward Island,L4A 0T0,Canada,1093537720,null@question.com
Mason,Wilson,395,Adams Avenue,Oshawa,Northwest Territories,E4M 2G2,Canada,168099906,Mason@way.com
"",Anderson,171,Ashton Lane,Surrey,New Brunswick,G3E 2K4,Canada,269536956,null@study.com
Jacob,Jones,113,Birches Drive,Oakville,Nunavut,B2E 0X4,Canada,482126064,Jacob@story.com
Alexander,Williams,167,Arvida Avenue,Chatham-Kent,Alberta,G0H 2P3,Canada,1191424405,Alexander@problem.com
Liam,Williams,486,Bedford Row,Vaughan,British Columbia,H3J 3P2,Canada,123509139,Liam@book.com
Alexander,Jackson,416,Banbury Close,Saint-JÃ©rÃ´me,New Brunswick,"L4A 0T3 ",Canada,656554115,Alexander@case.com
Mason,,73,Aurora Avenue,Coquitlam,Prince Edward Island,G3H 0B4,Canada,367923426,Mason@work.com
William,Jones,109,Chadwick Place,Saint-Hyacinthe,New Brunswick,T1L 2H8,Canada,313573359,William@point.com
William,Jackson,459,Chisholm Avenue,Windsor,Northwest Territories,L0N 3J2,Canada,1073997785,William@people.com
"",Brown,65,Bently Drive,Sault Ste. Marie,Prince Edward Island,E4S 3C4,Canada,214280507,null@place.com
"",Thomas,495,Brewer Court,Blainville,Alberta,T1L 2H8,Canada,459684450,null@group.com
William,Brown,73,Churchill Drive,Vancouver,Northwest Territories,J9T 3H4,Canada,1229951452,William@world.com
Ethan,Brown,358,Abrams Way,Prince George,Alberta,L9R 0A0,Canada,1409554418,Ethan@case.com
Mason,Moore,309,Brycedale Lane,Cape Breton,Alberta,B3V 2V1,Canada,387240592,Mason@group.com
Jacob,Davis,91,Bison Crescent,Welland,British Columbia,H0H 3C9,Canada,1392787739,Jacob@child.com
Alexander,Jones,259,Athlone Avenue,Sherbrooke,Prince Edward Island,G0H 2P3,Canada,968350351,Alexander@study.com
Liam,Williams,185,Abbott Drive,Saint-Hyacinthe,Nova Scotia,B3V 2V1,Canada,1098088245,Liam@day.com
Ethan,Thomas,218,Botany Terrace,Blainville,Alberta,E4M 2G2,Canada,1322482868,Ethan@state.com
James,Brown,251,Cherry Lane,Red Deer,Nunavut,G0H 2P3,Canada,433918190,James@word.com
Ethan,Wilson,400,Bilton Lane,LÃ©vis,Nunavut,T1L 2H8,Canada,1030500152,Ethan@state.com
Jacob,Wilson,324,Blowers Street,Saskatoon,Nova Scotia,"L4A 0T3 ",Canada,215131996,Jacob@life.com
Ethan,Davis,453,Cartaret Street,Moncton,Nova Scotia,H0H 3C9,Canada,398748366,Ethan@day.com
William,Taylor,128,Cabot Back Lane,Victoria,New Brunswick,E7E 3T7,Canada,303338747,William@people.com
Ethan,Thomas,410,Bedford Highway Ramp,Port Coquitlam,Saskatchewan,"V1K 1V0 ",Canada,738974145,Ethan@family.com
Mason,Jackson,173,Bridges Street,Prince George,Nunavut,E7E 3T7,Canada,461068220,Mason@hand.com
Mason,,236,Briar Place,Hamilton,Prince Edward Island,G6X 2L1,Canada,1067024437,Mason@time.com
Mason,Williams,326,Albemarle Street,Gatineau,Nunavut,N8H 2H6,Canada,749818393,Mason@woman.com
James,Miller,369,Bermuda Avenue,Prince George,Nunavut,T1L 2H8,Canada,557300232,James@room.com
James,,149,Armview Avenue,Brantford,Prince Edward Island,J1S 0R4,Canada,349961128,James@program.com
Ethan,,23,Avon Crescent,Sault Ste. Marie,Manitoba,J9T 3H4,Canada,1293081359,Ethan@problem.com
Ethan,Williams,103,Bauer Street,Maple Ridge,,"L4A 0T3 ",Canada,560316439,Ethan@question.com
Jacob,Jones,101,Birches Drive,Kitchener,Prince Edward Island,H3J 3P2,Canada,230603069,Jacob@way.com
Ethan,Williams,498,Carnation Crescent,Kitchener,Northwest Territories,N8H 2H6,Canada,972380240,Ethan@man.com
James,Wilson,97,Carrington Place,Burnaby,Prince Edward Island,E7E 3T7,Canada,346334118,James@home.com
