First Name,Last Name,Street Number,Street,City,Province,Postal Code,Country,Phone Number,email Address
Ethan,Brown,353,Birches Drive,Gatineau,Northwest Territories,G0H 2P3,Canada,846847823,Ethan@place.com
Ethan,Williams,371,Amirault Court,Chatham-Kent,New Brunswick,"B0T 0Y5 ",Canada,785624414,Ethan@work.com
Alexander,Jones,30,Berkshire Close,Longueuil,Northwest Territories,L9R 0A0,Canada,1348967686,Alexander@time.com
Mason,Anderson,236,Birches Drive,Burnaby,New Brunswick,N8H 2H6,Canada,494949735,Mason@people.com
Jacob,,397,Carroll Lane,Richmond Hill,Nunavut,E4M 2G2,Canada,158468304,Jacob@group.com
"",Wilson,499,Bright Street,Edmonton,British Columbia,"L4A 0T3 ",Canada,1185896807,null@study.com
James,Williams,417,Armoury Place,Langley,Alberta,H3J 3P2,Canada,1174875509,James@country.com
Ethan,Jackson,405,Chester Avenue,Peterborough,Nova Scotia,J9T 3H4,Canada,833621383,Ethan@government.com
Jacob,Jackson,181,Blink Bonnie Terrace,Granby,Yukon,J9T 3H4,Canada,634126925,Jacob@day.com
"",Davis,28,Bliss Street,Terrebonne,Newfoundland and Labrador,G3H 0B4,Canada,962625643,null@right.com
"",Anderson,276,Andrew Street,Lethbridge,Alberta,J9P 1C6,Canada,995150629,null@eye.com
Jacob,Jackson,87,Arnold Drive,Lethbridge,Prince Edward Island,N5C 2J8,Canada,1196308518,Jacob@program.com
Jacob,Williams,423,Boulderwood Road,Waterloo,Yukon,N5C 2J8,Canada,562923853,Jacob@child.com
Jacob,Wilson,458,Chartwell Lane,Strathcona County,Northwest Territories,N4N 0B9,Canada,235842151,Jacob@case.com
William,Thomas,443,Buddy Daye Street,Saanich,Manitoba,"L4A 0T3 ",Canada,1346782155,William@year.com
William,Williams,45,Church Street,St. Albert,New Brunswick,T1L 2H8,Canada,634055709,William@thing.com
Liam,Davis,387,Bridget Avenue,Chatham-Kent,Prince Edward Island,J1S 0R4,Canada,1173707573,Liam@time.com
"",Anderson,343,Admirals Way,St. John's,Nunavut,V8C 0S2,Canada,1373354622,null@story.com
"",Taylor,53,Braeside Lane,LÃ©vis,Nunavut,V8B 1P6,Canada,1359797192,null@group.com
William,,244,Armshore Drive,Sault Ste. Marie,British Columbia,J9T 3H4,Canada,1292276322,William@day.com
Mason,Thomas,486,Ashton Lane,North Vancouver,Nunavut,J1S 0R4,Canada,491828178,Mason@state.com
Mason,Thomas,477,Cabot Place,Chatham-Kent,Prince Edward Island,H3J 3P2,Canada,905573847,Mason@group.com
Liam,Davis,264,Cardiff Place,Victoria,Nunavut,J9P 1C6,Canada,185710805,Liam@null
Alexander,Miller,84,Breen Avenue,Trois-RiviÃ¨res,British Columbia,E4M 2G2,Canada,1320658284,Alexander@point.com
"",Brown,494,Birchfield Crescent,Kawartha Lakes,New Brunswick,E7E 3T7,Canada,844058424,null@room.com
Alexander,Williams,472,Archibald Avenue,Trois-RiviÃ¨res,Yukon,B2E 0X4,Canada,1167740795,Alexander@man.com
William,Thomas,94,Arthur Street,Oakville,,J0N 0Z3,Canada,204799369,William@week.com
Alexander,Jones,421,Alderwood Drive,Fredericton,British Columbia,E5V 3X5,Canada,281789951,Alexander@right.com
