First Name,Last Name,Street Number,Street,City,Province,Postal Code,Country,Phone Number,email Address
Ethan,Jones,245,Bayne St Ramp,Drummondville,Northwest Territories,H3J 3P2,Canada,905543808,Ethan@home.com
Ethan,Johnson,250,Armview Terrace,North Vancouver,Alberta,N8A 0B3,Canada,1372994785,Ethan@time.com
Ethan,Thomas,40,Altavista Lane,Waterloo,Alberta,L3V 1Y8,Canada,808548687,Ethan@water.com
Jacob,Anderson,409,Belmont On The Arm,Saint-Jean-sur-Richelieu,Alberta,J0J 3V6,Canada,655937405,Jacob@way.com
Mason,Wilson,120,Belmont Road,Red Deer,Alberta,L3V 1Y8,Canada,151338324,Mason@country.com
"",Anderson,75,Barrington Street,Saint-JÃ©rÃ´me,Newfoundland and Labrador,E7E 3T7,Canada,1153070306,null@word.com
Jacob,Jones,279,Albion Road,Red Deer,Prince Edward Island,E4S 3C4,Canada,1049953107,Jacob@number.com
Liam,,405,Bilby Street,Richmond Hill,Nunavut,G0H 2P3,Canada,102281481,Liam@business.com
"",Johnson,172,Barrington Street,Saguenay,Newfoundland and Labrador,E5V 3X5,Canada,158825471,null@year.com
Ethan,Williams,135,Bison Crescent,Sault Ste. Marie,,J1S 0R4,Canada,1100608569,Ethan@time.com
James,Miller,304,Blue Willow Court,Kelowna,Northwest Territories,J9P 1C6,Canada,255868983,James@study.com
Jacob,Jackson,209,Barclay Avenue,Sault Ste. Marie,Northwest Territories,J0J 3V6,Canada,881860666,Jacob@book.com
"",Thomas,498,Briar Place,Prince George,Quebec,G6X 2L1,Canada,906589674,null@state.com
Alexander,Anderson,74,Bedford Row,Welland,Northwest Territories,G3E 2K4,Canada,994352122,Alexander@school.com
"",Jones,6,Bridges Street,Longueuil,Prince Edward Island,E4M 2G2,Canada,817822350,null@null
Liam,Brown,152,Bromley Road,Welland,Newfoundland and Labrador,"V1K 1V0 ",Canada,280749691,Liam@home.com
Jacob,Thomas,410,Armoury Place,Vaughan,British Columbia,B3V 2V1,Canada,845352905,Jacob@day.com
Mason,Taylor,383,Benalder Lane,Longueuil,Alberta,N4N 0B9,Canada,376857657,Mason@part.com
"",Jackson,457,Adams Avenue,Burnaby,Saskatchewan,G0H 2P3,Canada,318490084,null@null
Mason,,333,Cabot Back Lane,Saint John,Alberta,L4A 0T0,Canada,1385456224,Mason@man.com
