First Name,Last Name,Street Number,Street,City,Province,Postal Code,Country,Phone Number,email Address
James,Williams,131,Ardwell Avenue,Victoria,Prince Edward Island,N4N 0B9,Canada,857615257,James@state.com
Jacob,Taylor,179,Cambridge Street,Kelowna,New Brunswick,T1L 2H8,Canada,341153029,Jacob@word.com
Liam,Anderson,351,Buddy Daye Street,Montreal,Prince Edward Island,N4N 0B9,Canada,710602518,Liam@night.com
"",Jones,294,Albert Street,Winnipeg,Nunavut,T1L 2H8,Canada,342368324,null@night.com
Jacob,Miller,442,Braemount Drive,St. Catharines,Nunavut,G6X 2L1,Canada,344185669,Jacob@thing.com
"",,392,Brigadier Court,Medicine Hat,British Columbia,N5C 2J8,Canada,417749801,null@story.com
"",Williams,175,Carrington Place,Saanich,Nova Scotia,V8C 0S2,Canada,1189104556,null@home.com
Jacob,Taylor,457,Armdale Rotary,Peterborough,New Brunswick,B3V 2V1,Canada,1247775401,Jacob@work.com
William,Williams,18,Abbott Drive,St. John's,Nunavut,H9S 1R4,Canada,1194306501,William@school.com
"",Moore,106,Brockhurst Close,Mirabel,Saskatchewan,V8B 1P6,Canada,684001300,null@thing.com
"",Williams,247,Carnation Crescent,St. Catharines,Northwest Territories,V8B 1P6,Canada,514020392,null@country.com
James,Miller,225,Bayne Street,Peterborough,Saskatchewan,J9P 1C6,Canada,969422550,James@study.com
"",Thomas,351,Carlina Court,Halifax,Alberta,N8A 0B3,Canada,1221025704,null@question.com
Liam,Jackson,347,Armdale Rotary,Peterborough,Nova Scotia,J0N 0Z3,Canada,642191037,Liam@system.com
William,,403,Abrams Way,Winnipeg,Prince Edward Island,"L4A 0T3 ",Canada,824536078,William@case.com
Ethan,Brown,182,Burns Drive,Nanaimo,Nunavut,N8A 0B3,Canada,833449050,Ethan@state.com
Jacob,,49,Clovis Avenue,Saguenay,Alberta,L9R 0A0,Canada,543254646,Jacob@program.com
"",Jackson,372,Armview Avenue,Ottawa,Nunavut,E5V 3X5,Canada,181922446,null@job.com
Ethan,Jones,61,Adelaide Avenue,Winnipeg,,T1L 2H8,Canada,946767436,Ethan@student.com
"",Taylor,325,Boulderwood Road,Oakville,Prince Edward Island,N5C 2J8,Canada,883395007,null@thing.com
"",Johnson,122,Athlone Avenue,Aurora,Prince Edward Island,K1B 3B2,Canada,1302230271,null@time.com
Ethan,Brown,78,Barrington Street,Drummondville,Prince Edward Island,B3V 2V1,Canada,311586975,Ethan@problem.com
Ethan,Brown,210,Armstrong Court,Mississauga,Nova Scotia,L4A 0T0,Canada,1015368203,Ethan@part.com
Alexander,Moore,47,Ash Lake Court,Norfolk County,Alberta,B2E 0X4,Canada,481272234,Alexander@student.com
Ethan,Thomas,335,Caitland Court,Sarnia,,H9S 1R4,Canada,843075932,Ethan@number.com
Alexander,Moore,205,Arthur Street,Halton Hills,Newfoundland and Labrador,G3E 2K4,Canada,1389167678,Alexander@time.com
"",Brown,244,Chocolate Lake Road,LÃ©vis,Nova Scotia,H0H 3C9,Canada,527695441,null@year.com
Ethan,Wilson,497,Blue Thistle Road,Greater Sudbury,New Brunswick,J0N 0Z3,Canada,224687481,Ethan@right.com
James,Jones,261,Birmingham Street,Regina,Yukon,J0N 0Z3,Canada,507958520,James@day.com
Liam,Anderson,210,Carriageway Crescent,Windsor,Newfoundland and Labrador,"L4A 0T3 ",Canada,1220941072,Liam@right.com
Ethan,Moore,68,Caitland Court,Whitby,Prince Edward Island,T1L 2H8,Canada,838644760,Ethan@problem.com
Jacob,Moore,196,Blowers Street,Coquitlam,Northwest Territories,T1L 2H8,Canada,609086731,Jacob@hand.com
"",Johnson,327,Brighton Avenue,St. Catharines,British Columbia,"V1K 1V0 ",Canada,1110612845,null@program.com
Jacob,Jackson,128,Armada Drive,Brossard,British Columbia,J9T 3H4,Canada,1274412017,Jacob@work.com
"",Johnson,374,Briar Lane,Richmond Hill,New Brunswick,,Canada,698708706,null@day.com
Alexander,Jackson,326,Blue Thistle Road,Belleville,Quebec,"B0T 0Y5 ",Canada,450586366,Alexander@point.com
Liam,Jackson,120,Amirault Court,Whitby,Prince Edward Island,H3J 3P2,Canada,630205263,Liam@family.com
Alexander,Miller,159,Chain Lake Drive,Vancouver,British Columbia,B2E 0X4,Canada,265103847,Alexander@child.com
Alexander,Anderson,416,Bedford Row,Greater Sudbury,Prince Edward Island,E4M 2G2,Canada,286267965,Alexander@problem.com
"",Wilson,134,Benjamin Green Drive,New Westminster,Newfoundland and Labrador,L3V 1Y8,Canada,791999372,null@child.com
James,Taylor,279,Brussels Street,Sault Ste. Marie,Nunavut,L0N 3J2,Canada,963631180,James@people.com
