First Name,Last Name,Street Number,Street,City,Province,Postal Code,Country,Phone Number,email Address
William,Anderson,377,Bishop Street,Greater Sudbury,Northwest Territories,H3J 3P2,Canada,419400057,William@work.com
"",Wilson,451,Camelot Lane,Burnaby,Nova Scotia,G3E 2K4,Canada,939515327,null@book.com
"",Williams,129,Blowers Street,Greater Sudbury,Alberta,N4N 0B9,Canada,1388594478,null@Mr.com
Ethan,Moore,337,Cambridge Street,Drummondville,Prince Edward Island,L4A 0T0,Canada,141132430,Ethan@group.com
William,Johnson,4,Bayview Road,Guelph,British Columbia,E7E 3T7,Canada,1385158806,William@place.com
Mason,Davis,109,Aurora Avenue,Longueuil,Manitoba,L9R 0A0,Canada,871035465,Mason@mother.com
"",Miller,89,Banbury Close,North Vancouver,New Brunswick,H0H 3C9,Canada,282668187,null@water.com
Liam,Williams,353,Chelmsford Place,Abbotsford,Nunavut,"L4A 0T3 ",Canada,1109008270,Liam@Mr.com
James,Jones,196,Cloverdale Road,Barrie,Northwest Territories,J1S 0R4,Canada,1051613398,James@fact.com
Jacob,Brown,45,Carlina Court,Clarington,Northwest Territories,"B0T 0Y5 ",Canada,349150877,Jacob@hand.com
Jacob,Taylor,85,Brockhurst Close,Trois-RiviÃ¨res,Newfoundland and Labrador,J0J 3V6,Canada,580416889,Jacob@day.com
Liam,Jackson,434,Catamaran Road,Winnipeg,Manitoba,G6X 2L1,Canada,336005760,Liam@word.com
James,Anderson,312,Cherry Lane,Milton,,L3V 1Y8,Canada,853889106,James@part.com
Liam,Thomas,61,Bayview Road,Saint-Jean-sur-Richelieu,Northwest Territories,T1L 2H8,Canada,1231690294,Liam@number.com
Ethan,Jones,340,Albemarle Street,Prince George,Nunavut,J0N 0Z3,Canada,195552051,Ethan@way.com
