First Name,Last Name,Street Number,Street,City,Province,Postal Code,Country,Phone Number,email Address
Ethan,Brown,14,Brockhurst Close,Kitchener,Saskatchewan,J9T 3H4,Canada,1276153809,Ethan@work.com
James,Anderson,299,Barclay Avenue,Saint John,Nova Scotia,E5V 3X5,Canada,784198190,James@program.com
Mason,Jones,14,Chain Lake Drive,Moncton,Northwest Territories,L0N 3J2,Canada,1193361249,Mason@lot.com
Alexander,Anderson,140,Burgee Run,Laval,British Columbia,H9S 1R4,Canada,731397712,Alexander@eye.com
