First Name,Last Name,Street Number,Street,City,Province,Postal Code,Country,Phone Number,email Address
"",,304,Athlone Avenue,St. Catharines,Yukon,J9P 1C6,Canada,628478387,null@world.com
"",Jackson,249,Catamaran Road,Waterloo,New Brunswick,J0J 3V6,Canada,683800017,null@group.com
Ethan,,96,Campbell Drive,Strathcona County,Saskatchewan,E4S 3C4,Canada,897756193,Ethan@room.com
"",Williams,191,Briar Place,North Vancouver,Nunavut,L0N 3J2,Canada,734640089,null@hand.com
Ethan,Johnson,4,Bosun Run,Windsor,Newfoundland and Labrador,G3H 0B4,Canada,317481410,Ethan@right.com
