First Name,Last Name,Street Number,Street,City,Province,Postal Code,Country,Phone Number,email Address
Jacob,Thomas,8,Clayton Park Drive,Cape Breton,Alberta,B2E 0X4,Canada,727352339,Jacob@group.com
James,Jones,229,Cabot Place,Brampton,Northwest Territories,T1L 2H8,Canada,1339192463,James@week.com
Mason,Williams,179,Bosun Run,Whitby,Nova Scotia,G0H 2P3,Canada,176965113,Mason@question.com
Jacob,Anderson,184,Berlin Street,Brossard,Nunavut,L4A 0T0,Canada,191527002,Jacob@room.com
Jacob,Johnson,465,Agricola Street,Saint John,Northwest Territories,G6X 2L1,Canada,749418238,Jacob@school.com
Mason,Johnson,28,Briar Place,Ajax,Manitoba,N8H 2H6,Canada,596596421,Mason@problem.com
Jacob,Thomas,110,Amirault Court,Cambridge,Saskatchewan,G0H 2P3,Canada,719150883,Jacob@thing.com
Jacob,Jones,32,Armcrescent East Drive,Saint-JÃ©rÃ´me,Alberta,J9T 3H4,Canada,297993688,Jacob@book.com
Jacob,Thomas,100,Bedford Row,Whitby,Newfoundland and Labrador,H0H 3C9,Canada,464272940,Jacob@eye.com
Ethan,Wilson,32,Chain Lake Drive,Langley,Yukon,J1S 0R4,Canada,650111424,Ethan@child.com
Jacob,Wilson,477,Ardwell Avenue,Brantford,Prince Edward Island,V8B 1P6,Canada,140031263,Jacob@Mr.com
William,Taylor,105,Bobolink Street,LÃ©vis,Prince Edward Island,H0H 3C9,Canada,1155373942,William@woman.com
Mason,Anderson,427,Briarwood Crescent,Caledon,Prince Edward Island,H9S 1R4,Canada,160085426,Mason@day.com
"",Johnson,329,Bellevue Avenue,Kawartha Lakes,Prince Edward Island,E7E 3T7,Canada,125284408,null@case.com
"",Williams,290,Carlton Street,Richmond,Nova Scotia,E5V 3X5,Canada,467346806,null@government.com
Ethan,Anderson,235,Chain Lake Drive,LÃ©vis,Saskatchewan,J1S 0R4,Canada,251188614,Ethan@fact.com
James,Miller,129,Brycedale Lane,Brantford,Nunavut,N8H 2H6,Canada,901634721,James@place.com
Mason,Thomas,207,Benalder Lane,Waterloo,Alberta,L9R 0A0,Canada,1275293859,Mason@time.com
Liam,Miller,421,Alderwood Drive,Cape Breton,Saskatchewan,E5V 3X5,Canada,1055644808,Liam@lot.com
Alexander,Jackson,62,Blink Bonnie Terrace,Fredericton,Newfoundland and Labrador,N8H 2H6,Canada,948240682,Alexander@place.com
"",Jackson,180,Charlotte Lane,Thunder Bay,Nunavut,J9T 3H4,Canada,1275650297,null@family.com
"",Moore,358,Cairnwell Close,Brossard,Alberta,L4A 0T0,Canada,1300190104,null@study.com
Ethan,Thomas,144,Benalder Lane,Brossard,,"V1K 1V0 ",Canada,585528676,Ethan@state.com
Jacob,Brown,498,Benjamin Green Drive,Ottawa,Nunavut,J0N 0Z3,Canada,1148876098,Jacob@year.com
"",Taylor,357,Artillery Place,Trois-RiviÃ¨res,Prince Edward Island,J9P 1C6,Canada,717797737,null@work.com
"",Thomas,499,Brussels Street,Newmarket,Nunavut,G3H 0B4,Canada,285229456,null@school.com
"",Thomas,224,Clifton Street,Ajax,Prince Edward Island,E7E 3T7,Canada,525275194,null@group.com
William,Brown,498,Bright Place,Brampton,,N8A 0B3,Canada,338744457,William@point.com
Ethan,Jones,443,Burgee Run,Cape Breton,Newfoundland and Labrador,J0J 3V6,Canada,136638380,Ethan@way.com
Liam,Thomas,93,Balcomes Drive,Brampton,Newfoundland and Labrador,L4A 0T0,Canada,416687135,Liam@world.com
Ethan,Taylor,381,Chebucto Lane,Milton,Saskatchewan,N5C 2J8,Canada,138926499,Ethan@right.com
William,Jackson,279,Apollo Court,Clarington,British Columbia,H3J 3P2,Canada,414615428,William@people.com
Ethan,Williams,171,Brenton Place,Mirabel,Nunavut,L0N 3J2,Canada,709756243,Ethan@group.com
Alexander,Davis,199,Albert Street,Medicine Hat,Manitoba,J9P 1C6,Canada,337781750,Alexander@life.com
Liam,Jones,355,Binney Street,Brantford,Nunavut,E5V 3X5,Canada,1348650265,Liam@room.com
"",,172,Armdale Rotary,Markham,Nunavut,E5V 3X5,Canada,670379328,null@hand.com
Mason,,352,Bedford Highway,Gatineau,Northwest Territories,B2E 0X4,Canada,860359120,Mason@eye.com
