First Name,Last Name,Street Number,Street,City,Province,Postal Code,Country,Phone Number,email Address
Alexander,Wilson,106,Bridges Street,Fredericton,Northwest Territories,L0N 3J2,Canada,148531212,Alexander@woman.com
"",Brown,489,Chain Rock Drive,Sault Ste. Marie,Nunavut,E7E 3T7,Canada,335573517,null@part.com
Ethan,,497,Belmont Road,Red Deer,Newfoundland and Labrador,H9S 1R4,Canada,132209496,Ethan@place.com
William,Miller,156,Birchfield Crescent,Repentigny,Nunavut,J1S 0R4,Canada,398669065,William@case.com
William,Wilson,113,Chartwell Lane,Nanaimo,Newfoundland and Labrador,E5V 3X5,Canada,1047469480,William@hand.com
Jacob,Davis,325,Bedros Lane,Saguenay,Saskatchewan,K1B 3B2,Canada,1054370307,Jacob@water.com
Ethan,Davis,349,Belmont Road,Brampton,Northwest Territories,J9T 3H4,Canada,425633449,Ethan@woman.com
James,Davis,97,Bayview Road,Drummondville,Northwest Territories,"V1K 1V0 ",Canada,786115757,James@work.com
William,Jones,47,Chestnut Street,Richmond,Northwest Territories,E5V 3X5,Canada,283081332,William@night.com
Liam,Davis,470,Armada Drive,Coquitlam,Prince Edward Island,J0J 3V6,Canada,115964401,Liam@story.com
Alexander,Moore,384,Birch Street,St. Catharines,New Brunswick,"V1K 1V0 ",Canada,718241314,Alexander@week.com
"",Davis,36,Amirault Court,Vaughan,Yukon,V8C 0S2,Canada,844812224,null@company.com
James,Anderson,306,Brockhurst Close,Newmarket,Prince Edward Island,H9S 1R4,Canada,1101470865,James@job.com
"",Miller,60,Anchor Drive,Halton Hills,Saskatchewan,J0N 0Z3,Canada,673045384,null@case.com
Ethan,Jackson,397,Birmingham Street,Quebec City,Northwest Territories,H0H 3C9,Canada,1064895906,Ethan@way.com
Ethan,Moore,428,Armview Avenue,Winnipeg,Northwest Territories,K1B 3B2,Canada,1237737466,Ethan@lot.com
Mason,Anderson,126,Cedarbrae Lane,Nanaimo,Nunavut,G3H 0B4,Canada,1378491810,Mason@word.com
Alexander,Williams,32,Carlina Court,Markham,Northwest Territories,T1L 2H8,Canada,1378998099,Alexander@night.com
James,Thomas,202,Centre Gate,North Vancouver,Prince Edward Island,N4N 0B9,Canada,1109091756,James@state.com
Ethan,Anderson,68,Almon Street,Guelph,Saskatchewan,L3V 1Y8,Canada,572176634,Ethan@man.com
James,,417,Bower Road,Airdrie,Prince Edward Island,V8B 1P6,Canada,1387802432,James@hand.com
Liam,,202,Boulderwood Road,St. Catharines,Nova Scotia,J9P 1C6,Canada,1384158253,Liam@time.com
Jacob,Moore,107,Berts Drive,Terrebonne,Prince Edward Island,N5C 2J8,Canada,1142706512,Jacob@book.com
Mason,Thomas,344,Cedarbank Terrace,St. Catharines,Northwest Territories,"L4A 0T3 ",Canada,984210049,Mason@room.com
Alexander,Taylor,274,Albion Road,Fredericton,British Columbia,N8A 0B3,Canada,1329835660,Alexander@woman.com
Alexander,Moore,16,Bell Road,Guelph,Saskatchewan,V8B 1P6,Canada,240423307,Alexander@hand.com
William,Johnson,289,Ardwell Avenue,Blainville,Manitoba,H9S 1R4,Canada,883066327,William@problem.com
Jacob,Jones,343,Brussels Street,Drummondville,Nunavut,L3V 1Y8,Canada,231124248,Jacob@night.com
"",Jackson,482,Birch Cove Lane,Oshawa,Newfoundland and Labrador,N4N 0B9,Canada,166047424,null@school.com
Mason,Miller,201,Castle Hill Drive,Fredericton,Yukon,N4N 0B9,Canada,307841702,Mason@book.com
Liam,Anderson,249,Armcrescent West Avenue,Mirabel,Northwest Territories,L3V 1Y8,Canada,223024385,Liam@week.com
Alexander,Thomas,259,Basinview Drive,North Bay,Newfoundland and Labrador,G3E 2K4,Canada,474217717,Alexander@book.com
Alexander,Wilson,77,Brenton Place,Cape Breton,Newfoundland and Labrador,B3V 2V1,Canada,1304410725,Alexander@school.com
William,Miller,153,Ahern Avenue,New Westminster,Newfoundland and Labrador,"L4A 0T3 ",Canada,897469882,William@night.com
Liam,Anderson,224,Attenborough Court,Norfolk County,Prince Edward Island,V8C 0S2,Canada,101268499,Liam@year.com
