First Name,Last Name,Street Number,Street,City,Province,Postal Code,Country,Phone Number,email Address
William,Thomas,43,Amirault Court,Grande Prairie,Northwest Territories,L4A 0T0,Canada,694691796,William@mother.com
"",Jackson,409,Bright Place,Chatham-Kent,Prince Edward Island,V8B 1P6,Canada,563790133,null@problem.com
James,Wilson,221,Bedford Row,Saskatoon,Prince Edward Island,T1L 2H8,Canada,426590657,James@water.com
Mason,Anderson,264,Balwearie Lane,Prince George,Alberta,H9S 1R4,Canada,1152932279,Mason@problem.com
