First Name,Last Name,Street Number,Street,City,Province,Postal Code,Country,Phone Number,email Address
James,Jones,404,Artz Street,Maple Ridge,Newfoundland and Labrador,E4S 3C4,Canada,869102396,James@home.com
"",Jones,243,Birchfield Crescent,Peterborough,Northwest Territories,H3J 3P2,Canada,1015779368,null@family.com
William,Williams,151,Alm-a Ramp,Longueuil,Prince Edward Island,E4S 3C4,Canada,504169978,William@time.com
William,Thomas,31,Bland Street,Aurora,Northwest Territories,J1S 0R4,Canada,111243075,William@word.com
Alexander,Taylor,81,Ashburn Avenue,Pickering,Prince Edward Island,N8A 0B3,Canada,956476840,Alexander@time.com
Ethan,Johnson,439,Bosun Run,Sherbrooke,British Columbia,J0J 3V6,Canada,278255503,Ethan@number.com
