First Name,Last Name,Street Number,Street,City,Province,Postal Code,Country,Phone Number,email Address
Ethan,Jackson,89,Armdale Rotary,Hamilton,Nova Scotia,B2E 0X4,Canada,566242586,Ethan@business.com
Alexander,Johnson,304,Chain Lake Drive,Markham,Northwest Territories,L4A 0T0,Canada,703040992,Alexander@government.com
Alexander,,53,Beachstone Drive,Saskatoon,Saskatchewan,H0H 3C9,Canada,541899319,Alexander@way.com
Jacob,Thomas,465,Claremont Street,Brantford,Saskatchewan,H0H 3C9,Canada,902158875,Jacob@month.com
