First Name,Last Name,Street Number,Street,City,Province,Postal Code,Country,Phone Number,email Address
Alexander,Brown,437,Bloomfield Street,Cambridge,British Columbia,"V1K 1V0 ",Canada,971759460,Alexander@life.com
Ethan,Thomas,96,Albert Place,Prince George,Alberta,T1L 2H8,Canada,1062313922,Ethan@study.com
Liam,,324,Bedford Highway Ramp,Terrebonne,Manitoba,"L4A 0T3 ",Canada,735081420,Liam@water.com
Ethan,Jones,4,Autumn Drive,Wood Buffalo,Alberta,B2E 0X4,Canada,1120836008,Ethan@state.com
"",Johnson,497,Archibald Avenue,Saint John,Newfoundland and Labrador,N8H 2H6,Canada,440742548,null@place.com
Alexander,Williams,450,,Belleville,Quebec,G3E 2K4,Canada,670704354,Alexander@government.com
Ethan,Johnson,432,Chelmsford Place,Nanaimo,British Columbia,V8C 0S2,Canada,1144268861,Ethan@home.com
Liam,Wilson,167,Belle Aire Terrace,North Vancouver,Northwest Territories,L3V 1Y8,Canada,296035404,Liam@government.com
James,Brown,297,Clearview Street,Thunder Bay,Newfoundland and Labrador,E4S 3C4,Canada,310473887,James@place.com
Ethan,Anderson,106,Bedford Row,Blainville,Nunavut,N8A 0B3,Canada,1210142995,Ethan@time.com
Liam,Moore,190,Bayers Road,New Westminster,Northwest Territories,L4A 0T0,Canada,372367179,Liam@week.com
Jacob,Moore,361,Brewer Court,Saint-Jean-sur-Richelieu,Quebec,G3H 0B4,Canada,253514658,Jacob@state.com
"",Moore,99,Artz Street,Fredericton,Nova Scotia,H9S 1R4,Canada,1351682600,null@government.com
James,Taylor,462,Basinview Drive,Oakville,Nunavut,J9T 3H4,Canada,109387748,James@Mr.com
Alexander,Moore,165,Carroll Lane,Port Coquitlam,Northwest Territories,B3V 2V1,Canada,1326830141,Alexander@country.com
James,Davis,140,Carriageway Crescent,LÃ©vis,Saskatchewan,E7E 3T7,Canada,285099728,James@Mr.com
Jacob,Miller,275,Canterbury Close,St. Albert,Yukon,J0J 3V6,Canada,1361999548,Jacob@word.com
Ethan,Jones,135,Caxton Close,Welland,New Brunswick,G0H 2P3,Canada,1133751469,Ethan@case.com
"",,280,Bilby Street,Strathcona County,Nova Scotia,B2E 0X4,Canada,1130896289,null@number.com
Liam,Taylor,61,Bell Road,Sherbrooke,New Brunswick,"V1K 1V0 ",Canada,1323656733,Liam@group.com
William,Williams,106,Bedford Windsor Ramp,Clarington,Alberta,H9S 1R4,Canada,563207434,William@Mr.com
Mason,Anderson,378,Bristol Place,,New Brunswick,B3V 2V1,Canada,632957788,Mason@room.com
Jacob,Jones,71,Cambridge Street,Oshawa,Nova Scotia,N8H 2H6,Canada,220300532,Jacob@number.com
Alexander,Davis,148,Annandale Street,Markham,Newfoundland and Labrador,L3V 1Y8,Canada,369236040,Alexander@world.com
Ethan,Wilson,428,Auburn Avenue,Repentigny,Alberta,H0H 3C9,Canada,424389759,Ethan@word.com
"",Brown,80,Briar Lane,Oakville,Newfoundland and Labrador,L4A 0T0,Canada,216223379,null@case.com
Ethan,Davis,23,Bromley Road,Moncton,Saskatchewan,B3V 2V1,Canada,342486474,Ethan@day.com
Liam,,282,Annandale Street,Strathcona County,Northwest Territories,"B0T 0Y5 ",Canada,1145227559,Liam@job.com
Ethan,Williams,320,Annandale Street,Windsor,New Brunswick,G3H 0B4,Canada,329276052,Ethan@people.com
James,Miller,27,Bryden Avenue,Grande Prairie,British Columbia,V8C 0S2,Canada,987691405,James@system.com
James,,297,Attenborough Court,Cape Breton,Yukon,V8B 1P6,Canada,458493106,James@number.com
"",Thomas,265,Blue Willow Court,Wood Buffalo,Newfoundland and Labrador,J0N 0Z3,Canada,1312851679,null@school.com
Liam,Brown,159,Bosun Run,Chilliwack,Nova Scotia,N5C 2J8,Canada,1110758396,Liam@story.com
