First Name,Last Name,Street Number,Street,City,Province,Postal Code,Country,Phone Number,email Address
William,Johnson,310,Broadholme Lane,Delta,Newfoundland and Labrador,V8C 0S2,Canada,200791581,William@case.com
Alexander,Jackson,331,Charlton Avenue,Lethbridge,Nunavut,J9T 3H4,Canada,1295490618,Alexander@program.com
James,Wilson,5,Aster Court,Kitchener,Northwest Territories,N8A 0B3,Canada,306267306,James@problem.com
"",Thomas,222,Acadia Street,Kawartha Lakes,Northwest Territories,L0N 3J2,Canada,1238249947,null@right.com
Jacob,Thomas,194,Chestnut Street,Burlington,New Brunswick,L4A 0T0,Canada,1165022822,Jacob@study.com
William,Thomas,411,Birkdale Crescent,Saskatoon,Newfoundland and Labrador,N4N 0B9,Canada,181043147,William@school.com
Ethan,Wilson,85,Cherry Lane,North Vancouver,New Brunswick,"V1K 1V0 ",Canada,636208205,Ethan@country.com
William,Jackson,389,Chipstone Close,Vaughan,Nova Scotia,J0N 0Z3,Canada,469300547,William@group.com
Liam,Johnson,398,Circle Drive,Belleville,Northwest Territories,J0J 3V6,Canada,1313088209,Liam@book.com
"",Brown,158,Berts Drive,Nanaimo,Nova Scotia,L9R 0A0,Canada,1361770270,null@life.com
Jacob,Jones,321,Bromley Road,Saint-Jean-sur-Richelieu,Northwest Territories,J1S 0R4,Canada,210120268,Jacob@man.com
William,Jackson,324,Bayview Road,Sherbrooke,Northwest Territories,"V1K 1V0 ",Canada,357390524,William@night.com
"",Wilson,378,Birch Cove Lane,Terrebonne,Nunavut,J0N 0Z3,Canada,901874670,null@program.com
Jacob,Johnson,300,Carriageway Crescent,Oshawa,Saskatchewan,T1L 2H8,Canada,395270805,Jacob@job.com
Liam,Thomas,66,Bishop Street,Caledon,Northwest Territories,H3J 3P2,Canada,647082876,Liam@program.com
William,Wilson,226,Circle Drive,New Westminster,Saskatchewan,,Canada,290464568,William@government.com
Mason,Williams,171,Charles Street,Saint John,Saskatchewan,N5C 2J8,Canada,1133760276,Mason@week.com
Mason,Wilson,469,Battery Drive,Saskatoon,British Columbia,G3H 0B4,Canada,202845043,Mason@people.com
Alexander,Miller,206,Buddy Daye Street,Saguenay,Nunavut,E4S 3C4,Canada,1349021594,Alexander@number.com
Alexander,Brown,363,Ashburn Avenue,Mississauga,Quebec,H3J 3P2,Canada,773084638,Alexander@world.com
Ethan,Brown,384,Cherry Street,Richmond Hill,New Brunswick,E5V 3X5,Canada,1153413848,Ethan@year.com
Ethan,Thomas,148,Bedford Highway,Sherbrooke,Northwest Territories,H0H 3C9,Canada,786751908,Ethan@null
Mason,Thomas,37,Armada Drive,London,Alberta,N8A 0B3,Canada,122452106,Mason@world.com
Ethan,Williams,469,Carriageway Crescent,Delta,Nova Scotia,L4A 0T0,Canada,1107621841,Ethan@government.com
"",Thomas,299,Carmichael Street,St. John's,Prince Edward Island,"B0T 0Y5 ",Canada,480855066,null@program.com
James,Williams,457,Alm-a Ramp,Halifax,Northwest Territories,N5C 2J8,Canada,1263989786,James@country.com
"",Jackson,325,Armview Terrace,North Bay,New Brunswick,N8H 2H6,Canada,263176615,null@room.com
Ethan,Wilson,226,Basinview Drive,Thunder Bay,Nova Scotia,E7E 3T7,Canada,364686477,Ethan@number.com
James,Jackson,334,Bayne St Ramp,Saint-Jean-sur-Richelieu,Newfoundland and Labrador,N5C 2J8,Canada,1314407695,James@state.com
Mason,Anderson,99,,Edmonton,Northwest Territories,G0H 2P3,Canada,1094935544,Mason@program.com
Ethan,Brown,435,Beech Street,Thunder Bay,Quebec,,Canada,141115474,Ethan@word.com
Mason,Jones,281,Buddy Daye Street,Mirabel,Nunavut,T1L 2H8,Canada,921098905,Mason@country.com
Liam,Moore,414,Atlantic Street,Port Coquitlam,Newfoundland and Labrador,T1L 2H8,Canada,941796446,Liam@number.com
James,Davis,419,Birches Drive,St. John's,Prince Edward Island,"B0T 0Y5 ",Canada,474516228,James@way.com
Mason,,78,Aikens Avenue,Longueuil,New Brunswick,"B0T 0Y5 ",Canada,439599333,Mason@mother.com
Liam,Miller,212,Blue Willow Court,Sherbrooke,Manitoba,J0N 0Z3,Canada,533040424,Liam@job.com
James,Anderson,15,Camelot Lane,Kawartha Lakes,Alberta,G0H 2P3,Canada,480350966,James@thing.com
