First Name,Last Name,Street Number,Street,City,Province,Postal Code,Country,Phone Number,email Address
"",Jones,154,Berlin Street,Caledon,Prince Edward Island,B3V 2V1,Canada,642482013,null@year.com
Jacob,,130,Bridget Avenue,Longueuil,Nunavut,G6X 2L1,Canada,978192169,Jacob@school.com
Jacob,Anderson,133,Ballantrae Lane,Grande Prairie,Nunavut,L3V 1Y8,Canada,153840664,Jacob@business.com
Alexander,Miller,428,Birchdale Avenue,Saint-JÃ©rÃ´me,Manitoba,"L4A 0T3 ",Canada,445670016,Alexander@way.com
James,Jones,198,Artz Street,Belleville,Prince Edward Island,B3V 2V1,Canada,836827514,James@night.com
"",Anderson,249,Bellevue Avenue,Edmonton,New Brunswick,L3V 1Y8,Canada,673190272,null@mother.com
"",Davis,460,Arvida Avenue,Whitby,Yukon,B3V 2V1,Canada,887135250,null@group.com
Liam,Wilson,357,Bishop Street,Medicine Hat,Quebec,G0H 2P3,Canada,124878893,Liam@story.com
"",Johnson,157,Canterbury Close,Vancouver,Newfoundland and Labrador,N8H 2H6,Canada,517999367,null@eye.com
Alexander,Jones,381,Abrams Way,Sault Ste. Marie,Manitoba,G3E 2K4,Canada,290920282,Alexander@life.com
Ethan,Jones,462,Charlotte Lane,Sherbrooke,Nunavut,E5V 3X5,Canada,119771834,Ethan@system.com
Liam,Davis,360,Brook Street,Laval,Prince Edward Island,H9S 1R4,Canada,1372449985,Liam@group.com
Mason,Brown,154,Alex Street,Winnipeg,Prince Edward Island,L9R 0A0,Canada,157653724,Mason@group.com
Jacob,Williams,211,Alm-a Ramp,Mirabel,Manitoba,B2E 0X4,Canada,794564826,Jacob@mother.com
Alexander,Davis,363,Ardwell Avenue,Blainville,Nunavut,E5V 3X5,Canada,426621906,Alexander@state.com
"",Johnson,253,Birchdale Avenue,Greater Sudbury,Northwest Territories,L3V 1Y8,Canada,736976622,null@life.com
William,Taylor,403,Barrington Street,Aurora,Quebec,G3E 2K4,Canada,440633705,William@people.com
Alexander,Williams,290,Blowers Street,St. Catharines,Quebec,J1S 0R4,Canada,1072396831,Alexander@mother.com
William,Williams,319,Bluestone Road,Richmond,Manitoba,E5V 3X5,Canada,372240424,William@woman.com
Jacob,Wilson,174,Bronson Avenue,Winnipeg,Northwest Territories,V8C 0S2,Canada,1158102245,Jacob@state.com
"",,13,Braeside Lane,Aurora,Nunavut,K1B 3B2,Canada,1369422298,null@mother.com
James,Jones,18,Cairnwell Close,Prince George,Prince Edward Island,H3J 3P2,Canada,384070012,James@room.com
William,Wilson,267,Blue Jay Street,Repentigny,Quebec,G6X 2L1,Canada,1169407996,William@place.com
James,Anderson,59,Annandale Street,Calgary,British Columbia,G6X 2L1,Canada,1393424609,James@business.com
Ethan,Brown,81,Chelton Woods Lane,Markham,Nunavut,,Canada,928640238,Ethan@state.com
