First Name,Last Name,Street Number,Street,City,Province,Postal Code,Country,Phone Number,email Address
Alexander,Thomas,42,Chestnut Street,Brantford,Northwest Territories,E4M 2G2,Canada,841540529,Alexander@lot.com
Ethan,Moore,189,Berlin Street,Maple Ridge,Alberta,E4S 3C4,Canada,1178194254,Ethan@world.com
Liam,,378,Bridges Street,Granby,Yukon,,Canada,473056164,Liam@company.com
James,Wilson,215,Benjamin Green Drive,Kamloops,Saskatchewan,L0N 3J2,Canada,405041875,James@null
Mason,,93,Cedarbrae Lane,Milton,Nunavut,H0H 3C9,Canada,920799860,Mason@case.com
Jacob,Thomas,464,Abrams Way,Welland,Quebec,G3E 2K4,Canada,1153103555,Jacob@work.com
Alexander,Taylor,78,Bayne St Ramp,Oakville,New Brunswick,,Canada,195112896,Alexander@room.com
Jacob,Thomas,418,Angus L Macdonald Bridge,Coquitlam,Newfoundland and Labrador,E4M 2G2,Canada,294467081,Jacob@system.com
Ethan,Thomas,125,Churchill Drive,Guelph,Quebec,L4A 0T0,Canada,1216050669,Ethan@point.com
William,Williams,98,Alm-b Ramp,Kawartha Lakes,Newfoundland and Labrador,L0N 3J2,Canada,845691208,William@woman.com
Jacob,Thomas,195,Albert Street,Aurora,Quebec,K1B 3B2,Canada,874534579,Jacob@world.com
William,Davis,421,Carmichael Street,Chatham-Kent,Northwest Territories,J9P 1C6,Canada,1092280488,William@home.com
William,Davis,277,Cabot Place,Oshawa,Newfoundland and Labrador,"L4A 0T3 ",Canada,890804160,William@water.com
Liam,Thomas,327,Beaufort Avenue,Airdrie,Prince Edward Island,B2E 0X4,Canada,416321438,Liam@story.com
Liam,Wilson,11,Chipstone Close,LÃ©vis,British Columbia,L4A 0T0,Canada,1080719505,Liam@place.com
Ethan,Davis,138,Ashton Lane,Saskatoon,British Columbia,G6X 2L1,Canada,1076315370,Ethan@story.com
"",Brown,70,Aldergrove Drive,Maple Ridge,Nova Scotia,"V1K 1V0 ",Canada,689428008,null@group.com
Liam,Williams,177,Blue Willow Court,Port Coquitlam,Prince Edward Island,N8H 2H6,Canada,1234547969,Liam@problem.com
James,Brown,190,Brycedale Lane,Medicine Hat,Alberta,B2E 0X4,Canada,504691206,James@book.com
Ethan,Williams,422,Almon Street,Belleville,Nunavut,V8C 0S2,Canada,754337229,Ethan@school.com
Ethan,Jones,227,Castlepark Grove,Sherbrooke,British Columbia,V8C 0S2,Canada,682309061,Ethan@month.com
Alexander,Miller,262,Arnold Drive,Port Coquitlam,Nova Scotia,V8C 0S2,Canada,972978557,Alexander@program.com
Ethan,Johnson,221,Boulderwood Road,Gatineau,Prince Edward Island,G3E 2K4,Canada,279789017,Ethan@year.com
James,Wilson,136,Birmingham Street,Airdrie,Nunavut,J1S 0R4,Canada,1020441917,James@null
Ethan,Jones,39,Bright Place,Caledon,Manitoba,J9T 3H4,Canada,1292311842,Ethan@way.com
Mason,Miller,84,Chelsea Lane,LÃ©vis,Nunavut,N5C 2J8,Canada,932578711,Mason@right.com
William,Wilson,497,Cabot Back Lane,Laval,Prince Edward Island,N8H 2H6,Canada,833188255,William@student.com
Mason,Wilson,350,Bedford Row,Chilliwack,Saskatchewan,N4N 0B9,Canada,1002017977,Mason@place.com
Liam,Jackson,37,Clifton Street,Welland,Prince Edward Island,"L4A 0T3 ",Canada,104960585,Liam@man.com
"",Wilson,383,Ashburn Avenue,North Vancouver,Northwest Territories,H9S 1R4,Canada,695408601,null@program.com
James,Davis,315,Campbell Drive,Medicine Hat,Prince Edward Island,L0N 3J2,Canada,287115592,James@word.com
