First Name,Last Name,Street Number,Street,City,Province,Postal Code,Country,Phone Number,email Address
James,Jackson,170,Cairnwell Close,Sault Ste. Marie,Alberta,H0H 3C9,Canada,405007589,James@study.com
Mason,Brown,388,Birch Cove Lane,Greater Sudbury,Nunavut,H0H 3C9,Canada,584145302,Mason@country.com
Jacob,Davis,31,Bayne St Ramp,Lethbridge,British Columbia,K1B 3B2,Canada,702398954,Jacob@state.com
Ethan,,427,Blowers Street,Moncton,Prince Edward Island,E5V 3X5,Canada,1257460857,Ethan@water.com
James,Williams,125,Botany Terrace,Longueuil,Northwest Territories,,Canada,1047250838,James@night.com
Mason,Miller,5,Blue Thistle Road,Red Deer,Nova Scotia,"L4A 0T3 ",Canada,1225868883,Mason@story.com
James,Brown,135,Cabot Place,Brantford,Northwest Territories,G6X 2L1,Canada,174830080,James@man.com
Alexander,Brown,101,Ballantrae Lane,Greater Sudbury,Nunavut,E5V 3X5,Canada,163336796,Alexander@group.com
"",Johnson,342,Chebucto Road,Grande Prairie,New Brunswick,J9P 1C6,Canada,717521649,null@job.com
Ethan,Jones,27,Alm-d Ramp,Grande Prairie,Quebec,"V1K 1V0 ",Canada,250131738,Ethan@fact.com
William,,278,Cedar Street,Halton Hills,Northwest Territories,H3J 3P2,Canada,809014380,William@world.com
Jacob,Wilson,276,Bonaventure Drive,Saint John,New Brunswick,H0H 3C9,Canada,1181205329,Jacob@group.com
Ethan,Davis,158,Beachstone Drive,Grande Prairie,Prince Edward Island,E4M 2G2,Canada,519382832,Ethan@home.com
James,Wilson,498,Abrams Way,Sherbrooke,Prince Edward Island,J1S 0R4,Canada,1154182260,James@day.com
Ethan,Moore,324,Carmichael Street,Nanaimo,Prince Edward Island,"L4A 0T3 ",Canada,353198016,Ethan@null
Liam,Jones,85,Clovis Avenue,Ottawa,Alberta,G6X 2L1,Canada,1091234690,Liam@world.com
Jacob,Jackson,110,Bayview Road,Mississauga,Nunavut,L0N 3J2,Canada,1062829881,Jacob@point.com
James,Jackson,237,Barclay Avenue,Longueuil,Yukon,E7E 3T7,Canada,619995517,James@way.com
William,Jackson,145,Clearview Street,Thunder Bay,Alberta,V8C 0S2,Canada,1272408422,William@mother.com
Liam,Moore,305,Chain Lake Drive,Kawartha Lakes,Saskatchewan,B3V 2V1,Canada,214176169,Liam@place.com
Mason,Anderson,128,Clifton Street,Clarington,New Brunswick,G0H 2P3,Canada,118932036,Mason@state.com
Mason,Jackson,482,Clayton Park Drive,Saint-Jean-sur-Richelieu,Nunavut,V8B 1P6,Canada,1227457627,Mason@student.com
James,Moore,10,Bison Crescent,Saanich,Nunavut,G6X 2L1,Canada,863232056,James@room.com
Mason,Miller,32,Balwearie Lane,Kingston,New Brunswick,J0N 0Z3,Canada,1352365942,Mason@company.com
Mason,Williams,36,Bilton Lane,Port Coquitlam,Northwest Territories,B3V 2V1,Canada,392541061,Mason@part.com
"",Johnson,462,Berlin Street,North Vancouver,Nunavut,N5C 2J8,Canada,538031576,null@school.com
Ethan,Taylor,225,Bayne St Ramp,Guelph,Northwest Territories,J0J 3V6,Canada,1057683560,Ethan@week.com
Alexander,,500,Armdale Rotary,Port Coquitlam,Nunavut,E5V 3X5,Canada,1141068295,Alexander@time.com
Liam,Moore,268,Bronson Avenue,Caledon,Prince Edward Island,B2E 0X4,Canada,505352558,Liam@work.com
"",Johnson,465,Atlantic Street,Belleville,New Brunswick,H3J 3P2,Canada,357625876,null@case.com
Jacob,Jackson,455,Bright Street,Mississauga,Yukon,E5V 3X5,Canada,1407810165,Jacob@study.com
William,Miller,291,Aukland Place,Moncton,Nunavut,L4A 0T0,Canada,829546009,William@null
Ethan,Jones,351,Bedford Row,Richmond,Nova Scotia,L0N 3J2,Canada,1241001478,Ethan@family.com
Liam,Brown,52,Brackley Place,St. Catharines,Newfoundland and Labrador,H0H 3C9,Canada,1051735714,Liam@country.com
Jacob,Williams,449,Bently Drive,Saskatoon,Newfoundland and Labrador,N8A 0B3,Canada,176002582,Jacob@book.com
"",Taylor,282,Cedarbrae Lane,Chilliwack,British Columbia,E4S 3C4,Canada,957611109,null@man.com
Alexander,Brown,183,Aurora Avenue,Drummondville,Newfoundland and Labrador,"B0T 0Y5 ",Canada,1167145268,Alexander@study.com
William,,171,Bright Place,Barrie,Yukon,H0H 3C9,Canada,779593694,William@group.com
Ethan,Jackson,208,Bald Eagle Place,Kawartha Lakes,Nunavut,H9S 1R4,Canada,1357920877,Ethan@case.com
James,Wilson,8,Ashdale Avenue,Kitchener,New Brunswick,G0H 2P3,Canada,1021858578,James@part.com
Alexander,Taylor,414,Adams Avenue,St. Catharines,Nova Scotia,N8H 2H6,Canada,279782038,Alexander@month.com
Alexander,Moore,277,Alm-e Ramp,Ottawa,,G3H 0B4,Canada,552972504,Alexander@group.com
