First Name,Last Name,Street Number,Street,City,Province,Postal Code,Country,Phone Number,email Address
James,Jackson,275,Balcomes Drive,Winnipeg,Alberta,G3H 0B4,Canada,807028721,James@lot.com
William,Miller,433,Chelmsford Place,London,Prince Edward Island,N8H 2H6,Canada,175271301,William@hand.com
Jacob,Thomas,152,Armshore Drive,Quebec City,Saskatchewan,J9P 1C6,Canada,911357169,Jacob@job.com
Ethan,Davis,34,Brunswick Street,Richmond,Quebec,L0N 3J2,Canada,606311927,Ethan@job.com
Mason,Davis,55,Boulderwood Road,Guelph,Quebec,E5V 3X5,Canada,557377939,Mason@place.com
"",Jones,300,Cloverdale Road,Sherbrooke,British Columbia,V8C 0S2,Canada,1313808834,null@question.com
William,Jones,216,Alm-e Ramp,Granby,Northwest Territories,,Canada,1209282364,William@group.com
James,Moore,156,Birkdale Crescent,Windsor,Alberta,L9R 0A0,Canada,1233827801,James@program.com
"",,153,Bently Drive,Moncton,Nunavut,H3J 3P2,Canada,205350216,null@government.com
Liam,Miller,415,Borden Street,Strathcona County,Nova Scotia,"L4A 0T3 ",Canada,665572615,Liam@place.com
Liam,Jackson,407,Abbott Drive,Burlington,Prince Edward Island,N5C 2J8,Canada,661965102,Liam@day.com
Liam,Thomas,376,Arlington Avenue,Strathcona County,Northwest Territories,H3J 3P2,Canada,1138859540,Liam@book.com
Alexander,Johnson,222,Boulderwood Road,North Vancouver,Saskatchewan,"V1K 1V0 ",Canada,526111993,Alexander@day.com
Jacob,Williams,261,Artz Street,Fredericton,Prince Edward Island,V8C 0S2,Canada,1403490234,Jacob@man.com
William,Davis,205,Amberwood Court,Saguenay,Northwest Territories,J0N 0Z3,Canada,131235276,William@day.com
Liam,Brown,156,Albemarle Street,Gatineau,New Brunswick,E4S 3C4,Canada,814051456,Liam@child.com
Mason,Davis,468,Adelaide Avenue,Richmond Hill,Quebec,H3J 3P2,Canada,196969680,Mason@government.com
Jacob,Anderson,78,Church Street,St. Catharines,Northwest Territories,L3V 1Y8,Canada,1223115193,Jacob@place.com
Liam,Davis,408,Altavista Lane,Saskatoon,Saskatchewan,T1L 2H8,Canada,163094146,Liam@family.com
James,Miller,261,Chebucto Lane,Saint John,Newfoundland and Labrador,H9S 1R4,Canada,1246897065,James@people.com
William,Moore,29,Alumni Crescent,Prince George,Northwest Territories,E4S 3C4,Canada,517210926,William@day.com
William,Jones,146,Atlantic Street,Kitchener,Nunavut,E7E 3T7,Canada,1224464282,William@country.com
Ethan,Jones,265,Armada Drive,St. Catharines,Manitoba,,Canada,1025704084,Ethan@right.com
