First Name,Last Name,Street Number,Street,City,Province,Postal Code,Country,Phone Number,email Address
William,Anderson,259,Blowers Street,Longueuil,Newfoundland and Labrador,B3V 2V1,Canada,1264037070,William@word.com
William,Jones,233,Boulderwood Road,London,Nova Scotia,N5C 2J8,Canada,1098723108,William@state.com
"",Anderson,425,Belmont On The Arm,Saint-JÃ©rÃ´me,Manitoba,J9T 3H4,Canada,895752074,null@world.com
Alexander,Miller,129,Chelton Woods Lane,Longueuil,Saskatchewan,G6X 2L1,Canada,763206204,Alexander@group.com
Alexander,Jones,395,Blink Bonnie Terrace,Victoria,Yukon,H0H 3C9,Canada,199596270,Alexander@way.com
Ethan,,6,Basinview Drive,Aurora,Yukon,N4N 0B9,Canada,1269882409,Ethan@country.com
Alexander,Anderson,197,Chipstone Close,Saint-Hyacinthe,Prince Edward Island,J0N 0Z3,Canada,421207155,Alexander@word.com
Alexander,Williams,411,Bond Street,Oshawa,Nunavut,E4M 2G2,Canada,186042341,Alexander@number.com
"",Williams,109,Blue Willow Court,LÃ©vis,Nunavut,V8B 1P6,Canada,996189431,null@story.com
Mason,Brown,365,Bakers Drive,Saint-JÃ©rÃ´me,Nunavut,G3E 2K4,Canada,1243068516,Mason@story.com
"",Thomas,275,Bright Place,Chatham-Kent,,N5C 2J8,Canada,978099995,null@thing.com
Jacob,Thomas,375,Albert Place,Saint-Jean-sur-Richelieu,Prince Edward Island,H0H 3C9,Canada,147370319,Jacob@job.com
Ethan,Jackson,76,Angus L Macdonald Bridge,Norfolk County,Prince Edward Island,K1B 3B2,Canada,1214606378,Ethan@part.com
William,Moore,251,Castlepark Grove,LÃ©vis,Northwest Territories,K1B 3B2,Canada,916101850,William@place.com
"",Jones,189,Andrew Street,Cape Breton,New Brunswick,H0H 3C9,Canada,376998144,null@job.com
Jacob,Wilson,80,Bristol Place,Sault Ste. Marie,Newfoundland and Labrador,G3E 2K4,Canada,141679467,Jacob@life.com
Liam,,423,Brenton Street,Blainville,Northwest Territories,N8A 0B3,Canada,134373633,Liam@government.com
