First Name,Last Name,Street Number,Street,City,Province,Postal Code,Country,Phone Number,email Address
Alexander,Williams,369,Bedford Highway Ramp,Abbotsford,Prince Edward Island,G6X 2L1,Canada,909666074,Alexander@group.com
Alexander,Thomas,411,Aldergrove Drive,Prince George,,G6X 2L1,Canada,1082662742,Alexander@right.com
Ethan,Brown,43,Andrew Street,Abbotsford,Yukon,B2E 0X4,Canada,350903470,Ethan@study.com
Ethan,Moore,69,Clearview Street,Saint-Jean-sur-Richelieu,New Brunswick,V8B 1P6,Canada,438971320,Ethan@mother.com
Ethan,Jones,177,Beresford Road,Trois-RiviÃ¨res,Prince Edward Island,E5V 3X5,Canada,1359346324,Ethan@lot.com
William,Jackson,422,Centre Gate,Thunder Bay,New Brunswick,H9S 1R4,Canada,1389014621,William@life.com
William,Wilson,134,Artz Street,Cambridge,Nunavut,J9P 1C6,Canada,520475218,William@government.com
James,Davis,490,Chadwick Place,Caledon,Nova Scotia,E7E 3T7,Canada,903606938,James@company.com
Alexander,Jones,243,Beachstone Drive,Welland,New Brunswick,T1L 2H8,Canada,508988909,Alexander@company.com
James,Wilson,440,Carriageway Crescent,Barrie,Prince Edward Island,G0H 2P3,Canada,401191977,James@system.com
Liam,Thomas,72,Bobolink Street,Cambridge,Alberta,E5V 3X5,Canada,1348164350,Liam@school.com
James,Jones,343,Bristol Place,Sherbrooke,New Brunswick,N4N 0B9,Canada,1307854572,James@life.com
"",Moore,395,Briar Lane,Pickering,Saskatchewan,E7E 3T7,Canada,1333890637,null@family.com
William,Thomas,379,Balmoral Road,Moncton,Manitoba,N4N 0B9,Canada,901895859,William@book.com
William,Moore,248,Bilton Lane,North Vancouver,Prince Edward Island,H3J 3P2,Canada,1334429628,William@point.com
