First Name,Last Name,Street Number,Street,City,Province,Postal Code,Country,Phone Number,email Address
Jacob,Jackson,54,Bristol Place,LÃ©vis,Quebec,,Canada,700631841,Jacob@people.com
Alexander,Miller,168,Aldergrove Drive,Longueuil,Northwest Territories,B2E 0X4,Canada,481236081,Alexander@null
Mason,Davis,446,Albert Street,Calgary,Nunavut,E7E 3T7,Canada,1244353171,Mason@Mr.com
"",Taylor,14,Bedros Lane,Nanaimo,Newfoundland and Labrador,"L4A 0T3 ",Canada,237655435,null@book.com
Mason,Taylor,45,Cabot Street,Saint-Jean-sur-Richelieu,,H0H 3C9,Canada,580569682,Mason@state.com
Ethan,Johnson,395,Birchfield Crescent,Fredericton,Saskatchewan,N5C 2J8,Canada,138393853,Ethan@place.com
Ethan,Moore,469,Armada Drive,Caledon,Nunavut,J0N 0Z3,Canada,312059712,Ethan@group.com
"",Anderson,49,Armada Drive,Medicine Hat,Northwest Territories,G3E 2K4,Canada,269207797,null@month.com
James,Brown,300,Brodick Lane,Caledon,Saskatchewan,B3V 2V1,Canada,630227408,James@home.com
Mason,Thomas,144,Alm-b Ramp,Fredericton,Prince Edward Island,N8H 2H6,Canada,1333410124,Mason@night.com
"",Miller,442,Alm-c Ramp,London,Manitoba,G0H 2P3,Canada,214698976,null@eye.com
Jacob,Williams,383,Battery Drive,Cape Breton,Prince Edward Island,G0H 2P3,Canada,1103346977,Jacob@world.com
Alexander,Jackson,328,Banbury Close,Montreal,Newfoundland and Labrador,E5V 3X5,Canada,546105472,Alexander@book.com
Alexander,Moore,129,Brigadier Court,Medicine Hat,Newfoundland and Labrador,"B0T 0Y5 ",Canada,735848094,Alexander@lot.com
Liam,Moore,334,Breen Avenue,Sault Ste. Marie,Nunavut,H9S 1R4,Canada,1135073680,Liam@woman.com
"",Thomas,55,Bloomingdale Terrace,Medicine Hat,Saskatchewan,E5V 3X5,Canada,829435378,null@company.com
Jacob,Brown,453,Ashton Lane,Guelph,Alberta,E4M 2G2,Canada,180912555,Jacob@point.com
Alexander,Thomas,361,Beaufort Avenue,Welland,Newfoundland and Labrador,J0J 3V6,Canada,1030645219,Alexander@hand.com
"",Jackson,44,Boulderwood Road,Brossard,Manitoba,V8B 1P6,Canada,493362906,null@point.com
Ethan,Jones,308,Charlotte Lane,Saint-Jean-sur-Richelieu,Newfoundland and Labrador,N8A 0B3,Canada,402568142,Ethan@book.com
James,Moore,255,Bayview Road,North Bay,Quebec,J0J 3V6,Canada,222212770,James@way.com
Jacob,Moore,78,Altavista Lane,Laval,Northwest Territories,H9S 1R4,Canada,1259318103,Jacob@way.com
"",Davis,161,Birchdale Avenue,St. Catharines,Nunavut,"V1K 1V0 ",Canada,485999059,null@number.com
