First Name,Last Name,Street Number,Street,City,Province,Postal Code,Country,Phone Number,email Address
"",Anderson,76,Cardiff Place,Oakville,Newfoundland and Labrador,J9P 1C6,Canada,1393135164,null@government.com
Liam,Moore,152,Carmichael Street,Pickering,Northwest Territories,H9S 1R4,Canada,792565205,Liam@part.com
Liam,Jones,390,Carriageway Crescent,Strathcona County,Northwest Territories,J9T 3H4,Canada,1177630391,Liam@lot.com
Alexander,Jones,41,Clearview Street,Saint-Jean-sur-Richelieu,Alberta,G3E 2K4,Canada,627886410,Alexander@day.com
"",,57,Churchill Drive,Brantford,Northwest Territories,L9R 0A0,Canada,1120759509,null@Mr.com
Alexander,Anderson,95,Brigadier Court,Abbotsford,Nunavut,B2E 0X4,Canada,778357359,Alexander@job.com
Alexander,Miller,342,Apollo Court,Strathcona County,Manitoba,,Canada,176026528,Alexander@school.com
Ethan,Davis,246,Cartaret Street,Sault Ste. Marie,Prince Edward Island,J9P 1C6,Canada,769555771,Ethan@mother.com
Jacob,Moore,388,Brenton Street,Chatham-Kent,Northwest Territories,H3J 3P2,Canada,465923724,Jacob@Mr.com
Liam,Williams,422,Caitland Court,Burnaby,Northwest Territories,N8A 0B3,Canada,763594939,Liam@room.com
Alexander,Johnson,387,Braeburn Road,New Westminster,British Columbia,J9P 1C6,Canada,813484022,Alexander@lot.com
Alexander,Thomas,167,Carlton Street,Longueuil,Nunavut,K1B 3B2,Canada,929714988,Alexander@government.com
Ethan,Wilson,422,Bonaventure Drive,Sault Ste. Marie,Northwest Territories,G6X 2L1,Canada,269827082,Ethan@water.com
Jacob,Thomas,56,Abercrombie Lane,Mississauga,British Columbia,J9P 1C6,Canada,1407046303,Jacob@money.com
Ethan,Wilson,201,Church Street,Gatineau,Saskatchewan,E5V 3X5,Canada,268353116,Ethan@way.com
James,Moore,424,Alex Street,Chatham-Kent,Nova Scotia,L3V 1Y8,Canada,864962500,James@program.com
Jacob,Thomas,326,Africville Road,Delta,Prince Edward Island,N8H 2H6,Canada,792005537,Jacob@system.com
Ethan,Jackson,245,Carnation Crescent,Terrebonne,Nova Scotia,B3V 2V1,Canada,654988222,Ethan@story.com
Jacob,,58,Alm-a Ramp,Saint-Hyacinthe,Nova Scotia,B3V 2V1,Canada,310214558,Jacob@book.com
William,Thomas,110,Clovis Avenue,Caledon,Prince Edward Island,E4M 2G2,Canada,875251994,William@fact.com
Alexander,Brown,448,Admirals Way,Thunder Bay,Nunavut,V8C 0S2,Canada,984907361,Alexander@way.com
William,Thomas,359,Belmont On The Arm,Vancouver,Quebec,N5C 2J8,Canada,685502279,William@money.com
Jacob,Miller,314,Andrew Street,Delta,Manitoba,N5C 2J8,Canada,166350529,Jacob@family.com
James,Williams,182,Albion Road,North Vancouver,New Brunswick,E5V 3X5,Canada,925466573,James@business.com
William,Johnson,314,Cambridge Street,Brantford,Nunavut,N4N 0B9,Canada,823618072,William@book.com
James,Jones,316,Castle Hill Drive,New Westminster,Northwest Territories,"B0T 0Y5 ",Canada,983094382,James@question.com
"",Williams,100,Buffers Lane,Fredericton,Manitoba,N8H 2H6,Canada,625658052,null@water.com
"",Jackson,39,Berlin Street,Port Coquitlam,Alberta,E4M 2G2,Canada,842943165,null@thing.com
William,,342,Bridgeview Drive,Greater Sudbury,Saskatchewan,"L4A 0T3 ",Canada,1346628969,William@world.com
