First Name,Last Name,Street Number,Street,City,Province,Postal Code,Country,Phone Number,email Address
Ethan,Thomas,162,Armada Drive,Medicine Hat,Northwest Territories,"V1K 1V0 ",Canada,959727975,Ethan@system.com
Alexander,Anderson,471,Bright Street,Saint-Jean-sur-Richelieu,Northwest Territories,E4S 3C4,Canada,809204216,Alexander@null
William,Davis,61,Basinview Drive,Coquitlam,Quebec,"B0T 0Y5 ",Canada,1024804701,William@eye.com
Ethan,Jones,326,Church Street,Delta,Nunavut,B3V 2V1,Canada,713994005,Ethan@family.com
Mason,Wilson,321,Bayne Street,LÃ©vis,Nunavut,E4S 3C4,Canada,774659511,Mason@group.com
