First Name,Last Name,Street Number,Street,City,Province,Postal Code,Country,Phone Number,email Address
"",Jones,212,Cartaret Street,Saint John,Quebec,L9R 0A0,Canada,654447033,null@null
Ethan,Moore,165,Alm-e Ramp,Terrebonne,Nunavut,V8C 0S2,Canada,388621037,Ethan@time.com
Alexander,Jackson,408,Ahern Avenue,Winnipeg,Alberta,,Canada,119325448,Alexander@case.com
Alexander,Anderson,24,Clayton Park Drive,Fredericton,Nunavut,N5C 2J8,Canada,935525093,Alexander@woman.com
James,Thomas,333,Caxton Close,Cape Breton,Prince Edward Island,G0H 2P3,Canada,129936952,James@week.com
William,Jones,340,Berlin Street,Granby,Prince Edward Island,L0N 3J2,Canada,310775302,William@state.com
Alexander,Moore,462,Chebucto Lane,Oakville,Alberta,G0H 2P3,Canada,438306360,Alexander@job.com
William,Johnson,483,Armstrong Court,Winnipeg,Yukon,N4N 0B9,Canada,379411386,William@book.com
William,Brown,490,Armdale Rotary,Saskatoon,Nunavut,B3V 2V1,Canada,1110152485,William@program.com
William,Johnson,100,Bloomfield Street,Fredericton,Yukon,J1S 0R4,Canada,1076556973,William@study.com
William,Moore,448,Bridget Avenue,Brossard,New Brunswick,N8A 0B3,Canada,937746134,William@time.com
Ethan,Anderson,479,Alm-b Ramp,Belleville,Prince Edward Island,L4A 0T0,Canada,240302074,Ethan@group.com
"",Moore,393,Argyle Street,Ajax,Prince Edward Island,B3V 2V1,Canada,520503230,null@place.com
Alexander,Davis,9,Archibald Avenue,Peterborough,Alberta,"B0T 0Y5 ",Canada,1234731543,Alexander@people.com
Ethan,Taylor,337,Carmichael Street,Red Deer,Nunavut,V8C 0S2,Canada,1314199017,Ethan@eye.com
Liam,,201,Cascade Drive,Winnipeg,Manitoba,G3E 2K4,Canada,219796369,Liam@program.com
Jacob,Wilson,140,Berkshire Close,Cape Breton,Alberta,T1L 2H8,Canada,525044715,Jacob@day.com
Jacob,,347,Alm-c Ramp,Kingston,Manitoba,"V1K 1V0 ",Canada,212662848,Jacob@word.com
William,Jones,84,Clinton Avenue,Guelph,Prince Edward Island,L3V 1Y8,Canada,725488279,William@hand.com
Alexander,Davis,405,Breen Avenue,Halifax,Prince Edward Island,L0N 3J2,Canada,449785782,Alexander@country.com
William,Brown,358,Barrington Street,Laval,,J0N 0Z3,Canada,1167716100,William@year.com
Mason,Wilson,423,Brighton Avenue,Norfolk County,Prince Edward Island,E7E 3T7,Canada,1299807761,Mason@work.com
Liam,Jackson,481,Brockhurst Close,Saint-JÃ©rÃ´me,Alberta,E5V 3X5,Canada,800699874,Liam@child.com
William,Wilson,447,Carrington Place,Oakville,Newfoundland and Labrador,L0N 3J2,Canada,435323810,William@place.com
"",Jackson,374,Ardwell Avenue,Richmond Hill,Prince Edward Island,N5C 2J8,Canada,864784414,null@thing.com
"",Thomas,363,Cedar Street,Victoria,Prince Edward Island,L3V 1Y8,Canada,1164233381,null@Mr.com
William,Brown,290,Bayne Street,Oshawa,Northwest Territories,G6X 2L1,Canada,726095629,William@school.com
Ethan,Miller,343,Church Street,Newmarket,Nova Scotia,"B0T 0Y5 ",Canada,1348943809,Ethan@case.com
Alexander,,3,Carroll Lane,Sherbrooke,Nunavut,,Canada,758363558,Alexander@hand.com
Jacob,Brown,174,Bridget Avenue,Vaughan,Newfoundland and Labrador,T1L 2H8,Canada,866775257,Jacob@night.com
William,Miller,6,Bridgeview Drive,Cape Breton,Alberta,E7E 3T7,Canada,601437421,William@government.com
Alexander,Anderson,189,Cedarbrae Lane,Blainville,Manitoba,H0H 3C9,Canada,964676028,Alexander@state.com
Jacob,Jones,315,Ascot Avenue,New Westminster,Northwest Territories,V8B 1P6,Canada,706008678,Jacob@week.com
Jacob,,15,Bedford Highway,Belleville,Northwest Territories,H0H 3C9,Canada,1209539054,Jacob@place.com
Mason,Taylor,258,Annandale Street,Victoria,Alberta,G6X 2L1,Canada,945730098,Mason@way.com
James,Williams,84,Clayton Park Drive,Drummondville,Alberta,E4S 3C4,Canada,489517977,James@Mr.com
Ethan,Johnson,355,Chester Avenue,Medicine Hat,Nunavut,B2E 0X4,Canada,1229102296,Ethan@study.com
"",Miller,394,Blenheim Terrace,Wood Buffalo,Nova Scotia,L3V 1Y8,Canada,1279957961,null@fact.com
