First Name,Last Name,Street Number,Street,City,Province,Postal Code,Country,Phone Number,email Address
"",Thomas,179,Cherry Lane,Surrey,Newfoundland and Labrador,"L4A 0T3 ",Canada,203846906,null@point.com
Mason,Anderson,418,Bright Street,Windsor,Nova Scotia,N5C 2J8,Canada,232886854,Mason@study.com
"",Johnson,323,Armdale Rotary,Thunder Bay,Quebec,V8B 1P6,Canada,1197668862,null@job.com
Alexander,Anderson,360,Charles Street,Red Deer,Nova Scotia,G3E 2K4,Canada,1406218196,Alexander@group.com
Liam,,485,Arvida Avenue,Guelph,Newfoundland and Labrador,V8C 0S2,Canada,265535825,Liam@place.com
James,Taylor,99,Banbury Close,Sherbrooke,Saskatchewan,J0N 0Z3,Canada,693010355,James@point.com
James,Johnson,469,Armview Avenue,Red Deer,Nunavut,G3E 2K4,Canada,1369121935,James@people.com
Mason,Jackson,473,Brycedale Lane,Guelph,Prince Edward Island,T1L 2H8,Canada,184248811,Mason@student.com
"",Thomas,55,Alm-a Ramp,Granby,Prince Edward Island,N8A 0B3,Canada,179393398,null@part.com
Jacob,Taylor,13,Annandale Street,Oshawa,Saskatchewan,G6X 2L1,Canada,852921037,Jacob@word.com
"",Thomas,387,Attenborough Court,Drummondville,Yukon,,Canada,445627156,null@state.com
Ethan,Anderson,419,Birch Street,Maple Ridge,Prince Edward Island,B3V 2V1,Canada,753548838,Ethan@company.com
"",Jackson,123,Centre Gate,Port Coquitlam,Alberta,V8B 1P6,Canada,849250738,null@book.com
"",Wilson,422,Banbury Close,Niagara Falls,Prince Edward Island,E4S 3C4,Canada,602252198,null@people.com
"",Davis,494,Birchview Drive,Ottawa,Yukon,L9R 0A0,Canada,500772124,null@people.com
William,Miller,495,Charles Street,Chilliwack,Nova Scotia,N5C 2J8,Canada,194198608,William@people.com
William,Williams,266,Albert Street,Guelph,Saskatchewan,E7E 3T7,Canada,610237053,William@world.com
"",Williams,210,Atlantic Street,Guelph,Saskatchewan,B2E 0X4,Canada,923274788,null@number.com
"",Wilson,123,Brighton Avenue,Drummondville,Quebec,L0N 3J2,Canada,215041700,null@work.com
Ethan,Moore,191,Beresford Road,Port Coquitlam,Manitoba,L4A 0T0,Canada,708857951,Ethan@student.com
"",Williams,254,Aster Court,Waterloo,Nunavut,E4S 3C4,Canada,105488190,null@word.com
"",Jackson,380,Bluestone Road,Granby,Alberta,L0N 3J2,Canada,839836586,null@room.com
Liam,Taylor,276,Armdale Rotary,Calgary,Nunavut,L3V 1Y8,Canada,607006130,Liam@woman.com
Liam,Jackson,204,Artz Street,Nanaimo,Newfoundland and Labrador,"B0T 0Y5 ",Canada,676198143,Liam@study.com
"",Moore,47,Armoury Place,Coquitlam,Nunavut,L3V 1Y8,Canada,791368005,null@hand.com
"",Jackson,151,Aster Court,Burlington,Manitoba,G6X 2L1,Canada,1366656195,null@mother.com
Jacob,Davis,126,Bedford Row,Whitby,Newfoundland and Labrador,B3V 2V1,Canada,1120260924,Jacob@story.com
Jacob,Moore,198,Armada Drive,Red Deer,Quebec,E4S 3C4,Canada,752749078,Jacob@day.com
James,Williams,156,Chartwell Lane,Winnipeg,British Columbia,T1L 2H8,Canada,509608233,James@story.com
