First Name,Last Name,Street Number,Street,City,Province,Postal Code,Country,Phone Number,email Address
William,Davis,169,Ashdale Avenue,Kingston,New Brunswick,L9R 0A0,Canada,327499624,William@hand.com
James,Brown,117,Bridgeview Drive,Chilliwack,Yukon,N4N 0B9,Canada,959795658,James@day.com
Alexander,Williams,383,Abercrombie Lane,Pickering,Prince Edward Island,J0J 3V6,Canada,203400743,Alexander@group.com
Ethan,Johnson,496,Burgee Run,Mirabel,Prince Edward Island,"L4A 0T3 ",Canada,176001325,Ethan@mother.com
Liam,Moore,129,Carlina Court,Norfolk County,Prince Edward Island,E4S 3C4,Canada,803190998,Liam@question.com
Alexander,Wilson,243,Carriageway Crescent,Brantford,New Brunswick,J0J 3V6,Canada,824233256,Alexander@child.com
"",Thomas,476,Canterbury Close,Cape Breton,Nunavut,L0N 3J2,Canada,1139807926,null@year.com
Mason,Johnson,384,Bayne Street,Milton,New Brunswick,L3V 1Y8,Canada,670004830,Mason@people.com
James,Wilson,440,Bower Road,Welland,Nova Scotia,L9R 0A0,Canada,1155343707,James@point.com
Liam,Jones,295,Brigadier Court,Calgary,Saskatchewan,E7E 3T7,Canada,207469465,Liam@null
Jacob,Brown,340,Ashdale Avenue,Saskatoon,Northwest Territories,L0N 3J2,Canada,828088514,Jacob@point.com
Mason,Williams,283,Belmont On The Arm,Oshawa,Alberta,E4S 3C4,Canada,536259357,Mason@day.com
Ethan,Jackson,270,Bridges Street,Brantford,Prince Edward Island,E5V 3X5,Canada,474029783,Ethan@day.com
Alexander,,356,Alma Crescent,Aurora,Nunavut,H0H 3C9,Canada,982510959,Alexander@way.com
"",Davis,55,Banbury Close,Clarington,Northwest Territories,J0N 0Z3,Canada,1076759265,null@word.com
Mason,Taylor,229,Archibald Avenue,Wood Buffalo,Newfoundland and Labrador,V8C 0S2,Canada,1223623739,Mason@people.com
William,Anderson,395,Braemount Drive,Strathcona County,Northwest Territories,L9R 0A0,Canada,584340108,William@study.com
"",Jones,14,Beresford Road,Saint-JÃ©rÃ´me,British Columbia,G3H 0B4,Canada,1306183168,null@family.com
"",Wilson,146,Bellevue Avenue,Whitby,Prince Edward Island,B2E 0X4,Canada,1265878771,null@Mr.com
Liam,Williams,354,Ahern Avenue,Caledon,Prince Edward Island,N8A 0B3,Canada,1292495967,Liam@case.com
James,Davis,10,Caitland Court,Abbotsford,Quebec,"B0T 0Y5 ",Canada,341690329,James@book.com
Alexander,Thomas,346,Benjamin Green Drive,Mississauga,,L9R 0A0,Canada,459387137,Alexander@right.com
Ethan,Anderson,300,Birchwood Drive,North Vancouver,Northwest Territories,"L4A 0T3 ",Canada,1020985811,Ethan@case.com
Ethan,Moore,8,Clayder Lane,Maple Ridge,Nova Scotia,T1L 2H8,Canada,818675964,Ethan@world.com
James,Thomas,163,Brussels Street,Montreal,Prince Edward Island,L3V 1Y8,Canada,476745554,James@money.com
William,Jones,300,Bristol Place,Granby,Prince Edward Island,G6X 2L1,Canada,121911481,William@year.com
"",Thomas,497,Carmichael Street,Saguenay,Prince Edward Island,J0N 0Z3,Canada,316375834,null@family.com
Mason,Thomas,261,Brycedale Lane,Welland,Alberta,J9T 3H4,Canada,741316586,Mason@part.com
"",Anderson,299,Cabot Back Lane,Drummondville,Prince Edward Island,H9S 1R4,Canada,915870502,null@student.com
Jacob,Wilson,260,Bilton Lane,Windsor,New Brunswick,L9R 0A0,Canada,212641124,Jacob@country.com
