First Name,Last Name,Street Number,Street,City,Province,Postal Code,Country,Phone Number,email Address
Liam,Thomas,18,Bedford Highway Ramp,Welland,Alberta,L9R 0A0,Canada,753712593,Liam@point.com
"",Wilson,259,Artillery Place,Saint John,Alberta,N8A 0B3,Canada,205902339,null@place.com
Alexander,Jones,486,Carriageway Crescent,Brantford,Yukon,E7E 3T7,Canada,309710825,Alexander@program.com
James,Brown,357,Brockhurst Close,Richmond,New Brunswick,B3V 2V1,Canada,702785624,James@country.com
Mason,Brown,343,Cavendish Road,Red Deer,Prince Edward Island,G0H 2P3,Canada,675818494,Mason@way.com
Mason,Jones,68,Cherry Street,St. John's,Saskatchewan,L0N 3J2,Canada,636481976,Mason@man.com
James,Anderson,463,Aikenhead Road,Victoria,Northwest Territories,V8B 1P6,Canada,530714990,James@way.com
Alexander,Thomas,289,Bosun Run,LÃ©vis,New Brunswick,J1S 0R4,Canada,426377558,Alexander@eye.com
Ethan,,372,Albemarle Street,Strathcona County,Newfoundland and Labrador,J9T 3H4,Canada,875677381,Ethan@place.com
"",Brown,48,Adams Avenue,Red Deer,Prince Edward Island,V8B 1P6,Canada,379824755,null@number.com
William,Taylor,30,Bently Drive,North Vancouver,Nunavut,J1S 0R4,Canada,626848033,William@year.com
Alexander,,466,Canary Crescent,Burnaby,Prince Edward Island,H0H 3C9,Canada,369556406,Alexander@problem.com
Mason,Moore,157,Balcomes Drive,Waterloo,Nova Scotia,J0J 3V6,Canada,1388695314,Mason@life.com
James,Anderson,269,Ashdale Avenue,Saint John,Yukon,E4M 2G2,Canada,499789451,James@question.com
Alexander,Thomas,168,Cabot Back Lane,Saanich,Prince Edward Island,J0N 0Z3,Canada,131971613,Alexander@Mr.com
"",Davis,119,Bently Drive,Guelph,Nunavut,E5V 3X5,Canada,1035209706,null@money.com
James,Thomas,48,Bedford Highway,Hamilton,British Columbia,N8H 2H6,Canada,782538756,James@part.com
James,Johnson,51,Brewer Court,Caledon,New Brunswick,"V1K 1V0 ",Canada,138375239,James@place.com
Mason,Davis,41,Bronson Avenue,Burnaby,Nunavut,J0J 3V6,Canada,830386103,Mason@right.com
"",Jackson,196,Alma Crescent,Brampton,Prince Edward Island,H0H 3C9,Canada,1116110887,null@day.com
Liam,Jones,290,Brighton Avenue,Laval,Alberta,N4N 0B9,Canada,1293195945,Liam@question.com
James,Moore,411,Artz Street,Oshawa,Prince Edward Island,B3V 2V1,Canada,414367208,James@country.com
"",Thomas,428,Ballantrae Lane,Saint-Hyacinthe,Yukon,"B0T 0Y5 ",Canada,1318853869,null@work.com
Liam,Anderson,99,Carriageway Crescent,Niagara Falls,Newfoundland and Labrador,E5V 3X5,Canada,1082899329,Liam@problem.com
Liam,Miller,456,Armcrescent East Drive,Drummondville,Prince Edward Island,J1S 0R4,Canada,1064568693,Liam@place.com
Liam,Johnson,50,Balwearie Lane,Sault Ste. Marie,Yukon,"B0T 0Y5 ",Canada,317820641,Liam@time.com
Alexander,Taylor,187,Bliss Street,LÃ©vis,Northwest Territories,N5C 2J8,Canada,113348129,Alexander@water.com
Jacob,Moore,26,Artillery Place,Newmarket,Nova Scotia,"B0T 0Y5 ",Canada,715060884,Jacob@business.com
Ethan,Williams,144,Barkton Lane,North Vancouver,Saskatchewan,E4M 2G2,Canada,345920781,Ethan@part.com
Mason,,6,Carnation Crescent,Waterloo,Saskatchewan,J0J 3V6,Canada,1056001870,Mason@number.com
Liam,Thomas,492,Bald Eagle Place,Cape Breton,Newfoundland and Labrador,N5C 2J8,Canada,469259521,Liam@home.com
James,Thomas,256,Alm-a Ramp,Prince George,Newfoundland and Labrador,L9R 0A0,Canada,1403361799,James@water.com
"",Wilson,223,Armview Terrace,North Vancouver,Newfoundland and Labrador,G3H 0B4,Canada,580736491,null@book.com
Mason,Anderson,35,Belmont On The Arm,Longueuil,British Columbia,H9S 1R4,Canada,896281496,Mason@hand.com
Ethan,Brown,262,Bedford Row,Brantford,Yukon,L3V 1Y8,Canada,1387407425,Ethan@state.com
"",Jones,146,Boscobel Road,Peterborough,Prince Edward Island,J9T 3H4,Canada,645452129,null@water.com
Mason,Jones,92,Carlton Street,Richmond Hill,Alberta,"V1K 1V0 ",Canada,622247165,Mason@number.com
William,Johnson,10,Carlton Street,Langley,Northwest Territories,H0H 3C9,Canada,649638218,William@job.com
Mason,Thomas,241,Clearview Street,Ajax,Nunavut,G0H 2P3,Canada,244834942,Mason@place.com
Ethan,Johnson,486,Armdale Rotary,Norfolk County,Newfoundland and Labrador,V8C 0S2,Canada,1236465862,Ethan@thing.com
