First Name,Last Name,Street Number,Street,City,Province,Postal Code,Country,Phone Number,email Address
Alexander,Anderson,125,Argyle Street,Saint-Jean-sur-Richelieu,Newfoundland and Labrador,H9S 1R4,Canada,407984401,Alexander@people.com
Mason,,262,Brackley Place,Oshawa,Prince Edward Island,H3J 3P2,Canada,1206281214,Mason@money.com
"",Taylor,453,Birches Drive,Oshawa,Saskatchewan,N4N 0B9,Canada,370810873,null@group.com
James,Williams,86,Birchwood Drive,Oshawa,Prince Edward Island,J9T 3H4,Canada,328078985,James@problem.com
James,Brown,210,Carnation Crescent,Wood Buffalo,Northwest Territories,J9P 1C6,Canada,1129964058,James@story.com
Mason,Anderson,330,Bilton Lane,Markham,New Brunswick,L9R 0A0,Canada,786090627,Mason@thing.com
Alexander,Thomas,359,Almon Street,Richmond Hill,Nova Scotia,E4M 2G2,Canada,419164433,Alexander@room.com
Mason,Williams,405,Armcrescent West Avenue,Winnipeg,Prince Edward Island,L4A 0T0,Canada,512253014,Mason@room.com
Jacob,Davis,468,Church Street,,Manitoba,G6X 2L1,Canada,403459758,Jacob@number.com
Liam,Jones,175,Chelsea Lane,Cambridge,Alberta,B3V 2V1,Canada,734816208,Liam@woman.com
"",,100,Ahern Avenue,Surrey,Northwest Territories,L0N 3J2,Canada,553539842,null@place.com
William,Anderson,5,Berlin Street,New Westminster,Nunavut,J0J 3V6,Canada,110075995,William@work.com
Ethan,Jones,305,Burns Drive,Port Coquitlam,Nunavut,L3V 1Y8,Canada,245936543,Ethan@study.com
Alexander,Thomas,161,Charles Street,Caledon,Newfoundland and Labrador,B3V 2V1,Canada,379227034,Alexander@fact.com
Ethan,Wilson,60,Almon Street,Norfolk County,Northwest Territories,J1S 0R4,Canada,241116537,Ethan@study.com
Ethan,Johnson,499,Cedarbank Terrace,Saint John,Northwest Territories,V8B 1P6,Canada,107936778,Ethan@month.com
James,Moore,6,Beech Street,Edmonton,British Columbia,J0N 0Z3,Canada,810616068,James@night.com
