First Name,Last Name,Street Number,Street,City,Province,Postal Code,Country,Phone Number,email Address
Jacob,Davis,241,Albion Road,London,Northwest Territories,H9S 1R4,Canada,584055953,Jacob@country.com
Jacob,Moore,38,Apollo Court,Drummondville,Northwest Territories,J0N 0Z3,Canada,1300111720,Jacob@case.com
Jacob,Miller,375,Centre Gate,Grande Prairie,Alberta,J9T 3H4,Canada,1183382567,Jacob@room.com
William,Johnson,489,Armshore Drive,Belleville,Saskatchewan,L3V 1Y8,Canada,906417526,William@place.com
James,Moore,181,Alderwood Drive,Delta,,G3H 0B4,Canada,1206864249,James@case.com
Ethan,Jones,130,Chocolate Lake Road,Milton,Prince Edward Island,H9S 1R4,Canada,631799947,Ethan@study.com
Alexander,Miller,66,Albion Road,Kamloops,Nunavut,H9S 1R4,Canada,564531530,Alexander@woman.com
Ethan,Miller,85,Basinview Drive,Langley,Northwest Territories,T1L 2H8,Canada,695636893,Ethan@water.com
Liam,Wilson,149,Artz Street,Brossard,Newfoundland and Labrador,B2E 0X4,Canada,1114758207,Liam@night.com
William,Miller,367,Atlantic Street,Halton Hills,Nunavut,J9T 3H4,Canada,276866260,William@week.com
Ethan,Williams,20,Aikens Avenue,Pickering,Northwest Territories,V8C 0S2,Canada,999518013,Ethan@room.com
"",Brown,345,Central Avenue,Belleville,New Brunswick,"V1K 1V0 ",Canada,844170529,null@money.com
James,Wilson,142,Bridgeview Drive,Clarington,Northwest Territories,"B0T 0Y5 ",Canada,690088735,James@water.com
Alexander,Thomas,289,Artz Street,Cape Breton,Quebec,J0J 3V6,Canada,633255614,Alexander@group.com
Alexander,Williams,15,Amirault Court,Drummondville,Nunavut,K1B 3B2,Canada,403115341,Alexander@right.com
