First Name,Last Name,Street Number,Street,City,Province,Postal Code,Country,Phone Number,email Address
William,Anderson,210,Bedros Lane,Clarington,Quebec,J9P 1C6,Canada,563082808,William@woman.com
"",Davis,480,Albert Place,Greater Sudbury,Northwest Territories,H3J 3P2,Canada,1217846898,null@water.com
William,Johnson,11,Altavista Lane,North Bay,Quebec,J9T 3H4,Canada,545720287,William@lot.com
Jacob,Taylor,42,Burns Drive,Ottawa,Manitoba,L0N 3J2,Canada,636927092,Jacob@water.com
William,Williams,423,Bedford Highway,Oshawa,Northwest Territories,B2E 0X4,Canada,459205680,William@people.com
James,Brown,222,Burns Drive,Burnaby,Northwest Territories,G6X 2L1,Canada,1297485676,James@eye.com
William,Brown,433,Abbott Drive,North Vancouver,Nova Scotia,L3V 1Y8,Canada,823346285,William@lot.com
Liam,Williams,247,Alumni Crescent,Prince George,Prince Edward Island,N8A 0B3,Canada,217689546,Liam@student.com
"",Miller,465,Bell Road,Mississauga,Nunavut,L4A 0T0,Canada,1293985002,null@number.com
Liam,Wilson,441,Chadwick Place,Halton Hills,Newfoundland and Labrador,N5C 2J8,Canada,1027535821,Liam@lot.com
Ethan,Williams,481,Brycedale Lane,New Westminster,Nunavut,J0J 3V6,Canada,415152919,Ethan@part.com
"",Anderson,101,Blink Bonnie Terrace,Victoria,Saskatchewan,J0N 0Z3,Canada,275649598,null@school.com
"",,458,Brigadier Court,Granby,Newfoundland and Labrador,E4M 2G2,Canada,544290734,null@mother.com
Alexander,Moore,93,Chain Rock Drive,Terrebonne,Prince Edward Island,L9R 0A0,Canada,1165849739,Alexander@program.com
James,Johnson,63,Admirals Way,Brossard,Yukon,T1L 2H8,Canada,389993662,James@state.com
James,Brown,127,Chain Rock Drive,Greater Sudbury,Nova Scotia,K1B 3B2,Canada,868140369,James@point.com
William,Brown,214,Beechwood Terrace,Prince George,Nunavut,"B0T 0Y5 ",Canada,1139868653,William@country.com
William,Wilson,492,Birchwood Drive,Kingston,Nunavut,J0J 3V6,Canada,1364352190,William@night.com
Mason,Wilson,358,Alm-a Ramp,Welland,Northwest Territories,H9S 1R4,Canada,581139982,Mason@country.com
William,Jackson,40,Bland Street,Richmond Hill,British Columbia,"V1K 1V0 ",Canada,526302776,William@work.com
Jacob,Anderson,481,Armdale Rotary,Cape Breton,British Columbia,B2E 0X4,Canada,1371019885,Jacob@year.com
William,Moore,419,Alm-b Ramp,Port Coquitlam,Northwest Territories,E5V 3X5,Canada,959588823,William@world.com
Liam,Jackson,273,Aldergrove Drive,Brampton,Northwest Territories,T1L 2H8,Canada,778166508,Liam@story.com
Mason,Moore,398,Armshore Drive,Red Deer,Northwest Territories,"L4A 0T3 ",Canada,175420354,Mason@question.com
Ethan,Williams,386,Bakers Drive,Brampton,Nunavut,L3V 1Y8,Canada,136289087,Ethan@question.com
Ethan,Williams,255,Bedford Row,Sault Ste. Marie,Alberta,J9P 1C6,Canada,1337967615,Ethan@hand.com
Jacob,Miller,211,Albert Walker Drive,Niagara Falls,Alberta,H9S 1R4,Canada,200750583,Jacob@world.com
James,Thomas,175,Bedford Row,Oshawa,Northwest Territories,J9P 1C6,Canada,574919236,James@part.com
James,Wilson,340,Carroll Lane,Barrie,British Columbia,V8C 0S2,Canada,393739745,James@state.com
James,Wilson,374,Broadholme Lane,Peterborough,Northwest Territories,J1S 0R4,Canada,473694313,James@room.com
