First Name,Last Name,Street Number,Street,City,Province,Postal Code,Country,Phone Number,email Address
Mason,Jackson,301,Ash Lake Court,Vaughan,Nunavut,H9S 1R4,Canada,1342366945,Mason@job.com
James,Wilson,302,Arvida Avenue,Saint John,,L0N 3J2,Canada,983372741,James@life.com
James,Jackson,210,Ashburn Avenue,Belleville,Newfoundland and Labrador,J1S 0R4,Canada,1303955708,James@night.com
Mason,Wilson,166,Chelsea Lane,Halifax,Manitoba,H3J 3P2,Canada,149836704,Mason@room.com
Ethan,Jackson,79,Bakers Drive,Peterborough,Nunavut,J0N 0Z3,Canada,356681252,Ethan@student.com
Ethan,Davis,68,Barrington Street,Cape Breton,Quebec,"B0T 0Y5 ",Canada,1122795818,Ethan@school.com
Mason,Thomas,500,Brighton Avenue,Calgary,Prince Edward Island,T1L 2H8,Canada,1268444171,Mason@student.com
Mason,Thomas,264,Bellevue Avenue,Sault Ste. Marie,New Brunswick,K1B 3B2,Canada,803682579,Mason@study.com
Alexander,Johnson,276,Armdale Rotary,Hamilton,Alberta,L3V 1Y8,Canada,504574259,Alexander@child.com
"",Thomas,63,Chester Avenue,Fredericton,Quebec,J9P 1C6,Canada,404419385,null@home.com
"",Williams,26,Bryden Avenue,Guelph,Nunavut,H0H 3C9,Canada,1117370808,null@student.com
Mason,Thomas,62,Birch Street,Drummondville,Prince Edward Island,V8C 0S2,Canada,943820017,Mason@program.com
Mason,Brown,69,Bright Place,North Bay,Prince Edward Island,T1L 2H8,Canada,1112246596,Mason@system.com
Ethan,Thomas,494,Church Street,LÃ©vis,Newfoundland and Labrador,"L4A 0T3 ",Canada,1054117224,Ethan@family.com
Ethan,Moore,143,Blue Jay Street,Oakville,Northwest Territories,G0H 2P3,Canada,190375690,Ethan@hand.com
Alexander,Thomas,22,Blue Jay Street,Saskatoon,Nova Scotia,V8B 1P6,Canada,218795812,Alexander@question.com
James,Anderson,34,Bridget Avenue,Whitby,Newfoundland and Labrador,L9R 0A0,Canada,878390115,James@company.com
James,Moore,351,Buddy Daye Street,Airdrie,New Brunswick,L3V 1Y8,Canada,1369309125,James@lot.com
Jacob,Taylor,23,Chelmsford Place,Belleville,Prince Edward Island,G3H 0B4,Canada,755591913,Jacob@part.com
"",Miller,146,Aldergrove Drive,Terrebonne,Nunavut,V8B 1P6,Canada,545680323,null@group.com
"",,475,Bliss Street,Brantford,Yukon,G3H 0B4,Canada,1159231028,null@water.com
William,Jackson,269,Albert Place,Port Coquitlam,Nunavut,T1L 2H8,Canada,1280343169,William@state.com
James,Williams,311,Castle Hill Drive,Prince George,Newfoundland and Labrador,E5V 3X5,Canada,383558381,James@question.com
"",Thomas,470,Beaufort Avenue,Quebec City,British Columbia,G6X 2L1,Canada,525423604,null@program.com
Mason,Wilson,158,Cherry Lane,Port Coquitlam,Prince Edward Island,L9R 0A0,Canada,1030224494,Mason@day.com
Jacob,Anderson,303,Blue Thistle Road,Brampton,Prince Edward Island,G6X 2L1,Canada,248137996,Jacob@day.com
Alexander,Jackson,209,Athlone Avenue,Montreal,Northwest Territories,,Canada,1090044001,Alexander@hand.com
"",Davis,236,Cloverdale Road,North Vancouver,Saskatchewan,J0J 3V6,Canada,793466333,null@time.com
Jacob,Anderson,148,Bilby Street,Richmond Hill,Newfoundland and Labrador,V8C 0S2,Canada,985426967,Jacob@group.com
Jacob,Miller,372,Artillery Place,Victoria,New Brunswick,E7E 3T7,Canada,1346164528,Jacob@people.com
Jacob,Thomas,400,Clovis Avenue,Brampton,Saskatchewan,E5V 3X5,Canada,1103549716,Jacob@right.com
"",Thomas,447,Acorn Road,Sherbrooke,Prince Edward Island,J0N 0Z3,Canada,533947309,null@hand.com
William,,484,Alderwood Drive,Medicine Hat,Northwest Territories,,Canada,245478206,William@system.com
Alexander,Thomas,416,Belmont Road,Nanaimo,Nova Scotia,V8B 1P6,Canada,931214998,Alexander@year.com
Ethan,Wilson,248,Chelmsford Place,Saint-Hyacinthe,British Columbia,V8C 0S2,Canada,1110426725,Ethan@program.com
Alexander,Moore,457,Admirals Way,Oshawa,Nunavut,V8B 1P6,Canada,889781153,Alexander@Mr.com
