First Name,Last Name,Street Number,Street,City,Province,Postal Code,Country,Phone Number,email Address
Mason,Anderson,287,Birchview Drive,Saguenay,Yukon,G0H 2P3,Canada,1118907594,Mason@student.com
Jacob,Jackson,267,Bridges Street,Langley,Newfoundland and Labrador,G0H 2P3,Canada,465773125,Jacob@program.com
Ethan,Thomas,229,Bedford Windsor Ramp,Kitchener,Nunavut,N8H 2H6,Canada,815122292,Ethan@point.com
William,Thomas,359,Bilby Street,Clarington,Prince Edward Island,L3V 1Y8,Canada,293350880,William@life.com
Jacob,Thomas,70,Bright Place,Kingston,British Columbia,E7E 3T7,Canada,1291107411,Jacob@world.com
Ethan,Taylor,328,Carriageway Crescent,Sarnia,Prince Edward Island,B3V 2V1,Canada,841780774,Ethan@right.com
"",Taylor,325,Anchor Drive,Cape Breton,Newfoundland and Labrador,H9S 1R4,Canada,569161549,null@system.com
James,Moore,271,Bell Road,Richmond Hill,Alberta,L9R 0A0,Canada,1069877972,James@program.com
Jacob,Miller,106,Admirals Way,Halifax,Nova Scotia,H3J 3P2,Canada,994933243,Jacob@water.com
