First Name,Last Name,Street Number,Street,City,Province,Postal Code,Country,Phone Number,email Address
Jacob,Thomas,204,Cavendish Road,Quebec City,Prince Edward Island,N8A 0B3,Canada,1322475909,Jacob@lot.com
Mason,Williams,164,Cairnwell Close,Maple Ridge,,G0H 2P3,Canada,273277301,Mason@null
William,Thomas,206,Armview Avenue,Red Deer,Quebec,G3H 0B4,Canada,1320946315,William@eye.com
"",Brown,422,Carlton Street,North Vancouver,Newfoundland and Labrador,L9R 0A0,Canada,499313785,null@case.com
"",Taylor,334,Birkdale Crescent,Greater Sudbury,Saskatchewan,J0N 0Z3,Canada,995857562,null@group.com
Liam,Wilson,279,Brewer Court,Saint-JÃ©rÃ´me,British Columbia,H0H 3C9,Canada,1250958893,Liam@fact.com
William,Taylor,442,Alm-b Ramp,Abbotsford,New Brunswick,E4M 2G2,Canada,462092056,William@life.com
Ethan,Williams,470,Cedar Street,Greater Sudbury,Quebec,"L4A 0T3 ",Canada,1237964851,Ethan@part.com
William,Moore,8,Archibald Avenue,Fredericton,Alberta,E5V 3X5,Canada,1072176736,William@lot.com
"",Wilson,438,Bloomingdale Terrace,Port Coquitlam,Quebec,N8A 0B3,Canada,1331123585,null@place.com
Mason,Johnson,388,Ash Lake Court,Mississauga,British Columbia,L4A 0T0,Canada,832324871,Mason@money.com
Jacob,Taylor,404,Alm-a Ramp,Cambridge,Nova Scotia,B3V 2V1,Canada,103058555,Jacob@right.com
James,Davis,36,Aster Court,Barrie,Alberta,"B0T 0Y5 ",Canada,590988708,James@year.com
Ethan,Wilson,94,Catamaran Road,Caledon,Manitoba,H9S 1R4,Canada,1157926113,Ethan@hand.com
William,Davis,193,Bloomingdale Terrace,Niagara Falls,Yukon,L9R 0A0,Canada,131971784,William@day.com
James,Williams,31,Aikenhead Road,Pickering,,B2E 0X4,Canada,382013372,James@program.com
William,Taylor,147,Ardwell Avenue,Whitby,Manitoba,E4S 3C4,Canada,710144725,William@government.com
James,Jones,273,Brigadier Court,Sault Ste. Marie,Alberta,L4A 0T0,Canada,1106262615,James@part.com
James,Johnson,104,Brenton Street,Halton Hills,Alberta,,Canada,977075583,James@system.com
