First Name,Last Name,Street Number,Street,City,Province,Postal Code,Country,Phone Number,email Address
"",Thomas,230,Clovis Avenue,North Bay,Quebec,G0H 2P3,Canada,1347072925,null@thing.com
William,Thomas,265,Balmoral Road,Saint John,Manitoba,J0N 0Z3,Canada,357268879,William@case.com
Alexander,Brown,250,Claremont Street,Longueuil,Saskatchewan,H0H 3C9,Canada,797818351,Alexander@system.com
Jacob,Jackson,363,"Alm-../../view.php?place=Alm-# Ramp, Halifax, ns, CANADA Ramp",St. Catharines,Alberta,H3J 3P2,Canada,1133968127,Jacob@child.com
Alexander,Williams,194,Cabot Place,Port Coquitlam,Nova Scotia,N8A 0B3,Canada,1293221987,Alexander@woman.com
James,,26,Annandale Street,Red Deer,Prince Edward Island,E7E 3T7,Canada,1295636039,James@day.com
Jacob,Jones,408,Adams Avenue,Cambridge,Manitoba,,Canada,577724318,Jacob@number.com
Ethan,,462,Andrew Street,Port Coquitlam,Northwest Territories,N8H 2H6,Canada,377522202,Ethan@null
"",Miller,20,Albert Place,Oakville,Alberta,E4M 2G2,Canada,769401771,null@book.com
Jacob,Taylor,79,Arthur Street,Fredericton,Alberta,N8H 2H6,Canada,1045163360,Jacob@study.com
"",,212,Birches Drive,Waterloo,Nova Scotia,H9S 1R4,Canada,1208142113,null@book.com
Liam,Jackson,365,Brodick Lane,Clarington,Northwest Territories,T1L 2H8,Canada,370657532,Liam@week.com
"",Johnson,420,Attenborough Court,Waterloo,British Columbia,K1B 3B2,Canada,593356766,null@child.com
Alexander,Williams,379,Balmoral Road,Richmond Hill,New Brunswick,L9R 0A0,Canada,521583083,Alexander@life.com
Mason,Thomas,360,Amberwood Court,Hamilton,Newfoundland and Labrador,G3E 2K4,Canada,1091827247,Mason@water.com
Ethan,Anderson,386,Blue Willow Court,North Vancouver,Saskatchewan,N8A 0B3,Canada,615661035,Ethan@child.com
