First Name,Last Name,Street Number,Street,City,Province,Postal Code,Country,Phone Number,email Address
Ethan,Williams,243,Avon Crescent,Cape Breton,Prince Edward Island,,Canada,352022086,Ethan@right.com
Ethan,Thomas,223,Arlington Avenue,Regina,Nunavut,L3V 1Y8,Canada,1066355305,Ethan@case.com
James,,380,Bakers Drive,Greater Sudbury,Newfoundland and Labrador,E7E 3T7,Canada,608704135,James@question.com
Ethan,Miller,373,Arlington Avenue,Peterborough,Nunavut,E5V 3X5,Canada,1348984198,Ethan@year.com
"",Jackson,315,Abrams Way,Repentigny,Yukon,H0H 3C9,Canada,1089837838,null@state.com
"",Moore,416,Buffers Lane,Saint-JÃ©rÃ´me,Alberta,G6X 2L1,Canada,1145653772,null@system.com
James,Williams,107,Chain Rock Drive,Waterloo,Newfoundland and Labrador,,Canada,906463765,James@people.com
Liam,Johnson,244,Charles Street,Saint-Hyacinthe,Northwest Territories,T1L 2H8,Canada,306816856,Liam@people.com
Ethan,Williams,100,Bond Street,Saanich,Prince Edward Island,N5C 2J8,Canada,1376688995,Ethan@job.com
"",Johnson,96,Balmoral Road,Prince George,New Brunswick,"L4A 0T3 ",Canada,474826422,null@night.com
James,Brown,116,Atlantic Street,Cambridge,Nova Scotia,N4N 0B9,Canada,778787608,James@company.com
Liam,Williams,472,Circle Drive,Prince George,Prince Edward Island,"B0T 0Y5 ",Canada,357803299,Liam@number.com
Alexander,Johnson,342,Bosun Run,Kelowna,Nunavut,L3V 1Y8,Canada,975783815,Alexander@system.com
Ethan,Jackson,73,Bethany Way,Saanich,Nova Scotia,J0N 0Z3,Canada,795180050,Ethan@job.com
William,Jackson,491,Bedros Lane,St. Catharines,Alberta,V8B 1P6,Canada,326882473,William@water.com
Jacob,Johnson,448,Carnation Crescent,Chilliwack,New Brunswick,J9P 1C6,Canada,989934320,Jacob@thing.com
James,Taylor,480,Belmont On The Arm,St. Catharines,Prince Edward Island,L4A 0T0,Canada,110238545,James@number.com
Liam,Williams,89,Chipstone Close,Windsor,New Brunswick,J9P 1C6,Canada,527002979,Liam@Mr.com
Mason,,227,Blink Bonnie Terrace,Whitby,Prince Edward Island,J0N 0Z3,Canada,1227158895,Mason@year.com
Jacob,Davis,450,Bently Drive,Halton Hills,Nunavut,B3V 2V1,Canada,267552344,Jacob@place.com
Mason,Moore,166,Church Street,Saguenay,Nunavut,J0J 3V6,Canada,660777198,Mason@Mr.com
Jacob,Anderson,236,Aster Court,Quebec City,Alberta,J0N 0Z3,Canada,1133761587,Jacob@month.com
"",Williams,323,Briar Lane,Burlington,Prince Edward Island,J9T 3H4,Canada,387849601,null@word.com
Jacob,Jackson,331,Basinview Drive,Red Deer,Alberta,"L4A 0T3 ",Canada,1389720353,Jacob@people.com
Ethan,Wilson,438,Aukland Place,Regina,Northwest Territories,"B0T 0Y5 ",Canada,788545043,Ethan@world.com
Alexander,,408,Africville Road,Maple Ridge,Alberta,N4N 0B9,Canada,1137276889,Alexander@home.com
Alexander,Thomas,337,Armview Avenue,Lethbridge,Alberta,"B0T 0Y5 ",Canada,1279948032,Alexander@family.com
