First Name,Last Name,Street Number,Street,City,Province,Postal Code,Country,Phone Number,email Address
Liam,Jackson,179,Athlone Avenue,Guelph,Alberta,L0N 3J2,Canada,1207950770,Liam@book.com
Liam,Moore,178,Alex Street,Saint-JÃ©rÃ´me,Manitoba,H0H 3C9,Canada,936355188,Liam@time.com
"",Wilson,475,Chessvale Close,Quebec City,Prince Edward Island,V8B 1P6,Canada,1066093694,null@point.com
Liam,Williams,186,Aikenhead Road,Aurora,Nunavut,G3E 2K4,Canada,897960560,Liam@fact.com
James,Brown,274,Belle Aire Terrace,North Vancouver,Prince Edward Island,J0J 3V6,Canada,911276734,James@hand.com
Jacob,Jackson,164,Birchfield Crescent,Milton,Newfoundland and Labrador,L0N 3J2,Canada,1217665741,Jacob@way.com
James,Taylor,348,Chocolate Lake Road,Winnipeg,Alberta,G6X 2L1,Canada,318692870,James@part.com
Liam,,425,Aster Court,Thunder Bay,Prince Edward Island,N8A 0B3,Canada,808843089,Liam@system.com
"",Miller,186,Bosun Run,Oshawa,Northwest Territories,"B0T 0Y5 ",Canada,1222390786,null@part.com
Liam,Williams,339,Atlantic Street,Terrebonne,Alberta,,Canada,697782348,Liam@group.com
William,,346,Chadwick Place,Niagara Falls,Prince Edward Island,G6X 2L1,Canada,665945612,William@business.com
Ethan,Jones,306,Beaufort Avenue,Grande Prairie,Nova Scotia,G0H 2P3,Canada,947657618,Ethan@child.com
"",Williams,432,Beech Street,Guelph,Yukon,L0N 3J2,Canada,1267740973,null@world.com
William,Jones,73,Ashdale Avenue,North Vancouver,Manitoba,"V1K 1V0 ",Canada,449590864,William@eye.com
"",Miller,123,Burns Drive,Richmond,Quebec,T1L 2H8,Canada,131402784,null@program.com
Liam,Jackson,314,Alex Street,Medicine Hat,Northwest Territories,,Canada,940695609,Liam@child.com
