First Name,Last Name,Street Number,Street,City,Province,Postal Code,Country,Phone Number,email Address
Ethan,Miller,260,Cabot Street,Airdrie,Manitoba,E4S 3C4,Canada,307234507,Ethan@question.com
William,Davis,320,Birches Drive,Newmarket,Prince Edward Island,L4A 0T0,Canada,1150474166,William@study.com
Mason,Jones,456,Camelot Lane,Blainville,New Brunswick,E4S 3C4,Canada,1112180199,Mason@null
Liam,Anderson,367,Belle Aire Terrace,Caledon,Northwest Territories,G3H 0B4,Canada,1225841504,Liam@case.com
Mason,Jones,468,Carmichael Street,Vancouver,Northwest Territories,B2E 0X4,Canada,1045959469,Mason@night.com
Mason,Anderson,47,Birkdale Crescent,Kelowna,Northwest Territories,L3V 1Y8,Canada,1336462364,Mason@lot.com
Alexander,,223,Central Avenue,Abbotsford,New Brunswick,G3H 0B4,Canada,971807621,Alexander@case.com
Mason,Williams,309,Chain Rock Drive,Sherbrooke,Nunavut,"L4A 0T3 ",Canada,407185278,Mason@country.com
"",Taylor,141,Bilton Lane,Granby,Alberta,J0N 0Z3,Canada,306942850,null@work.com
Alexander,,253,Castlepark Grove,Victoria,Newfoundland and Labrador,N4N 0B9,Canada,1279407297,Alexander@world.com
James,Brown,143,Armview Terrace,Airdrie,Prince Edward Island,E5V 3X5,Canada,134187884,James@group.com
"",Williams,60,Braemount Drive,Saint John,Saskatchewan,J9T 3H4,Canada,889447058,null@company.com
"",Williams,33,Benalder Lane,Grande Prairie,New Brunswick,J1S 0R4,Canada,476297648,null@child.com
Ethan,Johnson,150,Braemount Drive,Barrie,Nunavut,J1S 0R4,Canada,656562074,Ethan@question.com
"",Taylor,182,Alumni Crescent,Sarnia,Nunavut,"V1K 1V0 ",Canada,138306505,null@week.com
James,Johnson,271,Arlington Avenue,St. John's,Quebec,N8H 2H6,Canada,376500153,James@world.com
Liam,Johnson,464,Chebucto Lane,Red Deer,Alberta,G0H 2P3,Canada,368358550,Liam@night.com
"",Taylor,279,Admirals Way,Fredericton,Yukon,J9P 1C6,Canada,287494407,null@woman.com
William,Jackson,74,Ahern Avenue,Sherbrooke,Manitoba,L9R 0A0,Canada,955529437,William@state.com
Ethan,Thomas,277,Beechwood Terrace,Oshawa,Nunavut,L3V 1Y8,Canada,456939426,Ethan@job.com
"",Thomas,9,Black Street,St. Catharines,Prince Edward Island,G3H 0B4,Canada,1392689172,null@book.com
James,Williams,424,Circle Drive,Mirabel,Manitoba,"L4A 0T3 ",Canada,1198809128,James@place.com
William,Johnson,298,Atlantic Street,Richmond,Alberta,V8C 0S2,Canada,1054503801,William@government.com
"",Moore,417,Bluestone Road,New Westminster,Alberta,N8A 0B3,Canada,540063750,null@world.com
Liam,Johnson,469,Cabot Back Lane,St. John's,Prince Edward Island,E5V 3X5,Canada,160021095,Liam@program.com
Liam,Jackson,248,Barkton Lane,Red Deer,Manitoba,J0N 0Z3,Canada,1324159797,Liam@word.com
Liam,Moore,119,Bilby Street,Calgary,Saskatchewan,G0H 2P3,Canada,1247011212,Liam@business.com
Alexander,Davis,232,Chessvale Close,St. Catharines,Northwest Territories,N8A 0B3,Canada,256491894,Alexander@part.com
Liam,Thomas,220,Abrams Way,Norfolk County,Prince Edward Island,G3H 0B4,Canada,1301665689,Liam@time.com
Jacob,Miller,152,Albert Place,Regina,British Columbia,L9R 0A0,Canada,215532519,Jacob@group.com
Alexander,Brown,207,Chain Lake Drive,Chatham-Kent,Nunavut,L9R 0A0,Canada,450967693,Alexander@water.com
