First Name,Last Name,Street Number,Street,City,Province,Postal Code,Country,Phone Number,email Address
"",Thomas,36,Beaufort Avenue,Moncton,Prince Edward Island,G3E 2K4,Canada,665655989,null@Mr.com
"",Williams,303,Birchview Drive,Thunder Bay,British Columbia,H3J 3P2,Canada,1163171296,null@day.com
Alexander,Moore,498,Bridget Avenue,Cape Breton,,G3H 0B4,Canada,1381118631,Alexander@thing.com
William,Miller,125,Cloverdale Road,Nanaimo,Yukon,L9R 0A0,Canada,171232680,William@way.com
Ethan,,408,Canterbury Close,London,Quebec,V8C 0S2,Canada,827747020,Ethan@business.com
Jacob,Moore,389,Armcrescent West Avenue,Port Coquitlam,New Brunswick,"B0T 0Y5 ",Canada,1186761228,Jacob@business.com
Mason,Anderson,403,Birch Street,Whitby,British Columbia,J0N 0Z3,Canada,144762521,Mason@way.com
James,Brown,96,Boulderwood Road,Halton Hills,Alberta,N8A 0B3,Canada,692072936,James@null
