First Name,Last Name,Street Number,Street,City,Province,Postal Code,Country,Phone Number,email Address
"",Anderson,89,Carriageway Crescent,Medicine Hat,New Brunswick,B3V 2V1,Canada,1115352480,null@lot.com
Alexander,Johnson,239,Bosun Run,St. Catharines,Northwest Territories,L9R 0A0,Canada,334418292,Alexander@child.com
James,Davis,173,Brycedale Lane,Strathcona County,Prince Edward Island,E4M 2G2,Canada,868329312,James@way.com
Ethan,Davis,488,Benalder Lane,Mississauga,Nunavut,H3J 3P2,Canada,1173531058,Ethan@problem.com
Liam,Johnson,257,Barracks Drive,Brossard,Newfoundland and Labrador,H0H 3C9,Canada,1408487240,Liam@family.com
Liam,Johnson,291,Caxton Close,Saskatoon,Prince Edward Island,L3V 1Y8,Canada,1392160920,Liam@thing.com
Jacob,Moore,273,Birch Street,Lethbridge,Alberta,"V1K 1V0 ",Canada,1044341158,Jacob@right.com
James,Davis,101,Battery 18th Road,Sarnia,New Brunswick,"V1K 1V0 ",Canada,1224586315,James@child.com
Alexander,Thomas,343,Catamaran Road,Kamloops,Northwest Territories,G0H 2P3,Canada,1150642348,Alexander@case.com
William,Moore,17,Armada Drive,Caledon,Northwest Territories,H3J 3P2,Canada,817043797,William@company.com
Jacob,Thomas,302,Albert Street,Saint John,Nunavut,E4S 3C4,Canada,976166064,Jacob@time.com
"",Williams,104,Boscobel Road,Moncton,Prince Edward Island,N5C 2J8,Canada,243075736,null@state.com
William,Jones,162,Brigadier Court,Ottawa,Quebec,L9R 0A0,Canada,413138318,William@Mr.com
Jacob,Jones,489,Armoury Place,St. Catharines,New Brunswick,V8C 0S2,Canada,836944655,Jacob@system.com
James,Wilson,477,Arlington Avenue,Thunder Bay,Newfoundland and Labrador,H9S 1R4,Canada,367781524,James@government.com
Alexander,Johnson,147,Bedford Highway,Cape Breton,Manitoba,G0H 2P3,Canada,820446673,Alexander@question.com
Mason,Taylor,223,Bedford Highway,Kingston,Nova Scotia,,Canada,322685768,Mason@life.com
Mason,Thomas,164,Belmont Road,Granby,British Columbia,E4M 2G2,Canada,267903594,Mason@man.com
Ethan,Miller,144,Almon Street,St. John's,Northwest Territories,N5C 2J8,Canada,365839550,Ethan@right.com
"",Davis,258,Beaufort Avenue,LÃ©vis,Saskatchewan,B2E 0X4,Canada,1402895336,null@work.com
Mason,Brown,28,Caitland Court,Trois-RiviÃ¨res,Nova Scotia,J0N 0Z3,Canada,1372210584,Mason@family.com
Liam,Davis,55,Bliss Street,Chilliwack,Prince Edward Island,J0J 3V6,Canada,1250410039,Liam@right.com
Jacob,Williams,364,Braeburn Road,Halifax,British Columbia,N8H 2H6,Canada,365794953,Jacob@group.com
Mason,Thomas,259,Clayton Park Drive,Blainville,Nunavut,L4A 0T0,Canada,425630460,Mason@hand.com
Jacob,Jones,355,Armcrescent West Avenue,Medicine Hat,Manitoba,G0H 2P3,Canada,683933058,Jacob@people.com
Ethan,Davis,157,Carmichael Street,Cape Breton,Alberta,T1L 2H8,Canada,436678339,Ethan@life.com
Jacob,Taylor,219,Botany Terrace,Maple Ridge,Alberta,E4M 2G2,Canada,631526508,Jacob@program.com
"",,59,Armcrescent East Drive,Halton Hills,Nunavut,G3H 0B4,Canada,714531163,null@night.com
William,Anderson,372,Armstrong Court,Saint John,Prince Edward Island,N5C 2J8,Canada,1218975798,William@study.com
Jacob,Jackson,491,Atlantic Street,Delta,British Columbia,G3H 0B4,Canada,583437036,Jacob@day.com
