First Name,Last Name,Street Number,Street,City,Province,Postal Code,Country,Phone Number,email Address
William,Jones,409,Armcrescent West Avenue,Mirabel,Prince Edward Island,"L4A 0T3 ",Canada,770634824,William@word.com
William,,25,Chester Avenue,Sherbrooke,,"V1K 1V0 ",Canada,116936734,William@room.com
Alexander,Taylor,410,Artz Street,Fredericton,Newfoundland and Labrador,L4A 0T0,Canada,572440931,Alexander@word.com
Jacob,,80,Balmoral Road,Airdrie,Newfoundland and Labrador,J9P 1C6,Canada,332672680,Jacob@system.com
Ethan,Johnson,445,Ascot Avenue,Caledon,New Brunswick,J9P 1C6,Canada,864982617,Ethan@study.com
James,Thomas,203,Aldergrove Drive,North Vancouver,New Brunswick,E4S 3C4,Canada,141331469,James@money.com
Liam,Wilson,30,Cedarbrae Lane,Saint-Hyacinthe,Saskatchewan,V8C 0S2,Canada,557538195,Liam@eye.com
James,,358,Brighton Avenue,Norfolk County,Nova Scotia,T1L 2H8,Canada,782949158,James@question.com
Alexander,Wilson,193,Chipstone Close,Sherbrooke,Yukon,,Canada,118137569,Alexander@case.com
Alexander,Jones,451,Caitland Court,Brantford,British Columbia,G3H 0B4,Canada,535136737,Alexander@book.com
William,Anderson,66,Aukland Place,Guelph,New Brunswick,G3E 2K4,Canada,567220517,William@word.com
William,Anderson,344,Auburn Avenue,Victoria,Newfoundland and Labrador,E7E 3T7,Canada,687479797,William@country.com
Liam,Anderson,295,Carriageway Crescent,Guelph,New Brunswick,J0N 0Z3,Canada,1271211625,Liam@life.com
Ethan,Moore,341,Alm-c Ramp,Norfolk County,Prince Edward Island,H9S 1R4,Canada,1111521297,Ethan@lot.com
Mason,Wilson,258,Alm-e Ramp,Montreal,Manitoba,G3E 2K4,Canada,1365440747,Mason@work.com
Liam,Williams,265,Cascade Drive,Nanaimo,New Brunswick,T1L 2H8,Canada,172764626,Liam@eye.com
James,Davis,232,Banbury Close,Port Coquitlam,Northwest Territories,E5V 3X5,Canada,446887173,James@place.com
William,Johnson,233,Central Avenue,Barrie,Saskatchewan,T1L 2H8,Canada,867436531,William@book.com
William,,88,,Kawartha Lakes,Alberta,J1S 0R4,Canada,992300041,William@way.com
Jacob,Anderson,339,Boulderwood Road,Longueuil,Alberta,N8H 2H6,Canada,1349310357,Jacob@eye.com
Ethan,Williams,190,Cedarbank Terrace,Calgary,Nova Scotia,E4M 2G2,Canada,780640079,Ethan@question.com
Jacob,,480,Ashburn Avenue,Sherbrooke,Northwest Territories,J0J 3V6,Canada,1084400377,Jacob@group.com
Mason,Miller,457,Buddy Daye Street,Moncton,Prince Edward Island,G0H 2P3,Canada,882135521,Mason@woman.com
William,Thomas,102,Bobolink Street,Regina,Nova Scotia,G3H 0B4,Canada,1108399803,William@government.com
Ethan,Jackson,95,Cedar Street,Saint-JÃ©rÃ´me,New Brunswick,V8B 1P6,Canada,223897276,Ethan@room.com
Jacob,Jackson,474,Cherry Lane,Maple Ridge,Prince Edward Island,L0N 3J2,Canada,1038435807,Jacob@year.com
Ethan,Williams,349,Botany Terrace,North Bay,Northwest Territories,L3V 1Y8,Canada,1136004937,Ethan@state.com
"",Miller,74,Bond Street,Saint-JÃ©rÃ´me,Newfoundland and Labrador,L0N 3J2,Canada,912208067,null@work.com
Liam,Anderson,447,Archibald Avenue,Brantford,Nova Scotia,J0J 3V6,Canada,193194493,Liam@number.com
James,Miller,162,Bayne St Ramp,Ottawa,Alberta,B2E 0X4,Canada,1350132373,James@lot.com
Liam,Jackson,355,Adams Avenue,North Vancouver,Nunavut,L3V 1Y8,Canada,363771486,Liam@child.com
