First Name,Last Name,Street Number,Street,City,Province,Postal Code,Country,Phone Number,email Address
"",Brown,201,Briar Lane,St. Catharines,New Brunswick,E4S 3C4,Canada,182592664,null@eye.com
Ethan,Jackson,144,Claymore Avenue,Aurora,Prince Edward Island,E4M 2G2,Canada,365921611,Ethan@month.com
"",Wilson,377,Bayers Road,Coquitlam,Alberta,V8B 1P6,Canada,304870811,null@room.com
Jacob,Miller,410,Bond Street,Terrebonne,Quebec,E4S 3C4,Canada,1113722609,Jacob@night.com
Liam,Taylor,36,Brycedale Lane,Hamilton,Northwest Territories,H0H 3C9,Canada,240494124,Liam@world.com
Jacob,Brown,472,Armada Drive,Delta,Newfoundland and Labrador,N4N 0B9,Canada,1295861847,Jacob@case.com
Ethan,Brown,460,Ashton Lane,Grande Prairie,Nunavut,G3E 2K4,Canada,415625654,Ethan@people.com
"",Jackson,477,Cloverdale Road,North Vancouver,New Brunswick,E5V 3X5,Canada,1050092170,null@country.com
James,Jackson,28,Bronson Avenue,Kelowna,Northwest Territories,B2E 0X4,Canada,544743922,James@woman.com
William,Davis,495,Chisholm Avenue,Newmarket,British Columbia,"L4A 0T3 ",Canada,161192215,William@group.com
James,Jones,66,Ashton Lane,Laval,New Brunswick,G0H 2P3,Canada,1043508223,James@family.com
Ethan,Miller,243,Caxton Close,Brantford,Nunavut,J9P 1C6,Canada,1090492543,Ethan@book.com
Liam,Johnson,155,Chain Rock Drive,Welland,Manitoba,G6X 2L1,Canada,1053499512,Liam@month.com
Liam,Taylor,271,Avon Crescent,Ajax,Northwest Territories,B2E 0X4,Canada,641164883,Liam@night.com
James,Johnson,96,Clearview Street,Guelph,Yukon,H0H 3C9,Canada,1188866889,James@book.com
Mason,Williams,275,Burgee Run,Blainville,Northwest Territories,V8B 1P6,Canada,698638737,Mason@room.com
Jacob,Anderson,220,Buddy Daye Street,Oshawa,Newfoundland and Labrador,J1S 0R4,Canada,711838225,Jacob@way.com
Liam,Jackson,65,Birchdale Avenue,Grande Prairie,Newfoundland and Labrador,N4N 0B9,Canada,309097556,Liam@people.com
William,Taylor,96,Belle Aire Terrace,Cape Breton,Newfoundland and Labrador,,Canada,1359219934,William@word.com
Mason,Johnson,369,Chelsea Lane,Calgary,Yukon,,Canada,499532308,Mason@book.com
William,,83,Berts Drive,Fredericton,Prince Edward Island,L3V 1Y8,Canada,887070169,William@right.com
Jacob,Jones,306,Balwearie Lane,Clarington,Alberta,K1B 3B2,Canada,642327295,Jacob@month.com
Ethan,Williams,68,Agricola Street,North Bay,Saskatchewan,J0N 0Z3,Canada,694978196,Ethan@student.com
"",Jones,213,Ashton Lane,Pickering,British Columbia,T1L 2H8,Canada,176769321,null@group.com
Alexander,Jones,340,Birmingham Street,Langley,Newfoundland and Labrador,,Canada,771965546,Alexander@story.com
Ethan,Taylor,450,Castlepark Grove,Nanaimo,Northwest Territories,J0J 3V6,Canada,392292694,Ethan@family.com
