First Name,Last Name,Street Number,Street,City,Province,Postal Code,Country,Phone Number,email Address
Alexander,Johnson,395,Alex Street,Burnaby,Alberta,J0J 3V6,Canada,1275029327,Alexander@month.com
William,Brown,191,Bluestone Road,Hamilton,Yukon,J0J 3V6,Canada,355291306,William@thing.com
Ethan,Anderson,441,Albert Street,Drummondville,Nova Scotia,T1L 2H8,Canada,194858777,Ethan@family.com
Liam,Davis,67,Anchor Drive,Surrey,Nova Scotia,E5V 3X5,Canada,1347281086,Liam@company.com
Ethan,Williams,95,Bobolink Street,Airdrie,Northwest Territories,N5C 2J8,Canada,1084803883,Ethan@home.com
"",Davis,405,Carlton Street,Waterloo,Northwest Territories,"V1K 1V0 ",Canada,742710395,null@family.com
Mason,Jackson,418,Auburn Avenue,Clarington,Nunavut,L9R 0A0,Canada,1213838650,Mason@school.com
Alexander,Wilson,334,Avon Crescent,Blainville,Northwest Territories,N4N 0B9,Canada,1104680927,Alexander@part.com
Alexander,Moore,485,Africville Road,Niagara Falls,,J9T 3H4,Canada,589313981,Alexander@program.com
Jacob,Thomas,373,Acorn Road,Surrey,Prince Edward Island,J1S 0R4,Canada,1320850972,Jacob@people.com
Ethan,Johnson,339,Barclay Avenue,Prince George,New Brunswick,N4N 0B9,Canada,1272085763,Ethan@book.com
Alexander,Thomas,165,Brycedale Lane,Peterborough,Northwest Territories,"B0T 0Y5 ",Canada,1145958894,Alexander@state.com
Alexander,Taylor,423,Caxton Close,Moncton,Nunavut,L4A 0T0,Canada,363864625,Alexander@work.com
James,Williams,66,Burgee Run,Winnipeg,Saskatchewan,"L4A 0T3 ",Canada,601290508,James@woman.com
James,Brown,19,Alm-a Ramp,Richmond Hill,Alberta,L3V 1Y8,Canada,650248726,James@family.com
Liam,Anderson,21,Bedford Windsor Ramp,Cape Breton,Northwest Territories,E4S 3C4,Canada,1179766171,Liam@child.com
William,,483,Bliss Street,Saanich,Newfoundland and Labrador,K1B 3B2,Canada,1373183067,William@company.com
Ethan,Williams,335,Bedford Row,Hamilton,Manitoba,K1B 3B2,Canada,777673070,Ethan@thing.com
Jacob,Williams,161,Annandale Street,Clarington,Quebec,,Canada,755993877,Jacob@home.com
"",Davis,337,Chipstone Close,Brantford,Newfoundland and Labrador,"L4A 0T3 ",Canada,884102160,null@word.com
"",Anderson,493,Chelton Woods Lane,Kawartha Lakes,Nunavut,"B0T 0Y5 ",Canada,939970556,null@case.com
Liam,Williams,478,Binney Street,Cape Breton,Quebec,J9T 3H4,Canada,536496836,Liam@null
Jacob,,487,Bloomfield Street,Airdrie,Newfoundland and Labrador,"B0T 0Y5 ",Canada,943587563,Jacob@hand.com
"",Jones,225,Armdale Rotary,Brantford,Alberta,J9T 3H4,Canada,842371916,null@government.com
Mason,Thomas,127,Castlepark Grove,Kitchener,Nunavut,N4N 0B9,Canada,1104323216,Mason@right.com
Ethan,Williams,218,Ahern Avenue,Cape Breton,Manitoba,G3E 2K4,Canada,1131189225,Ethan@program.com
