First Name,Last Name,Street Number,Street,City,Province,Postal Code,Country,Phone Number,email Address
Ethan,Jones,342,Blue Willow Court,Norfolk County,British Columbia,G3E 2K4,Canada,619695168,Ethan@number.com
"",Jones,73,Benalder Lane,Aurora,Quebec,N4N 0B9,Canada,1029493971,null@week.com
Ethan,Brown,419,Castine Way,Prince George,Alberta,E4S 3C4,Canada,1015827191,Ethan@problem.com
Ethan,Davis,458,Acorn Road,Kamloops,New Brunswick,G0H 2P3,Canada,716042457,Ethan@null
Mason,Taylor,31,Ashton Lane,Winnipeg,New Brunswick,,Canada,1339772523,Mason@week.com
Ethan,Anderson,270,Birchview Drive,Peterborough,Prince Edward Island,E4S 3C4,Canada,1403268459,Ethan@mother.com
Mason,Moore,56,Chessvale Close,Niagara Falls,Nova Scotia,,Canada,1260990608,Mason@null
Ethan,Davis,90,Argyle Street,Aurora,Nova Scotia,V8C 0S2,Canada,751359378,Ethan@job.com
William,Thomas,399,Church Street,North Vancouver,Alberta,G3E 2K4,Canada,1397410875,William@study.com
William,Davis,81,Carmichael Street,Vaughan,Newfoundland and Labrador,N5C 2J8,Canada,1382059522,William@book.com
Mason,Thomas,406,Battery Drive,Guelph,Northwest Territories,K1B 3B2,Canada,1377229863,Mason@eye.com
Alexander,Wilson,395,Brighton Avenue,Waterloo,Northwest Territories,"L4A 0T3 ",Canada,360050329,Alexander@word.com
"",Taylor,311,Boulderwood Road,Milton,Prince Edward Island,N4N 0B9,Canada,1193760377,null@Mr.com
William,Jones,338,Arlington Avenue,Repentigny,Nova Scotia,K1B 3B2,Canada,1327192405,William@week.com
Liam,Taylor,419,Church Street,Blainville,Northwest Territories,N8A 0B3,Canada,1016670716,Liam@program.com
Jacob,Anderson,326,Birch Street,London,Quebec,L4A 0T0,Canada,484904668,Jacob@month.com
Ethan,Miller,317,Brook Street,Guelph,Northwest Territories,J0N 0Z3,Canada,585777005,Ethan@right.com
"",Brown,13,Brenton Street,Maple Ridge,Alberta,E7E 3T7,Canada,576450175,null@water.com
Alexander,Moore,394,Amirault Court,Thunder Bay,Nunavut,E7E 3T7,Canada,1309306430,Alexander@mother.com
Ethan,Anderson,187,Bosun Run,Oshawa,Prince Edward Island,B3V 2V1,Canada,334954143,Ethan@program.com
William,Wilson,182,Carlton Street,Saguenay,Alberta,"L4A 0T3 ",Canada,523810840,William@right.com
Ethan,Jones,438,Armada Drive,Drummondville,Newfoundland and Labrador,G3H 0B4,Canada,1328802602,Ethan@mother.com
Ethan,Wilson,459,Charles Street,Markham,Saskatchewan,J9T 3H4,Canada,1147752664,Ethan@point.com
Mason,,173,Blenheim Terrace,Mirabel,Nunavut,L3V 1Y8,Canada,1357556790,Mason@hand.com
Alexander,Davis,15,Barrington Street,Edmonton,Prince Edward Island,H3J 3P2,Canada,537403622,Alexander@man.com
James,Wilson,67,Bower Road,Prince George,Prince Edward Island,L9R 0A0,Canada,697113756,James@money.com
"",Johnson,293,Bermuda Avenue,Cape Breton,Prince Edward Island,G3E 2K4,Canada,465966076,null@null
Jacob,,488,Berkshire Close,Mirabel,Prince Edward Island,H0H 3C9,Canada,926834003,Jacob@problem.com
Mason,Davis,411,Barkton Lane,Ajax,Yukon,G0H 2P3,Canada,821112386,Mason@program.com
"",Wilson,324,Abbott Drive,Saint-Hyacinthe,Northwest Territories,J0J 3V6,Canada,224751307,null@hand.com
Ethan,Miller,353,Brussels Street,,Manitoba,G6X 2L1,Canada,177401217,Ethan@lot.com
Liam,Anderson,309,Blue Willow Court,Calgary,Saskatchewan,V8C 0S2,Canada,416192443,Liam@case.com
William,Moore,389,Bedford Windsor Ramp,Pickering,British Columbia,T1L 2H8,Canada,612513744,William@business.com
Ethan,Thomas,193,Berlin Street,St. John's,Northwest Territories,K1B 3B2,Canada,565108308,Ethan@year.com
Alexander,Anderson,4,Armview Avenue,St. Catharines,Prince Edward Island,G3H 0B4,Canada,219702104,Alexander@question.com
Jacob,Wilson,472,Armstrong Court,Milton,Prince Edward Island,G0H 2P3,Canada,863580450,Jacob@hand.com
James,Davis,74,Bosun Run,Ajax,New Brunswick,G6X 2L1,Canada,458790573,James@number.com
Ethan,Jackson,198,Canterbury Close,Waterloo,Nunavut,E4M 2G2,Canada,427378362,Ethan@job.com
James,Williams,344,Annandale Street,Moncton,Nunavut,N8A 0B3,Canada,1178085115,James@year.com
"",Johnson,96,Brigadier Court,Lethbridge,Northwest Territories,E4S 3C4,Canada,333171364,null@company.com
Ethan,Jackson,33,Aldergrove Drive,Sherbrooke,Northwest Territories,G3E 2K4,Canada,521320575,Ethan@water.com
"",Jackson,65,Blue Jay Street,St. John's,Manitoba,J9T 3H4,Canada,527559752,null@life.com
