First Name,Last Name,Street Number,Street,City,Province,Postal Code,Country,Phone Number,email Address
Alexander,Taylor,104,Cartaret Street,Port Coquitlam,Prince Edward Island,G0H 2P3,Canada,824727192,Alexander@room.com
William,Thomas,95,Carroll Lane,Welland,Alberta,E7E 3T7,Canada,615651384,William@lot.com
Alexander,Jones,374,Canterbury Close,Nanaimo,Northwest Territories,H9S 1R4,Canada,163725749,Alexander@family.com
Mason,,386,Camelot Lane,Regina,Nunavut,K1B 3B2,Canada,1339020249,Mason@home.com
"",Williams,89,Adelaide Avenue,Quebec City,Northwest Territories,L9R 0A0,Canada,293655167,null@child.com
Jacob,Miller,156,Agricola Street,New Westminster,British Columbia,G0H 2P3,Canada,1177275173,Jacob@woman.com
"",Thomas,488,Battery Drive,Kelowna,Nova Scotia,H9S 1R4,Canada,613016437,null@problem.com
Mason,Thomas,216,Carrington Place,Laval,Northwest Territories,J0N 0Z3,Canada,868187623,Mason@group.com
James,Williams,311,Bromley Road,Sault Ste. Marie,Alberta,V8C 0S2,Canada,884503811,James@state.com
Ethan,Wilson,131,Amirault Court,Longueuil,Manitoba,E4S 3C4,Canada,1072340916,Ethan@state.com
William,Brown,209,Barkton Lane,Oshawa,Nova Scotia,K1B 3B2,Canada,637829038,William@problem.com
Mason,Jones,477,Abbott Drive,Airdrie,Nunavut,N4N 0B9,Canada,290345633,Mason@question.com
Jacob,Williams,334,Bridget Avenue,Kamloops,Nova Scotia,G3H 0B4,Canada,843151153,Jacob@child.com
James,Miller,13,Canary Crescent,Kamloops,Newfoundland and Labrador,K1B 3B2,Canada,847565712,James@life.com
Liam,Brown,189,Cabot Place,Belleville,Prince Edward Island,G0H 2P3,Canada,1299930675,Liam@school.com
Mason,Miller,487,Berts Drive,Blainville,Quebec,,Canada,1232732651,Mason@Mr.com
Ethan,Jackson,168,Bakers Drive,Victoria,Nova Scotia,L9R 0A0,Canada,520548919,Ethan@question.com
"",,91,Artillery Place,Markham,Alberta,E5V 3X5,Canada,270304173,null@group.com
James,Jones,283,Alumni Crescent,Moncton,Nunavut,J9T 3H4,Canada,476127001,James@problem.com
"",Miller,274,Artillery Place,Vancouver,Nunavut,E4S 3C4,Canada,375180729,null@fact.com
Ethan,Johnson,338,Avon Crescent,Oakville,Alberta,L0N 3J2,Canada,632169444,Ethan@home.com
Ethan,Williams,12,Broadholme Lane,Hamilton,Nunavut,V8B 1P6,Canada,658278203,Ethan@Mr.com
James,Anderson,295,Clearview Street,Hamilton,Northwest Territories,E4S 3C4,Canada,159536352,James@point.com
James,Taylor,109,Balcomes Drive,St. John's,New Brunswick,J1S 0R4,Canada,633916209,James@child.com
Alexander,Jones,345,Alm-a Ramp,St. John's,Nunavut,G0H 2P3,Canada,1201166918,Alexander@country.com
"",Anderson,16,Blue Jay Street,Oakville,British Columbia,"V1K 1V0 ",Canada,553796474,null@program.com
James,Davis,157,Bliss Street,Fredericton,Nova Scotia,T1L 2H8,Canada,553735928,James@null
Alexander,Anderson,97,Alm-a Ramp,Chatham-Kent,Prince Edward Island,E4S 3C4,Canada,931358177,Alexander@school.com
"",Moore,41,Clifton Street,Drummondville,Prince Edward Island,"L4A 0T3 ",Canada,380220398,null@book.com
"",,459,Brenton Street,Sault Ste. Marie,British Columbia,H3J 3P2,Canada,608631307,null@man.com
