First Name,Last Name,Street Number,Street,City,Province,Postal Code,Country,Phone Number,email Address
Ethan,Jones,334,Arlington Avenue,Kelowna,Nova Scotia,H9S 1R4,Canada,498439837,Ethan@family.com
Ethan,Taylor,488,Carroll Lane,Kamloops,Newfoundland and Labrador,B3V 2V1,Canada,125897706,Ethan@group.com
"",Johnson,33,Berkshire Close,Cambridge,Northwest Territories,H0H 3C9,Canada,1216329652,null@government.com
James,,46,Charles Street,Red Deer,Northwest Territories,"V1K 1V0 ",Canada,542194309,James@night.com
Mason,Moore,32,"Alm-../../view.php?place=Alm-# Ramp, Halifax, ns, CANADA Ramp",Brampton,Nunavut,G0H 2P3,Canada,897357657,Mason@company.com
"",Jones,438,Brunswick Street,Thunder Bay,Prince Edward Island,J0N 0Z3,Canada,1074174309,null@company.com
Ethan,,47,Bilby Street,Richmond,Nunavut,J0J 3V6,Canada,1124805997,Ethan@month.com
"",Williams,93,Belle Aire Terrace,Vaughan,Quebec,H3J 3P2,Canada,1039979986,null@week.com
William,Taylor,10,Bower Road,Oakville,Nova Scotia,E5V 3X5,Canada,1307952939,William@case.com
William,Williams,351,Cairnwell Close,Markham,Nunavut,L3V 1Y8,Canada,920828669,William@null
"",Jackson,215,Brussels Street,Vaughan,Nova Scotia,E7E 3T7,Canada,1091124244,null@state.com
Liam,Miller,100,Clearview Street,Strathcona County,Prince Edward Island,J9P 1C6,Canada,412178129,Liam@book.com
"",Davis,165,Brackley Place,Whitby,Alberta,"B0T 0Y5 ",Canada,901665570,null@part.com
Ethan,Anderson,479,Aukland Place,Mississauga,Alberta,L0N 3J2,Canada,925053802,Ethan@way.com
"",Davis,255,Bishop Street,Guelph,Northwest Territories,N8H 2H6,Canada,1281059776,null@system.com
"",Wilson,206,Breen Avenue,Delta,Nova Scotia,E4M 2G2,Canada,503666825,null@month.com
Jacob,Davis,9,Battery 18th Road,Surrey,Prince Edward Island,B2E 0X4,Canada,137811839,Jacob@water.com
"",Jones,355,Chessvale Close,Kitchener,Alberta,J0N 0Z3,Canada,463719593,null@hand.com
William,Jackson,4,Bayview Road,Welland,Newfoundland and Labrador,N5C 2J8,Canada,471239804,William@family.com
Jacob,Anderson,409,Bosun Run,North Vancouver,Northwest Territories,E5V 3X5,Canada,881088661,Jacob@eye.com
"",Wilson,454,Acorn Road,Strathcona County,British Columbia,G3E 2K4,Canada,1240716953,null@life.com
Alexander,Taylor,480,Ashburn Avenue,Trois-RiviÃ¨res,Alberta,"B0T 0Y5 ",Canada,547673838,Alexander@system.com
Alexander,Moore,433,Bridget Avenue,Saint-JÃ©rÃ´me,Alberta,L9R 0A0,Canada,215159232,Alexander@right.com
Jacob,,68,Banbury Close,Cambridge,Nunavut,E7E 3T7,Canada,1342878919,Jacob@year.com
Ethan,,236,Apollo Court,Montreal,Northwest Territories,K1B 3B2,Canada,332824314,Ethan@woman.com
William,,146,Armada Drive,Moncton,Prince Edward Island,B3V 2V1,Canada,181447132,William@question.com
Alexander,Taylor,480,Chain Lake Drive,Cambridge,Yukon,G3H 0B4,Canada,511659043,Alexander@number.com
Mason,Thomas,194,Burgee Run,Ajax,Manitoba,G0H 2P3,Canada,1264458580,Mason@job.com
Ethan,Davis,441,Ash Lake Court,Cape Breton,Northwest Territories,E5V 3X5,Canada,1080178434,Ethan@company.com
Mason,Anderson,261,Bayne Street,Port Coquitlam,Nunavut,G0H 2P3,Canada,553314678,Mason@thing.com
Ethan,Taylor,464,"Alm-../../view.php?place=Alm-# Ramp, Halifax, ns, CANADA Ramp",Cape Breton,Northwest Territories,H9S 1R4,Canada,553427591,Ethan@right.com
William,Wilson,231,Arvida Avenue,Winnipeg,New Brunswick,N8A 0B3,Canada,889409774,William@system.com
Jacob,Davis,312,Artillery Place,Blainville,British Columbia,,Canada,542671667,Jacob@word.com
Liam,Brown,56,Aukland Place,St. John's,Nova Scotia,L9R 0A0,Canada,430433458,Liam@government.com
"",Jones,476,Circle Drive,Victoria,Yukon,B2E 0X4,Canada,920932670,null@week.com
William,Jones,326,Carnation Crescent,Sault Ste. Marie,Saskatchewan,G3E 2K4,Canada,555216984,William@water.com
Mason,Miller,149,Ashdale Avenue,Saint-Jean-sur-Richelieu,New Brunswick,J0J 3V6,Canada,1067777086,Mason@way.com
Liam,Jackson,148,Bridges Street,Welland,New Brunswick,L9R 0A0,Canada,633428662,Liam@woman.com
Jacob,Thomas,265,Chestnut Street,Grande Prairie,British Columbia,"L4A 0T3 ",Canada,946083383,Jacob@time.com
Jacob,Johnson,309,Artillery Place,Brampton,Prince Edward Island,"B0T 0Y5 ",Canada,404552865,Jacob@number.com
