First Name,Last Name,Street Number,Street,City,Province,Postal Code,Country,Phone Number,email Address
Ethan,Taylor,147,Ashburn Avenue,Laval,British Columbia,J9P 1C6,Canada,990286558,Ethan@company.com
Jacob,Thomas,212,Canary Crescent,Thunder Bay,Manitoba,J9T 3H4,Canada,1356203396,Jacob@case.com
"",Moore,174,Cascade Drive,Medicine Hat,Saskatchewan,,Canada,800465062,null@time.com
"",,479,Bently Drive,Saint-Hyacinthe,Newfoundland and Labrador,,Canada,329976210,null@state.com
Ethan,Miller,7,Bauer Street,Drummondville,Prince Edward Island,"V1K 1V0 ",Canada,1234662070,Ethan@place.com
"",Taylor,421,Centre Gate,Belleville,Prince Edward Island,J0J 3V6,Canada,935291015,null@mother.com
William,,344,Balwearie Lane,North Vancouver,British Columbia,E4M 2G2,Canada,664629482,William@book.com
