First Name,Last Name,Street Number,Street,City,Province,Postal Code,Country,Phone Number,email Address
Mason,Davis,388,Chelmsford Place,Sherbrooke,Nova Scotia,J1S 0R4,Canada,130930240,Mason@study.com
"",Brown,21,Bauer Street,Sherbrooke,Quebec,,Canada,469878568,null@man.com
William,Miller,389,Bell Road,Fredericton,Northwest Territories,"L4A 0T3 ",Canada,1071626317,William@year.com
Liam,Jones,44,Birch Cove Lane,Saint John,Nova Scotia,H9S 1R4,Canada,934992297,Liam@study.com
Liam,Johnson,348,Bland Street,Nanaimo,Alberta,E4S 3C4,Canada,253597123,Liam@case.com
Alexander,Williams,492,Blowers Street,Pickering,Newfoundland and Labrador,G0H 2P3,Canada,541451808,Alexander@school.com
Alexander,Anderson,79,Chartwell Lane,Trois-RiviÃ¨res,Northwest Territories,V8B 1P6,Canada,1349315124,Alexander@study.com
Liam,Thomas,451,Bedford Row,Burnaby,Newfoundland and Labrador,"L4A 0T3 ",Canada,526047761,Liam@null
Mason,Williams,416,Ahern Avenue,Langley,Quebec,V8C 0S2,Canada,348041843,Mason@hand.com
Ethan,,269,Chebucto Lane,Kawartha Lakes,Yukon,G3E 2K4,Canada,1274037497,Ethan@work.com
"",Brown,463,Campbell Drive,London,Alberta,G3H 0B4,Canada,167941490,null@group.com
Jacob,Johnson,391,Berts Drive,Hamilton,Northwest Territories,E4S 3C4,Canada,158727930,Jacob@family.com
Liam,Taylor,487,Brunswick Street,Surrey,Nova Scotia,H9S 1R4,Canada,718471948,Liam@life.com
Jacob,Miller,428,Bloomfield Street,Burlington,Prince Edward Island,J9T 3H4,Canada,246705803,Jacob@program.com
Ethan,Williams,429,Albemarle Street,Saint John,Manitoba,B3V 2V1,Canada,565221441,Ethan@right.com
Ethan,Johnson,497,Churchill Drive,Grande Prairie,Northwest Territories,L3V 1Y8,Canada,1348792998,Ethan@government.com
