First Name,Last Name,Street Number,Street,City,Province,Postal Code,Country,Phone Number,email Address
Ethan,,249,Angus L Macdonald Bridge,Saint-JÃ©rÃ´me,Quebec,H0H 3C9,Canada,346021023,Ethan@woman.com
William,Anderson,439,Alm-e Ramp,Mirabel,Alberta,,Canada,957939676,William@problem.com
Alexander,Wilson,296,Cavendish Road,Vaughan,Newfoundland and Labrador,H0H 3C9,Canada,749356991,Alexander@hand.com
Mason,,320,Attenborough Court,Chilliwack,Nova Scotia,B3V 2V1,Canada,1038662160,Mason@story.com
Jacob,,286,Brewer Court,Airdrie,Nunavut,H0H 3C9,Canada,1277878809,Jacob@day.com
Jacob,Taylor,320,Bently Drive,Fredericton,Prince Edward Island,"L4A 0T3 ",Canada,1174232566,Jacob@null
Jacob,Thomas,373,Brussels Street,Medicine Hat,British Columbia,G3E 2K4,Canada,1072594146,Jacob@point.com
Jacob,Moore,289,Bedford Highway,Milton,Newfoundland and Labrador,L0N 3J2,Canada,458768037,Jacob@null
James,Anderson,433,Bedros Lane,Winnipeg,Newfoundland and Labrador,"L4A 0T3 ",Canada,458408679,James@group.com
"",Jackson,343,Balmoral Road,Cape Breton,Northwest Territories,L0N 3J2,Canada,383121553,null@group.com
"",Moore,340,Bedford Windsor Ramp,Red Deer,Nova Scotia,"L4A 0T3 ",Canada,111530883,null@day.com
Ethan,Jackson,264,Church Street,Lethbridge,Alberta,H0H 3C9,Canada,1288474342,Ethan@day.com
"",Taylor,104,Cedarbrae Lane,Whitby,Northwest Territories,G3H 0B4,Canada,130051849,null@story.com
Jacob,Wilson,335,Bald Eagle Place,Greater Sudbury,Saskatchewan,E5V 3X5,Canada,114757558,Jacob@man.com
William,Wilson,417,Charlotte Lane,London,Nunavut,J1S 0R4,Canada,239187140,William@woman.com
William,,254,Chocolate Lake Road,North Vancouver,Nova Scotia,L4A 0T0,Canada,356195957,William@child.com
"",Moore,284,Chester Avenue,Repentigny,Nunavut,G3H 0B4,Canada,913474090,null@question.com
"",Miller,180,Ashdale Avenue,Sherbrooke,Yukon,N8A 0B3,Canada,1084530666,null@group.com
Ethan,Williams,469,Catamaran Road,Chilliwack,Quebec,E7E 3T7,Canada,357838713,Ethan@man.com
James,Taylor,305,Bond Street,Gatineau,Northwest Territories,N8H 2H6,Canada,1314444303,James@hand.com
Jacob,Williams,255,Acorn Road,Windsor,Nova Scotia,,Canada,117593874,Jacob@state.com
William,Johnson,344,Chadwick Place,Belleville,Prince Edward Island,J0J 3V6,Canada,160248888,William@company.com
Mason,Jackson,393,Alm-a Ramp,Richmond,Nova Scotia,N4N 0B9,Canada,442846701,Mason@room.com
Ethan,Wilson,438,Canterbury Close,Aurora,Newfoundland and Labrador,H9S 1R4,Canada,620976324,Ethan@government.com
"",Anderson,500,Brycedale Lane,Calgary,Prince Edward Island,J0J 3V6,Canada,105537108,null@world.com
Jacob,Williams,406,Cedarbank Terrace,Windsor,Alberta,H0H 3C9,Canada,701011969,Jacob@fact.com
Ethan,Davis,64,Bond Street,Belleville,,N8H 2H6,Canada,1342501376,Ethan@work.com
