First Name,Last Name,Street Number,Street,City,Province,Postal Code,Country,Phone Number,email Address
"",Anderson,241,Cascade Drive,Guelph,Saskatchewan,H0H 3C9,Canada,1358034425,null@month.com
Alexander,Jones,122,Beechwood Terrace,Port Coquitlam,Nova Scotia,V8B 1P6,Canada,1070688721,Alexander@study.com
William,Thomas,226,Aster Court,Red Deer,Manitoba,B3V 2V1,Canada,648262612,William@part.com
Mason,Davis,19,Church Street,Coquitlam,Newfoundland and Labrador,N8H 2H6,Canada,604394221,Mason@hand.com
Alexander,Thomas,100,Birch Cove Lane,Oshawa,Nunavut,E7E 3T7,Canada,575866718,Alexander@mother.com
Liam,Moore,17,Berts Drive,Windsor,Alberta,E4S 3C4,Canada,142713352,Liam@time.com
Ethan,Brown,295,Castlepark Grove,Mirabel,Northwest Territories,G3H 0B4,Canada,1003938230,Ethan@program.com
"",Anderson,205,Binney Street,Nanaimo,Prince Edward Island,N4N 0B9,Canada,932195158,null@word.com
Ethan,Johnson,456,Beechwood Terrace,Coquitlam,Prince Edward Island,N8H 2H6,Canada,1262719521,Ethan@room.com
Liam,Jones,6,Aikenhead Road,Red Deer,Nunavut,G3H 0B4,Canada,1333054896,Liam@hand.com
James,Taylor,406,Charles Street,LÃ©vis,Nova Scotia,H9S 1R4,Canada,1154122584,James@school.com
"",Jones,163,Ashburn Avenue,Oakville,Northwest Territories,J9T 3H4,Canada,1298455121,null@hand.com
"",Brown,6,Bedros Lane,Sarnia,Nova Scotia,N4N 0B9,Canada,1226450851,null@story.com
"",Miller,488,Bronson Avenue,Vancouver,Manitoba,T1L 2H8,Canada,156628504,null@government.com
Mason,Wilson,67,Armcrescent West Avenue,Saint John,Manitoba,J9T 3H4,Canada,1107225328,Mason@Mr.com
William,Johnson,64,Bluestone Road,Nanaimo,New Brunswick,T1L 2H8,Canada,632911731,William@water.com
Mason,Thomas,134,Birkdale Crescent,Aurora,Northwest Territories,"B0T 0Y5 ",Canada,519249563,Mason@case.com
Alexander,Williams,377,Beachstone Drive,Winnipeg,Prince Edward Island,L9R 0A0,Canada,708282893,Alexander@school.com
Alexander,Anderson,20,Carlina Court,Guelph,Prince Edward Island,E7E 3T7,Canada,439860504,Alexander@school.com
James,Wilson,258,Ashburn Avenue,Kamloops,Nunavut,T1L 2H8,Canada,532515751,James@country.com
Jacob,Williams,470,Albion Road,St. John's,Prince Edward Island,L9R 0A0,Canada,243663142,Jacob@part.com
Mason,Wilson,308,Armshore Drive,Port Coquitlam,Nunavut,L4A 0T0,Canada,976817307,Mason@problem.com
"",Wilson,3,Bromley Road,,Manitoba,V8B 1P6,Canada,1122534977,null@system.com
Jacob,Jones,494,Bloomingdale Terrace,Richmond,Northwest Territories,L4A 0T0,Canada,186156252,Jacob@eye.com
"",Taylor,283,Cairnwell Close,Welland,Alberta,T1L 2H8,Canada,629117966,null@company.com
Liam,Anderson,359,Charlotte Lane,Belleville,British Columbia,J1S 0R4,Canada,481025627,Liam@part.com
James,Moore,339,Benalder Lane,LÃ©vis,Prince Edward Island,L0N 3J2,Canada,173755148,James@week.com
Alexander,Wilson,301,Bellevue Avenue,Quebec City,Quebec,E5V 3X5,Canada,205483444,Alexander@study.com
Ethan,Johnson,197,Bright Street,Surrey,Prince Edward Island,N4N 0B9,Canada,167795721,Ethan@night.com
Liam,Jackson,218,Claremont Street,Saint-Jean-sur-Richelieu,Prince Edward Island,E4M 2G2,Canada,1261853246,Liam@hand.com
James,Wilson,357,Canterbury Close,Repentigny,New Brunswick,L0N 3J2,Canada,984497641,James@group.com
James,Johnson,403,Church Street,Quebec City,Saskatchewan,V8C 0S2,Canada,399536568,James@part.com
"",Anderson,15,Aster Court,Burlington,,L4A 0T0,Canada,1179113489,null@Mr.com
Alexander,,341,Birchview Drive,Medicine Hat,Saskatchewan,E5V 3X5,Canada,606824401,Alexander@program.com
"",Jackson,226,Bright Street,Mirabel,Nunavut,G3H 0B4,Canada,419110351,null@student.com
Mason,,93,Bilby Street,Mirabel,Nova Scotia,J1S 0R4,Canada,261788975,Mason@year.com
Mason,Jones,124,Birchdale Avenue,Saint John,Yukon,G6X 2L1,Canada,373126984,Mason@year.com
Jacob,,457,Braeburn Road,Norfolk County,Northwest Territories,J0J 3V6,Canada,959620482,Jacob@job.com
William,Taylor,182,Berts Drive,North Vancouver,New Brunswick,,Canada,1337519930,William@room.com
"",Williams,347,Birch Street,Saint John,Newfoundland and Labrador,N8H 2H6,Canada,878630450,null@home.com
"",Johnson,62,Beachstone Drive,Nanaimo,British Columbia,H0H 3C9,Canada,1079197446,null@state.com
"",Johnson,478,Armada Drive,LÃ©vis,New Brunswick,H9S 1R4,Canada,471011191,null@group.com
