First Name,Last Name,Street Number,Street,City,Province,Postal Code,Country,Phone Number,email Address
Alexander,Johnson,420,Chartwell Lane,Saskatoon,Northwest Territories,G3E 2K4,Canada,1035794347,Alexander@question.com
Ethan,Davis,383,Amirault Court,Saint-JÃ©rÃ´me,Quebec,J9P 1C6,Canada,589037346,Ethan@right.com
Liam,Anderson,406,Armview Avenue,Wood Buffalo,,H0H 3C9,Canada,657813519,Liam@study.com
"",Williams,332,Armada Drive,Cape Breton,Alberta,G3H 0B4,Canada,609969122,null@problem.com
Alexander,Williams,190,Campbell Drive,Moncton,Northwest Territories,H9S 1R4,Canada,1394275853,Alexander@Mr.com
Ethan,Davis,89,Chartwell Lane,Niagara Falls,Prince Edward Island,H0H 3C9,Canada,335875406,Ethan@world.com
William,,156,Aldergrove Drive,Brantford,Quebec,E4S 3C4,Canada,285877556,William@people.com
William,Wilson,269,Charlton Avenue,Windsor,Nova Scotia,,Canada,881939204,William@null
James,Jones,121,Chocolate Lake Road,Guelph,British Columbia,"B0T 0Y5 ",Canada,1301403895,James@lot.com
Ethan,Thomas,54,Carmichael Street,Grande Prairie,Nova Scotia,N8H 2H6,Canada,439330850,Ethan@child.com
Ethan,Moore,230,Andrew Street,Moncton,Prince Edward Island,H9S 1R4,Canada,734273697,Ethan@program.com
"",Jackson,228,Braemount Drive,Prince George,Prince Edward Island,L9R 0A0,Canada,964138253,null@group.com
"",Williams,324,Albert Walker Drive,Sault Ste. Marie,Prince Edward Island,J0J 3V6,Canada,257761065,null@Mr.com
Alexander,Williams,170,Chadwick Place,Clarington,Prince Edward Island,G3E 2K4,Canada,1323115087,Alexander@story.com
Ethan,,108,Bridges Street,Drummondville,Nunavut,G6X 2L1,Canada,1240867558,Ethan@part.com
Liam,Miller,89,Burns Drive,Kingston,,G6X 2L1,Canada,737032234,Liam@part.com
Liam,Miller,59,Benjamin Green Drive,Medicine Hat,Newfoundland and Labrador,L0N 3J2,Canada,992328770,Liam@point.com
Liam,Jackson,193,Chisholm Avenue,New Westminster,Nova Scotia,J1S 0R4,Canada,1103344116,Liam@country.com
James,,463,Bower Road,Surrey,Northwest Territories,J0N 0Z3,Canada,1085705336,James@time.com
William,Williams,296,Buffers Lane,Oshawa,British Columbia,J0N 0Z3,Canada,1120785840,William@thing.com
