First Name,Last Name,Street Number,Street,City,Province,Postal Code,Country,Phone Number,email Address
Jacob,Johnson,369,Brighton Avenue,Kamloops,New Brunswick,N8H 2H6,Canada,609627903,Jacob@study.com
Liam,Jackson,368,Birches Drive,North Vancouver,Newfoundland and Labrador,G3E 2K4,Canada,1159263457,Liam@part.com
Ethan,Johnson,168,Centre Gate,Caledon,Nova Scotia,G0H 2P3,Canada,606947568,Ethan@number.com
Liam,Jackson,447,Ballantrae Lane,Airdrie,Prince Edward Island,G3E 2K4,Canada,802400647,Liam@family.com
William,Johnson,391,Charlotte Lane,Pickering,Prince Edward Island,H3J 3P2,Canada,797532065,William@group.com
Ethan,Thomas,107,Aikens Avenue,Norfolk County,Alberta,B2E 0X4,Canada,1148188063,Ethan@fact.com
Ethan,Miller,61,Battery 18th Road,Peterborough,New Brunswick,G3E 2K4,Canada,601674518,Ethan@world.com
Liam,Brown,147,Ardwell Avenue,Strathcona County,Prince Edward Island,E7E 3T7,Canada,359798273,Liam@night.com
Alexander,,446,Castlepark Grove,Saint-Hyacinthe,New Brunswick,"V1K 1V0 ",Canada,412322427,Alexander@week.com
Ethan,Anderson,57,Carlton Street,Welland,Nunavut,J0J 3V6,Canada,852158383,Ethan@number.com
Mason,Brown,387,Borden Street,Coquitlam,Prince Edward Island,N8H 2H6,Canada,1160044138,Mason@school.com
Alexander,,2,Chestnut Street,Aurora,Prince Edward Island,N8H 2H6,Canada,851536578,Alexander@study.com
Alexander,,274,Bilby Street,Greater Sudbury,Northwest Territories,,Canada,1019817442,Alexander@night.com
Liam,Thomas,284,Armoury Place,Trois-RiviÃ¨res,Newfoundland and Labrador,T1L 2H8,Canada,670339778,Liam@family.com
Ethan,Jones,46,Bethany Way,Sarnia,Prince Edward Island,,Canada,101693079,Ethan@problem.com
"",Taylor,404,Cherry Street,Clarington,Nunavut,K1B 3B2,Canada,1031047797,null@right.com
"",,133,Breen Avenue,Nanaimo,,J0J 3V6,Canada,961002397,null@job.com
Liam,Thomas,450,Chelmsford Place,Strathcona County,British Columbia,E5V 3X5,Canada,134526149,Liam@company.com
James,Anderson,102,Bristol Place,Trois-RiviÃ¨res,Yukon,V8C 0S2,Canada,1018423090,James@woman.com
"",Miller,293,Burns Drive,Kawartha Lakes,New Brunswick,"L4A 0T3 ",Canada,277407544,null@man.com
Liam,Miller,267,Brodick Lane,Hamilton,Northwest Territories,"V1K 1V0 ",Canada,1317266932,Liam@job.com
"",Thomas,77,Arlington Avenue,Hamilton,Nunavut,E4S 3C4,Canada,336116461,null@thing.com
William,Miller,31,Cherry Lane,Moncton,Prince Edward Island,N8H 2H6,Canada,1095884100,William@time.com
Ethan,Wilson,293,Ahern Avenue,Gatineau,Nunavut,H0H 3C9,Canada,1030000402,Ethan@program.com
Ethan,Jones,76,Barrington Street,Ajax,Northwest Territories,"L4A 0T3 ",Canada,250237531,Ethan@night.com
William,Jones,399,Argyle Street,Mirabel,New Brunswick,L3V 1Y8,Canada,1309537887,William@way.com
Jacob,,237,Archibald Avenue,Coquitlam,Newfoundland and Labrador,T1L 2H8,Canada,140685851,Jacob@country.com
