First Name,Last Name,Street Number,Street,City,Province,Postal Code,Country,Phone Number,email Address
"",,299,Armview Avenue,Saint-Jean-sur-Richelieu,,B3V 2V1,Canada,639979443,null@right.com
William,Jones,3,Clearview Street,Ottawa,Quebec,J0J 3V6,Canada,421272783,William@eye.com
Ethan,Moore,443,Bauer Street,Longueuil,Nunavut,V8C 0S2,Canada,969500809,Ethan@thing.com
Jacob,Jones,176,Clayton Park Drive,St. Catharines,Nunavut,H9S 1R4,Canada,971440071,Jacob@woman.com
William,Brown,194,Braeburn Road,Caledon,Saskatchewan,L0N 3J2,Canada,828012696,William@water.com
Ethan,Johnson,496,Claymore Avenue,Burlington,Manitoba,B3V 2V1,Canada,344657296,Ethan@people.com
Ethan,Johnson,347,Bloomfield Street,Winnipeg,Newfoundland and Labrador,T1L 2H8,Canada,893829169,Ethan@question.com
William,Anderson,192,Bellevue Avenue,Strathcona County,Nunavut,J9P 1C6,Canada,575590086,William@system.com
Liam,Moore,58,Armoury Place,Quebec City,Yukon,L4A 0T0,Canada,655455272,Liam@program.com
William,Taylor,419,Botany Terrace,Chilliwack,Quebec,E7E 3T7,Canada,913306976,William@company.com
Liam,,293,Balmoral Road,St. Catharines,Prince Edward Island,G0H 2P3,Canada,1049956846,Liam@year.com
Jacob,,293,Chipstone Close,Lethbridge,Manitoba,K1B 3B2,Canada,725158062,Jacob@program.com
Alexander,Davis,240,Bishop Street,Welland,Northwest Territories,B2E 0X4,Canada,776698002,Alexander@place.com
William,Johnson,50,Charles Street,Saint-Jean-sur-Richelieu,Northwest Territories,G3E 2K4,Canada,101133512,William@eye.com
Jacob,Jones,426,Balcomes Drive,Saint John,Nunavut,G3E 2K4,Canada,974633686,Jacob@question.com
Jacob,Johnson,37,Alumni Crescent,Kelowna,Northwest Territories,L3V 1Y8,Canada,869032799,Jacob@word.com
Ethan,Davis,21,Blue Jay Street,Richmond Hill,Northwest Territories,V8C 0S2,Canada,263630515,Ethan@study.com
Liam,Wilson,332,Chartwell Lane,Windsor,Alberta,J1S 0R4,Canada,994425152,Liam@world.com
William,Brown,53,Bedros Lane,Brantford,Nunavut,J9P 1C6,Canada,260152090,William@school.com
Liam,Anderson,59,Bermuda Avenue,Laval,Nunavut,G3H 0B4,Canada,354700775,Liam@place.com
Ethan,Anderson,68,Andrew Street,Brantford,Northwest Territories,L3V 1Y8,Canada,215621959,Ethan@life.com
Alexander,Jackson,41,Birch Street,Blainville,Alberta,E4M 2G2,Canada,1358959044,Alexander@school.com
"",Brown,165,Cherry Lane,Trois-RiviÃ¨res,Yukon,T1L 2H8,Canada,1084452197,null@story.com
Ethan,Williams,62,Chester Avenue,Thunder Bay,Prince Edward Island,V8C 0S2,Canada,642189147,Ethan@room.com
Jacob,Jackson,3,Albion Road,Wood Buffalo,Nunavut,H0H 3C9,Canada,159082682,Jacob@day.com
James,Jones,402,Cedarbrae Lane,Terrebonne,Yukon,G6X 2L1,Canada,391388828,James@day.com
Mason,Miller,481,Adelaide Avenue,Fredericton,Nova Scotia,J9T 3H4,Canada,131520341,Mason@lot.com
"",Thomas,257,Chain Rock Drive,Newmarket,Nunavut,E4M 2G2,Canada,819263185,null@school.com
Ethan,Thomas,348,Anchor Drive,Saint John,British Columbia,J1S 0R4,Canada,764271752,Ethan@number.com
"",Johnson,87,Armdale Rotary,Pickering,Newfoundland and Labrador,B3V 2V1,Canada,868668340,null@lot.com
James,,198,Buffers Lane,North Bay,Nunavut,"V1K 1V0 ",Canada,393669044,James@time.com
Jacob,Anderson,232,Bedford Windsor Ramp,Surrey,,,Canada,606658334,Jacob@Mr.com
Jacob,Davis,49,Bromley Road,Regina,Northwest Territories,N4N 0B9,Canada,1373709608,Jacob@case.com
Mason,Johnson,244,Alumni Crescent,Montreal,Northwest Territories,J0N 0Z3,Canada,571532168,Mason@job.com
