First Name,Last Name,Street Number,Street,City,Province,Postal Code,Country,Phone Number,email Address
"",Johnson,452,Artillery Place,Drummondville,Prince Edward Island,L3V 1Y8,Canada,550751817,null@program.com
Jacob,Jones,95,Castine Way,Wood Buffalo,Alberta,J1S 0R4,Canada,156333079,Jacob@thing.com
William,Moore,403,Bethany Way,Richmond,Prince Edward Island,J9T 3H4,Canada,1223774756,William@week.com
"",Wilson,196,Altavista Lane,Saskatoon,Northwest Territories,N5C 2J8,Canada,663570772,null@story.com
Jacob,Thomas,91,Bosun Run,Ajax,,G6X 2L1,Canada,672787526,Jacob@company.com
Ethan,Davis,201,Admirals Way,Airdrie,Nova Scotia,B3V 2V1,Canada,170476420,Ethan@book.com
"",Jones,4,Birkdale Crescent,North Vancouver,Newfoundland and Labrador,E4S 3C4,Canada,413648365,null@system.com
James,Miller,41,Birchfield Crescent,Chilliwack,Nova Scotia,B2E 0X4,Canada,766361339,James@case.com
Liam,Williams,338,Armview Avenue,Surrey,Newfoundland and Labrador,N8A 0B3,Canada,817476510,Liam@question.com
Ethan,Johnson,194,Beech Street,Montreal,Saskatchewan,G3E 2K4,Canada,415868901,Ethan@work.com
"",Moore,401,Albion Road,Port Coquitlam,Nova Scotia,N5C 2J8,Canada,117742771,null@family.com
Alexander,Jackson,426,Buffers Lane,Niagara Falls,Manitoba,V8B 1P6,Canada,155404196,Alexander@eye.com
"",Thomas,303,Ballantrae Lane,North Vancouver,British Columbia,B3V 2V1,Canada,610605055,null@country.com
Mason,Thomas,460,Circle Drive,Surrey,Alberta,G0H 2P3,Canada,954501751,Mason@year.com
Jacob,Moore,381,Chelsea Lane,Markham,Newfoundland and Labrador,K1B 3B2,Canada,572092600,Jacob@state.com
William,Jones,190,Bridges Street,Niagara Falls,Newfoundland and Labrador,J9T 3H4,Canada,435333971,William@month.com
"",Jones,142,Beachstone Drive,St. John's,Manitoba,L9R 0A0,Canada,340132941,null@country.com
Mason,Davis,448,Cabot Place,Norfolk County,Northwest Territories,"L4A 0T3 ",Canada,671641295,Mason@number.com
Jacob,Johnson,145,Bluestone Road,Trois-RiviÃ¨res,Northwest Territories,"B0T 0Y5 ",Canada,273476103,Jacob@study.com
Ethan,,405,Churchill Drive,Saguenay,Prince Edward Island,H0H 3C9,Canada,767924524,Ethan@Mr.com
Ethan,Jones,453,Chartwell Lane,Sherbrooke,Northwest Territories,G3H 0B4,Canada,878548494,Ethan@right.com
Jacob,Johnson,496,Bermuda Avenue,Trois-RiviÃ¨res,Prince Edward Island,E4M 2G2,Canada,631497495,Jacob@thing.com
Liam,Davis,118,Carlina Court,Kitchener,Yukon,L9R 0A0,Canada,940044439,Liam@book.com
Jacob,Williams,35,Armcrescent West Avenue,Fredericton,Northwest Territories,N8A 0B3,Canada,861433128,Jacob@state.com
Alexander,Moore,414,Chipstone Close,Victoria,Saskatchewan,H0H 3C9,Canada,1234579397,Alexander@null
"",Anderson,24,Burns Drive,Waterloo,British Columbia,B3V 2V1,Canada,552850906,null@group.com
Ethan,,321,Bond Street,Kamloops,Nunavut,T1L 2H8,Canada,1327340517,Ethan@woman.com
Jacob,Davis,456,Brodick Lane,Oakville,Northwest Territories,G0H 2P3,Canada,955958895,Jacob@case.com
"",Miller,356,Bromley Road,Surrey,Alberta,V8B 1P6,Canada,199865172,null@mother.com
William,Williams,291,Arlington Avenue,Windsor,Northwest Territories,J1S 0R4,Canada,492815585,William@life.com
"",Thomas,14,Albion Road,Waterloo,Prince Edward Island,"B0T 0Y5 ",Canada,1369807626,null@day.com
Jacob,,85,Chisholm Avenue,Regina,Yukon,G3E 2K4,Canada,732418685,Jacob@hand.com
Ethan,Anderson,242,Bilby Street,Richmond Hill,Prince Edward Island,L0N 3J2,Canada,1361989484,Ethan@mother.com
Ethan,Jackson,499,Chadwick Place,Regina,Manitoba,"L4A 0T3 ",Canada,187021504,Ethan@number.com
Alexander,,448,Bayview Road,Fredericton,Manitoba,J1S 0R4,Canada,1344294689,Alexander@fact.com
"",Jones,52,Armoury Place,Montreal,Northwest Territories,J9T 3H4,Canada,1028221325,null@state.com
Mason,Williams,416,Cascade Drive,Airdrie,Northwest Territories,J9P 1C6,Canada,1242581747,Mason@room.com
"",,78,Alm-a Ramp,Red Deer,Newfoundland and Labrador,K1B 3B2,Canada,115490395,null@student.com
Mason,Jones,411,Battery Drive,Thunder Bay,,J0J 3V6,Canada,730748287,Mason@mother.com
