First Name,Last Name,Street Number,Street,City,Province,Postal Code,Country,Phone Number,email Address
Alexander,Jackson,464,Clearview Street,Niagara Falls,Northwest Territories,J9P 1C6,Canada,542770821,Alexander@world.com
James,Johnson,36,Bright Street,Saint-Hyacinthe,Prince Edward Island,B3V 2V1,Canada,346434039,James@company.com
William,Brown,144,Buddy Daye Street,Airdrie,Newfoundland and Labrador,"V1K 1V0 ",Canada,788216681,William@word.com
Alexander,,362,Chelton Woods Lane,Longueuil,Prince Edward Island,E7E 3T7,Canada,978174890,Alexander@Mr.com
Jacob,Moore,376,Bronson Avenue,Abbotsford,Saskatchewan,T1L 2H8,Canada,151840390,Jacob@government.com
William,Johnson,410,Bluestone Road,Ajax,Newfoundland and Labrador,H3J 3P2,Canada,610342665,William@case.com
Liam,Anderson,174,Almon Street,Laval,New Brunswick,G3E 2K4,Canada,1270391036,Liam@system.com
James,Jackson,498,Campbell Drive,Aurora,Nova Scotia,L0N 3J2,Canada,1335908322,James@government.com
Ethan,Jackson,187,Admirals Way,Saint-Hyacinthe,New Brunswick,H9S 1R4,Canada,563847542,Ethan@story.com
"",Anderson,433,Catamaran Road,Niagara Falls,Nova Scotia,G6X 2L1,Canada,381767729,null@family.com
"",Brown,275,Catamaran Road,Moncton,Nova Scotia,G3H 0B4,Canada,603003638,null@job.com
James,Jackson,369,Bright Street,North Bay,Alberta,"V1K 1V0 ",Canada,695277915,James@family.com
"",Brown,263,Central Avenue,Lethbridge,Prince Edward Island,H3J 3P2,Canada,693532856,null@company.com
James,Thomas,435,Bedros Lane,Welland,British Columbia,"B0T 0Y5 ",Canada,1249587449,James@Mr.com
James,Jackson,226,Arnold Drive,Caledon,Prince Edward Island,H3J 3P2,Canada,1364656711,James@place.com
Ethan,Williams,152,Bayne Street,Niagara Falls,New Brunswick,J1S 0R4,Canada,1331283293,Ethan@eye.com
Alexander,Miller,478,Charlton Avenue,Fredericton,New Brunswick,G6X 2L1,Canada,1232173053,Alexander@story.com
Ethan,Miller,200,Chelsea Lane,Burnaby,Prince Edward Island,L9R 0A0,Canada,784425513,Ethan@part.com
Ethan,Davis,132,Bedford Windsor Ramp,Whitby,New Brunswick,L9R 0A0,Canada,369635647,Ethan@week.com
Alexander,Jackson,93,Albert Walker Drive,Laval,Nunavut,"V1K 1V0 ",Canada,502005420,Alexander@company.com
Jacob,Williams,140,Birkdale Crescent,Winnipeg,Nunavut,,Canada,206345656,Jacob@school.com
Alexander,Taylor,82,Armstrong Court,Montreal,Northwest Territories,"B0T 0Y5 ",Canada,1223128941,Alexander@work.com
James,Thomas,79,Allan Street,Montreal,Nunavut,N4N 0B9,Canada,1026693346,James@number.com
William,Miller,201,Alderwood Drive,St. John's,Yukon,V8C 0S2,Canada,320648979,William@government.com
"",,236,Ascot Avenue,Richmond,New Brunswick,E4M 2G2,Canada,633150495,null@day.com
Jacob,Moore,57,Bloomfield Street,Coquitlam,British Columbia,E4M 2G2,Canada,230700198,Jacob@child.com
Ethan,Johnson,240,Churchill Drive,Aurora,,H0H 3C9,Canada,162489085,Ethan@study.com
Mason,Thomas,350,Alex Street,Guelph,British Columbia,L4A 0T0,Canada,1328949387,Mason@week.com
Alexander,Johnson,396,Clayton Park Drive,Barrie,Quebec,G6X 2L1,Canada,288750835,Alexander@part.com
Mason,,219,Caitland Court,Winnipeg,Saskatchewan,"V1K 1V0 ",Canada,1348383316,Mason@point.com
Alexander,Anderson,25,"Alm-../../view.php?place=Alm-# Ramp, Halifax, ns, CANADA Ramp",Guelph,Nunavut,N4N 0B9,Canada,906526638,Alexander@country.com
Ethan,Thomas,73,Central Avenue,Belleville,Nova Scotia,J9P 1C6,Canada,678924820,Ethan@man.com
Jacob,Jones,156,Birch Street,Caledon,,J0J 3V6,Canada,770759381,Jacob@mother.com
Mason,Taylor,218,Botany Terrace,Regina,Prince Edward Island,J1S 0R4,Canada,925374689,Mason@company.com
Mason,Miller,165,Annandale Street,Halton Hills,Manitoba,E4S 3C4,Canada,179070648,Mason@work.com
Jacob,Johnson,376,Boulderwood Road,Richmond,Saskatchewan,"V1K 1V0 ",Canada,745025666,Jacob@group.com
"",Jones,322,Caxton Close,Caledon,Prince Edward Island,E5V 3X5,Canada,1377926263,null@time.com
"",Wilson,390,Bently Drive,Saint-JÃ©rÃ´me,Nova Scotia,N4N 0B9,Canada,255342064,null@Mr.com
