First Name,Last Name,Street Number,Street,City,Province,Postal Code,Country,Phone Number,email Address
Jacob,Taylor,405,Bloomingdale Terrace,Burnaby,New Brunswick,H3J 3P2,Canada,315721918,Jacob@month.com
Alexander,Davis,36,Cartaret Street,Coquitlam,Prince Edward Island,"V1K 1V0 ",Canada,780249560,Alexander@company.com
Alexander,Williams,321,Avon Crescent,Mississauga,Newfoundland and Labrador,H3J 3P2,Canada,1326799907,Alexander@man.com
William,Moore,326,Cairnwell Close,LÃ©vis,New Brunswick,G3H 0B4,Canada,1075317269,William@right.com
"",Jackson,139,Bower Road,Peterborough,Nunavut,"V1K 1V0 ",Canada,758460295,null@story.com
Liam,Taylor,366,Cabot Place,Lethbridge,Prince Edward Island,N8A 0B3,Canada,251949407,Liam@way.com
James,Johnson,325,Bridget Avenue,Richmond,Northwest Territories,T1L 2H8,Canada,559403946,James@hand.com
Liam,,273,Black Street,Maple Ridge,Prince Edward Island,V8B 1P6,Canada,102054923,Liam@money.com
Mason,Jones,212,Boscobel Road,Sherbrooke,British Columbia,E4M 2G2,Canada,435914902,Mason@group.com
Mason,,432,Chain Rock Drive,Prince George,Manitoba,N8H 2H6,Canada,1010815078,Mason@company.com
Alexander,Moore,285,Carrington Place,Waterloo,Nova Scotia,L3V 1Y8,Canada,823293065,Alexander@night.com
Alexander,Jones,5,Belmont On The Arm,Terrebonne,Northwest Territories,"L4A 0T3 ",Canada,1378560346,Alexander@money.com
Liam,Davis,347,Bloomingdale Terrace,St. Catharines,Alberta,J0J 3V6,Canada,935447814,Liam@point.com
Mason,Anderson,2,Blowers Street,Caledon,Saskatchewan,V8C 0S2,Canada,442158984,Mason@group.com
Alexander,Anderson,128,Bedford Highway,Surrey,Yukon,V8C 0S2,Canada,338715869,Alexander@Mr.com
Jacob,Taylor,354,Beech Street,Vaughan,Nova Scotia,J9T 3H4,Canada,744748359,Jacob@work.com
Jacob,Thomas,319,Birchwood Drive,Abbotsford,Northwest Territories,G0H 2P3,Canada,1007246486,Jacob@work.com
Ethan,Taylor,340,Bedford Row,Kelowna,Alberta,L4A 0T0,Canada,691387020,Ethan@man.com
James,Moore,482,Cabot Place,Markham,Prince Edward Island,V8B 1P6,Canada,1336874338,James@business.com
Ethan,Jackson,246,Cascade Drive,Saint-Jean-sur-Richelieu,Manitoba,J9P 1C6,Canada,138095432,Ethan@country.com
"",Miller,387,Atlantic Street,Winnipeg,Nunavut,G3E 2K4,Canada,984736903,null@year.com
Liam,Wilson,318,Abrams Way,Sault Ste. Marie,Alberta,N4N 0B9,Canada,1276039832,Liam@home.com
"",Anderson,142,Bayne Street,Maple Ridge,Nunavut,K1B 3B2,Canada,141525606,null@business.com
Mason,,225,Aurora Avenue,Saint John,,E5V 3X5,Canada,859435678,Mason@right.com
"",Thomas,53,Cardiff Place,Medicine Hat,,B2E 0X4,Canada,1126156938,null@school.com
Alexander,Jackson,382,Andrew Street,Milton,Prince Edward Island,J0J 3V6,Canada,1248255686,Alexander@company.com
Ethan,Thomas,107,Cherry Street,Cape Breton,Manitoba,K1B 3B2,Canada,1344372366,Ethan@night.com
James,Johnson,442,Bloomingdale Terrace,Cape Breton,Northwest Territories,L4A 0T0,Canada,1009887681,James@child.com
Liam,Williams,269,Albert Street,Chilliwack,Alberta,J0J 3V6,Canada,875218371,Liam@right.com
"",Brown,372,Ash Lake Court,Fredericton,British Columbia,H3J 3P2,Canada,1055138896,null@hand.com
Alexander,Brown,56,Armcrescent West Avenue,St. John's,Northwest Territories,"V1K 1V0 ",Canada,748116387,Alexander@world.com
William,Johnson,279,Broadholme Lane,Burnaby,,V8C 0S2,Canada,637297986,William@month.com
Jacob,,315,Bethany Way,Oakville,Nunavut,J0J 3V6,Canada,678080871,Jacob@study.com
William,Jackson,393,Cloverdale Road,Granby,Northwest Territories,J1S 0R4,Canada,937473987,William@day.com
Liam,,113,Chebucto Lane,Drummondville,Saskatchewan,E7E 3T7,Canada,800212565,Liam@part.com
William,Jones,320,Berts Drive,Granby,Northwest Territories,H9S 1R4,Canada,797649545,William@night.com
James,Johnson,265,Chisholm Avenue,Port Coquitlam,Nunavut,L4A 0T0,Canada,1133700281,James@way.com
William,Davis,69,Blue Jay Street,Airdrie,Prince Edward Island,G3E 2K4,Canada,1116751619,William@question.com
"",Williams,308,Charles Street,Mississauga,Northwest Territories,N8H 2H6,Canada,1399078652,null@point.com
James,Taylor,148,Caxton Close,LÃ©vis,Prince Edward Island,N8A 0B3,Canada,784540363,James@work.com
Liam,Williams,184,Cherry Street,London,Northwest Territories,J1S 0R4,Canada,1254817132,Liam@point.com
"",,263,Barrington Street,Blainville,Prince Edward Island,N4N 0B9,Canada,116003633,null@day.com
