First Name,Last Name,Street Number,Street,City,Province,Postal Code,Country,Phone Number,email Address
Alexander,Jackson,221,Apollo Court,Mississauga,Newfoundland and Labrador,N8A 0B3,Canada,196682428,Alexander@day.com
Alexander,Wilson,59,Blowers Street,Guelph,British Columbia,T1L 2H8,Canada,755047012,Alexander@government.com
Alexander,Anderson,339,Abrams Way,North Bay,Nunavut,E4M 2G2,Canada,827481076,Alexander@money.com
"",Moore,305,Bell Road,St. Albert,Newfoundland and Labrador,T1L 2H8,Canada,373703488,null@mother.com
Mason,Johnson,170,Barclay Avenue,Richmond Hill,,H0H 3C9,Canada,1250638013,Mason@world.com
William,Davis,339,Armoury Place,St. Albert,Nunavut,T1L 2H8,Canada,655262773,William@family.com
James,Wilson,419,Cabot Back Lane,Chatham-Kent,Northwest Territories,J9T 3H4,Canada,1273405425,James@world.com
"",Miller,390,Bonaventure Drive,Saskatoon,Northwest Territories,K1B 3B2,Canada,178884101,null@right.com
Jacob,Taylor,355,Almon Street,St. Catharines,Saskatchewan,H9S 1R4,Canada,727611469,Jacob@study.com
Jacob,Jackson,271,Bilby Street,Kamloops,Nova Scotia,B3V 2V1,Canada,283758153,Jacob@student.com
Jacob,Thomas,249,Alm-b Ramp,Belleville,Northwest Territories,H0H 3C9,Canada,146728251,Jacob@year.com
"",Davis,81,Clovis Avenue,Milton,Newfoundland and Labrador,G6X 2L1,Canada,956791546,null@money.com
Alexander,Wilson,476,Aikenhead Road,Saanich,Nova Scotia,V8B 1P6,Canada,1070645231,Alexander@time.com
James,,276,Bristol Place,Burnaby,Nunavut,"V1K 1V0 ",Canada,475282947,James@night.com
James,Johnson,169,Chocolate Lake Road,Oakville,Manitoba,J1S 0R4,Canada,536178863,James@year.com
Jacob,Taylor,311,Amberwood Court,Milton,Nunavut,E4S 3C4,Canada,111920488,Jacob@null
"",Miller,220,Brigadier Court,Whitby,Nova Scotia,B2E 0X4,Canada,357727701,null@right.com
Liam,Anderson,301,Chebucto Lane,Burlington,Prince Edward Island,V8B 1P6,Canada,484067078,Liam@lot.com
William,Davis,276,Battery 18th Road,Richmond,Alberta,L4A 0T0,Canada,167296680,William@part.com
Mason,Thomas,218,Ashdale Avenue,Ottawa,Nunavut,V8B 1P6,Canada,555054286,Mason@job.com
Mason,Taylor,356,Aldergrove Drive,Victoria,Alberta,"L4A 0T3 ",Canada,190996039,Mason@mother.com
James,Brown,42,Bermuda Avenue,Trois-RiviÃ¨res,Northwest Territories,L3V 1Y8,Canada,346930173,James@time.com
Alexander,Moore,68,Clovis Avenue,Aurora,Nova Scotia,N5C 2J8,Canada,681187013,Alexander@question.com
William,Moore,210,Birmingham Street,Regina,Quebec,H9S 1R4,Canada,944979077,William@point.com
Ethan,Brown,365,Acorn Road,Brossard,Prince Edward Island,J0N 0Z3,Canada,237906099,Ethan@work.com
"",Moore,398,Albemarle Street,Halton Hills,New Brunswick,E4S 3C4,Canada,599469334,null@money.com
James,Jackson,285,Bluestone Road,Barrie,Prince Edward Island,"L4A 0T3 ",Canada,266920080,James@fact.com
Ethan,Jones,353,Bedford Windsor Ramp,Ajax,Quebec,G3E 2K4,Canada,856000117,Ethan@number.com
William,Wilson,305,,Saint-Hyacinthe,Prince Edward Island,J1S 0R4,Canada,1172376950,William@place.com
Jacob,Wilson,276,Ashton Lane,Saint-Hyacinthe,Northwest Territories,G6X 2L1,Canada,1022247960,Jacob@water.com
Mason,Anderson,389,Birmingham Street,Kitchener,Nunavut,L3V 1Y8,Canada,1035477459,Mason@day.com
William,Miller,45,Bilby Street,Prince George,Prince Edward Island,G3E 2K4,Canada,934398623,William@eye.com
Jacob,Jones,305,Caitland Court,Terrebonne,Manitoba,H9S 1R4,Canada,351795562,Jacob@eye.com
Liam,Miller,53,Bliss Street,Fredericton,Prince Edward Island,L4A 0T0,Canada,786280809,Liam@work.com
Jacob,Jones,248,Ardwell Avenue,,New Brunswick,H3J 3P2,Canada,561805876,Jacob@work.com
William,Jones,436,Bayne Street,Brossard,Nunavut,N5C 2J8,Canada,139585665,William@family.com
