First Name,Last Name,Street Number,Street,City,Province,Postal Code,Country,Phone Number,email Address
Alexander,Jones,94,Africville Road,Strathcona County,Nunavut,"V1K 1V0 ",Canada,663598925,Alexander@eye.com
William,Jackson,96,Admirals Way,Hamilton,Saskatchewan,G6X 2L1,Canada,1118070837,William@question.com
James,Moore,411,Anchor Drive,Granby,Alberta,N4N 0B9,Canada,909047859,James@time.com
"",Jackson,333,Circle Drive,Richmond Hill,,J9P 1C6,Canada,1376199155,null@family.com
William,Jones,358,Balmoral Road,Laval,Quebec,B2E 0X4,Canada,349424515,William@null
William,Anderson,180,Archibald Avenue,Terrebonne,Prince Edward Island,J9P 1C6,Canada,416557161,William@business.com
Ethan,Wilson,475,Camelot Lane,Norfolk County,Nunavut,E5V 3X5,Canada,259319714,Ethan@group.com
Alexander,,419,Brighton Avenue,St. John's,Manitoba,H3J 3P2,Canada,907173349,Alexander@problem.com
Alexander,Jackson,287,Chocolate Lake Road,Victoria,Nova Scotia,J0N 0Z3,Canada,435439115,Alexander@point.com
