First Name,Last Name,Street Number,Street,City,Province,Postal Code,Country,Phone Number,email Address
William,Brown,225,Annandale Street,Burnaby,Nunavut,T1L 2H8,Canada,1306985409,William@school.com
"",Jackson,149,Bridges Street,Red Deer,British Columbia,T1L 2H8,Canada,1175454183,null@case.com
"",Jones,341,Bellevue Avenue,,Manitoba,"V1K 1V0 ",Canada,784763367,null@place.com
Ethan,Thomas,227,Chain Rock Drive,Mississauga,Yukon,J0J 3V6,Canada,508634053,Ethan@woman.com
James,Davis,149,,Brossard,Yukon,L9R 0A0,Canada,1028734414,James@study.com
"",Moore,101,Ashdale Avenue,Waterloo,New Brunswick,E7E 3T7,Canada,1168817063,null@family.com
