First Name,Last Name,Street Number,Street,City,Province,Postal Code,Country,Phone Number,email Address
Jacob,Moore,245,Bakers Drive,Abbotsford,Prince Edward Island,J0J 3V6,Canada,239563667,Jacob@fact.com
James,Thomas,87,Ashton Lane,Moncton,Nova Scotia,G3H 0B4,Canada,881168014,James@life.com
Jacob,Thomas,16,Chester Avenue,Saanich,Quebec,H3J 3P2,Canada,1379857290,Jacob@Mr.com
Alexander,Williams,20,Cloverdale Road,Oshawa,Quebec,N5C 2J8,Canada,471070020,Alexander@point.com
James,Williams,209,Amirault Court,St. Catharines,Nunavut,N8H 2H6,Canada,1157783015,James@country.com
Alexander,Moore,346,Abrams Way,Saskatoon,Prince Edward Island,E4M 2G2,Canada,1367988416,Alexander@right.com
Mason,Jones,412,Clinton Avenue,Airdrie,,"B0T 0Y5 ",Canada,1318071024,Mason@part.com
Jacob,Jackson,240,Central Avenue,Brossard,Prince Edward Island,"L4A 0T3 ",Canada,442255263,Jacob@state.com
"",Williams,162,Bluestone Road,London,Manitoba,H9S 1R4,Canada,647906106,null@people.com
James,Wilson,254,Armview Avenue,Kamloops,Newfoundland and Labrador,B3V 2V1,Canada,793257750,James@work.com
Jacob,Jackson,383,Bilton Lane,Ottawa,Prince Edward Island,,Canada,136670026,Jacob@people.com
James,Anderson,466,Buddy Daye Street,St. Catharines,Yukon,J9T 3H4,Canada,637343317,James@program.com
Ethan,Davis,432,Alm-d Ramp,Vaughan,Alberta,J9T 3H4,Canada,1275394421,Ethan@home.com
William,Davis,398,Brunswick Street,Strathcona County,Northwest Territories,E4M 2G2,Canada,1051415247,William@woman.com
Ethan,Jones,103,Black Street,Saint-Hyacinthe,Saskatchewan,G6X 2L1,Canada,550353046,Ethan@mother.com
Liam,Anderson,185,Cascade Drive,Red Deer,Quebec,"B0T 0Y5 ",Canada,1272658428,Liam@system.com
"",Moore,180,Cascade Drive,Welland,Yukon,J0N 0Z3,Canada,411015403,null@room.com
Mason,Miller,343,Armcrescent East Drive,Longueuil,Northwest Territories,N8A 0B3,Canada,641758155,Mason@story.com
Mason,Jackson,494,Carnation Crescent,Burnaby,Yukon,"V1K 1V0 ",Canada,447890580,Mason@way.com
