First Name,Last Name,Street Number,Street,City,Province,Postal Code,Country,Phone Number,email Address
William,Davis,140,Alm-c Ramp,Niagara Falls,,G6X 2L1,Canada,1180413121,William@man.com
Mason,Moore,477,Albemarle Street,Mississauga,Nunavut,E4S 3C4,Canada,1037402352,Mason@program.com
Ethan,Thomas,416,Beech Street,Coquitlam,Alberta,N8H 2H6,Canada,267988311,Ethan@system.com
Ethan,Johnson,140,Blue Thistle Road,Saanich,Prince Edward Island,N8H 2H6,Canada,587856619,Ethan@man.com
William,Miller,14,Campbell Drive,LÃ©vis,Nova Scotia,E5V 3X5,Canada,1304122804,William@state.com
William,Miller,242,Chelsea Lane,Pickering,Northwest Territories,B2E 0X4,Canada,757457142,William@government.com
Jacob,Miller,391,Armoury Place,Drummondville,,E5V 3X5,Canada,377100806,Jacob@case.com
Jacob,Jackson,113,Canary Crescent,Ottawa,New Brunswick,E7E 3T7,Canada,886852069,Jacob@case.com
Alexander,Thomas,424,Brycedale Lane,Blainville,Manitoba,B3V 2V1,Canada,1161662667,Alexander@family.com
"",Anderson,80,Bridgeview Drive,Sarnia,Alberta,V8B 1P6,Canada,534845507,null@story.com
"",Moore,355,Benalder Lane,Fredericton,Northwest Territories,K1B 3B2,Canada,374632751,null@business.com
Jacob,Anderson,441,Berlin Street,North Vancouver,Northwest Territories,B2E 0X4,Canada,358441467,Jacob@study.com
Alexander,Johnson,211,Autumn Drive,Whitby,Northwest Territories,"L4A 0T3 ",Canada,1086445521,Alexander@business.com
"",Davis,45,Armstrong Court,Blainville,Quebec,J1S 0R4,Canada,887761818,null@study.com
Jacob,Taylor,152,Bridget Avenue,Belleville,Nunavut,T1L 2H8,Canada,673264378,Jacob@Mr.com
Mason,Wilson,294,Andrew Street,Pickering,Prince Edward Island,L0N 3J2,Canada,1136703840,Mason@student.com
"",Anderson,411,Birch Cove Lane,Gatineau,British Columbia,N8A 0B3,Canada,162759867,null@case.com
William,Williams,184,Cloverdale Road,St. Catharines,Nova Scotia,H0H 3C9,Canada,1258535089,William@company.com
Ethan,,306,Bakers Drive,Kawartha Lakes,Manitoba,G3H 0B4,Canada,1013410165,Ethan@Mr.com
Ethan,Wilson,398,Berlin Street,Cape Breton,Nova Scotia,N5C 2J8,Canada,364182453,Ethan@people.com
Ethan,Taylor,339,Bald Eagle Place,Welland,Prince Edward Island,E5V 3X5,Canada,888890645,Ethan@year.com
James,Williams,395,Carrington Place,Brossard,New Brunswick,H9S 1R4,Canada,1052338177,James@year.com
"",Wilson,52,Argyle Street,Richmond Hill,Prince Edward Island,N5C 2J8,Canada,585118308,null@company.com
Alexander,Williams,88,Caxton Close,Burlington,Nunavut,E7E 3T7,Canada,1369304607,Alexander@month.com
James,Davis,403,Arlington Avenue,Granby,Nova Scotia,"B0T 0Y5 ",Canada,204958109,James@man.com
Liam,Jones,85,Aurora Avenue,Saskatoon,New Brunswick,V8C 0S2,Canada,178091879,Liam@child.com
Mason,Anderson,409,Carlina Court,Langley,Prince Edward Island,G6X 2L1,Canada,247049109,Mason@question.com
Alexander,Thomas,104,Chessvale Close,Norfolk County,British Columbia,"V1K 1V0 ",Canada,985997940,Alexander@life.com
William,,359,Carroll Lane,Vaughan,Alberta,N8A 0B3,Canada,646350229,William@year.com
Ethan,Taylor,310,Bryden Avenue,Thunder Bay,Northwest Territories,J9T 3H4,Canada,812699978,Ethan@child.com
Ethan,Taylor,205,Barrington Street,Longueuil,Nova Scotia,N4N 0B9,Canada,990494432,Ethan@student.com
"",Davis,461,Bakers Drive,Milton,Alberta,E4M 2G2,Canada,391970329,null@problem.com
