First Name,Last Name,Street Number,Street,City,Province,Postal Code,Country,Phone Number,email Address
William,Thomas,247,Alm-d Ramp,St. Catharines,Northwest Territories,J1S 0R4,Canada,1317051981,William@state.com
Ethan,Jackson,465,Albert Place,Cape Breton,Alberta,H3J 3P2,Canada,791612053,Ethan@place.com
Ethan,Moore,273,Caxton Close,Prince George,Nunavut,N5C 2J8,Canada,1362079690,Ethan@word.com
Ethan,Anderson,441,Amirault Court,Markham,Prince Edward Island,N4N 0B9,Canada,940006308,Ethan@night.com
Jacob,Wilson,452,Bosun Run,Calgary,Nunavut,G3H 0B4,Canada,745599195,Jacob@case.com
Alexander,Thomas,230,Aster Court,Wood Buffalo,British Columbia,K1B 3B2,Canada,1068435555,Alexander@work.com
Alexander,Brown,389,Bloomingdale Terrace,Drummondville,Quebec,E5V 3X5,Canada,839683663,Alexander@week.com
William,Jackson,83,Chipstone Close,Airdrie,Nova Scotia,E5V 3X5,Canada,596503265,William@world.com
William,,86,Bluestone Road,Richmond Hill,Alberta,"V1K 1V0 ",Canada,704171049,William@government.com
Mason,Moore,438,Birkdale Crescent,Windsor,Nunavut,K1B 3B2,Canada,596624626,Mason@book.com
Jacob,Moore,47,Berkshire Close,Cambridge,Nova Scotia,V8C 0S2,Canada,1076541547,Jacob@week.com
Alexander,Davis,401,Beachstone Drive,Grande Prairie,Yukon,H9S 1R4,Canada,465098382,Alexander@time.com
Alexander,Moore,484,Bison Crescent,Kingston,Nova Scotia,N4N 0B9,Canada,1034581286,Alexander@case.com
Alexander,Miller,189,Arnold Drive,Sarnia,Northwest Territories,K1B 3B2,Canada,349115258,Alexander@word.com
"",Taylor,160,Canterbury Close,Airdrie,Prince Edward Island,K1B 3B2,Canada,865263165,null@government.com
"",Davis,427,Bayne Street,Brossard,Saskatchewan,G3E 2K4,Canada,1202270710,null@night.com
James,Thomas,470,Clearview Street,Red Deer,Alberta,"V1K 1V0 ",Canada,615960549,James@case.com
William,Johnson,494,Carriageway Crescent,Welland,Nunavut,H3J 3P2,Canada,470316238,William@lot.com
"",Jones,470,Bently Drive,Gatineau,Nunavut,N5C 2J8,Canada,967131405,null@job.com
Jacob,Moore,194,Barrington Street,Saint John,Saskatchewan,J9T 3H4,Canada,686334065,Jacob@eye.com
Alexander,Jackson,116,Claremont Street,Sault Ste. Marie,Yukon,J0N 0Z3,Canada,622283297,Alexander@home.com
James,Miller,424,Clayder Lane,Caledon,Prince Edward Island,"L4A 0T3 ",Canada,592898719,James@number.com
"",Anderson,362,Bromley Road,North Vancouver,Saskatchewan,E4M 2G2,Canada,1253831659,null@thing.com
Jacob,Miller,110,Chadwick Place,St. Catharines,Nunavut,H0H 3C9,Canada,241643512,Jacob@place.com
Ethan,Jones,292,Brewer Court,Saint-JÃ©rÃ´me,Quebec,"V1K 1V0 ",Canada,125129714,Ethan@eye.com
