First Name,Last Name,Street Number,Street,City,Province,Postal Code,Country,Phone Number,email Address
Liam,Anderson,62,Church Street,Saskatoon,British Columbia,K1B 3B2,Canada,576960569,Liam@world.com
Alexander,,248,Chelton Woods Lane,Saint-Jean-sur-Richelieu,Quebec,N5C 2J8,Canada,320018215,Alexander@system.com
Ethan,Jackson,258,Argyle Street,Aurora,Northwest Territories,"B0T 0Y5 ",Canada,630435082,Ethan@night.com
James,Jones,197,Bridget Avenue,Sault Ste. Marie,Northwest Territories,"B0T 0Y5 ",Canada,989261342,James@question.com
Alexander,Thomas,135,Bloomfield Street,North Vancouver,Northwest Territories,H9S 1R4,Canada,910883176,Alexander@room.com
"",Wilson,313,Belmont On The Arm,Sault Ste. Marie,Saskatchewan,H0H 3C9,Canada,633191594,null@story.com
William,Williams,481,Berts Drive,Prince George,Newfoundland and Labrador,J0N 0Z3,Canada,719366997,William@Mr.com
Ethan,,334,Belmont Road,Vancouver,New Brunswick,V8C 0S2,Canada,355197196,Ethan@book.com
Alexander,Brown,17,Ballantrae Lane,Aurora,Northwest Territories,E4M 2G2,Canada,780183294,Alexander@time.com
Ethan,Thomas,187,Bloomingdale Terrace,Newmarket,Northwest Territories,H0H 3C9,Canada,539402021,Ethan@country.com
Ethan,Jackson,231,Bayne Street,Richmond,Manitoba,G3E 2K4,Canada,771299465,Ethan@money.com
William,Anderson,13,Cedarbrae Lane,Sarnia,Nunavut,J0N 0Z3,Canada,1179746413,William@water.com
Jacob,Taylor,43,Bedros Lane,Waterloo,Nunavut,L4A 0T0,Canada,982691230,Jacob@student.com
Liam,Wilson,32,Barrington Street,Drummondville,Prince Edward Island,L4A 0T0,Canada,303789558,Liam@word.com
Liam,Taylor,191,Banbury Close,Caledon,Northwest Territories,N8H 2H6,Canada,724052650,Liam@state.com
Jacob,Johnson,182,Apollo Court,Greater Sudbury,Prince Edward Island,G3H 0B4,Canada,1118560817,Jacob@question.com
James,Williams,122,Charles Street,Edmonton,Northwest Territories,G3E 2K4,Canada,1190317995,James@job.com
"",Davis,46,"Alm-../../view.php?place=Alm-# Ramp, Halifax, ns, CANADA Ramp",Chatham-Kent,Northwest Territories,V8B 1P6,Canada,402335676,null@woman.com
Jacob,Taylor,158,Brussels Street,Pickering,Alberta,T1L 2H8,Canada,1359899492,Jacob@room.com
Mason,Jones,186,Bliss Street,Nanaimo,Saskatchewan,J9P 1C6,Canada,832399547,Mason@way.com
"",Williams,342,Beaufort Avenue,Kamloops,Northwest Territories,N4N 0B9,Canada,472688825,null@thing.com
Jacob,Johnson,290,Beaufort Avenue,Calgary,Prince Edward Island,N5C 2J8,Canada,1194714980,Jacob@group.com
James,Brown,328,Clayton Park Drive,Pickering,Northwest Territories,N8H 2H6,Canada,299762177,James@group.com
"",Williams,299,Birkdale Crescent,Moncton,Quebec,G3H 0B4,Canada,117026911,null@room.com
James,,33,Armview Avenue,Blainville,Northwest Territories,G3H 0B4,Canada,605895927,James@business.com
Liam,Jackson,130,Bridgeview Drive,Airdrie,Newfoundland and Labrador,,Canada,1139529096,Liam@group.com
Jacob,Jones,461,Arvida Avenue,Saskatoon,New Brunswick,H9S 1R4,Canada,376471887,Jacob@world.com
"",Williams,333,Albert Street,Clarington,Newfoundland and Labrador,"V1K 1V0 ",Canada,552587683,null@point.com
"",Anderson,221,Bryden Avenue,St. Catharines,Alberta,G6X 2L1,Canada,738701542,null@mother.com
William,Johnson,20,Blue Jay Street,Belleville,Nova Scotia,J0N 0Z3,Canada,106759332,William@book.com
Ethan,Davis,130,Carrington Place,Saanich,New Brunswick,B3V 2V1,Canada,170280435,Ethan@child.com
"",Miller,332,Blue Jay Street,Laval,Prince Edward Island,"B0T 0Y5 ",Canada,767173009,null@thing.com
James,Jackson,117,Armview Avenue,Halton Hills,Newfoundland and Labrador,L4A 0T0,Canada,946954192,James@thing.com
"",Anderson,372,Brenton Place,Drummondville,Northwest Territories,H0H 3C9,Canada,532610206,null@home.com
James,Anderson,300,Balwearie Lane,Surrey,British Columbia,N8A 0B3,Canada,832545038,James@mother.com
