First Name,Last Name,Street Number,Street,City,Province,Postal Code,Country,Phone Number,email Address
William,,454,Chestnut Street,Lethbridge,Saskatchewan,N8A 0B3,Canada,1011874388,William@story.com
Ethan,Thomas,212,Caxton Close,Gatineau,Newfoundland and Labrador,E7E 3T7,Canada,785883778,Ethan@system.com
Ethan,Taylor,378,Alumni Crescent,Saint-JÃ©rÃ´me,Nunavut,B2E 0X4,Canada,299046149,Ethan@money.com
James,Taylor,233,Churchill Drive,Saint John,Nunavut,B2E 0X4,Canada,532199288,James@state.com
Ethan,Jackson,108,Alm-b Ramp,Kitchener,Nova Scotia,L0N 3J2,Canada,998028851,Ethan@mother.com
Alexander,Brown,281,Black Street,Brantford,Manitoba,L9R 0A0,Canada,359549799,Alexander@people.com
Liam,Jackson,321,Cherry Street,Ottawa,Quebec,G3E 2K4,Canada,849331807,Liam@word.com
William,Davis,150,Briar Place,Brantford,Prince Edward Island,H0H 3C9,Canada,742360931,William@group.com
Alexander,Jackson,68,Churchill Drive,Laval,Yukon,E7E 3T7,Canada,637745165,Alexander@book.com
"",Brown,430,Balmoral Road,Airdrie,British Columbia,"L4A 0T3 ",Canada,408926927,null@case.com
Jacob,Johnson,133,Arthur Street,Cape Breton,Nunavut,L0N 3J2,Canada,1101571090,Jacob@state.com
Ethan,Wilson,346,Ashton Lane,Newmarket,Yukon,E4M 2G2,Canada,968056068,Ethan@story.com
Jacob,Moore,48,Admirals Way,Ajax,Prince Edward Island,H0H 3C9,Canada,831965157,Jacob@government.com
Ethan,Miller,66,Bedros Lane,Cape Breton,Alberta,G3H 0B4,Canada,729688484,Ethan@book.com
William,Brown,189,Alm-a Ramp,Delta,Prince Edward Island,N8A 0B3,Canada,498403810,William@question.com
William,Taylor,261,Bobolink Street,Surrey,Northwest Territories,J1S 0R4,Canada,691924105,William@mother.com
Ethan,Taylor,461,Ahern Avenue,Saint John,Alberta,N8H 2H6,Canada,427479019,Ethan@man.com
Ethan,Thomas,378,Basinview Drive,Blainville,Nova Scotia,J0J 3V6,Canada,746710392,Ethan@fact.com
Mason,Davis,282,Autumn Drive,Repentigny,Northwest Territories,H0H 3C9,Canada,183293453,Mason@right.com
"",Thomas,154,Canary Crescent,Blainville,Nova Scotia,K1B 3B2,Canada,759314431,null@case.com
Alexander,Moore,252,Bedford Windsor Ramp,Saint John,Northwest Territories,G6X 2L1,Canada,392776079,Alexander@question.com
Jacob,Jackson,400,"Alm-../../view.php?place=Alm-# Ramp, Halifax, ns, CANADA Ramp",Saskatoon,Nunavut,G0H 2P3,Canada,621674148,Jacob@man.com
Jacob,Thomas,407,Bluestone Road,Sherbrooke,New Brunswick,K1B 3B2,Canada,940961919,Jacob@student.com
Mason,Jones,326,Armview Avenue,Abbotsford,New Brunswick,J9T 3H4,Canada,695320558,Mason@man.com
Ethan,,431,Bromley Road,Moncton,Prince Edward Island,N4N 0B9,Canada,291069764,Ethan@place.com
