First Name,Last Name,Street Number,Street,City,Province,Postal Code,Country,Phone Number,email Address
James,Jones,106,Alton Drive,Drummondville,Alberta,J1S 0R4,Canada,305562623,James@null
"",Miller,181,Birchwood Drive,Waterloo,Prince Edward Island,E5V 3X5,Canada,603072465,null@fact.com
Ethan,Wilson,145,Briar Lane,Saint John,Prince Edward Island,G3E 2K4,Canada,569779646,Ethan@state.com
Mason,Davis,489,Beaufort Avenue,Abbotsford,British Columbia,"V1K 1V0 ",Canada,1179825858,Mason@work.com
"",Brown,416,Berlin Street,Repentigny,Newfoundland and Labrador,J1S 0R4,Canada,1250616061,null@case.com
Mason,Williams,269,Belle Aire Terrace,Waterloo,Northwest Territories,B3V 2V1,Canada,865068332,Mason@way.com
James,Anderson,289,Abbott Drive,Cambridge,Prince Edward Island,J9P 1C6,Canada,1269933265,James@week.com
Mason,Johnson,326,Charles Street,Windsor,Alberta,H3J 3P2,Canada,886211837,Mason@point.com
James,Taylor,455,Camelot Lane,Medicine Hat,Prince Edward Island,"B0T 0Y5 ",Canada,439684162,James@company.com
Liam,Miller,439,Chipstone Close,Calgary,Northwest Territories,V8C 0S2,Canada,1160984219,Liam@government.com
Ethan,,333,Chocolate Lake Road,Laval,Nunavut,H3J 3P2,Canada,515929164,Ethan@day.com
William,Jackson,186,Blowers Street,Clarington,Alberta,L4A 0T0,Canada,1097030622,William@number.com
Ethan,Moore,469,Carrington Place,Brantford,New Brunswick,L0N 3J2,Canada,1378779459,Ethan@state.com
Jacob,Jones,203,Bland Street,Lethbridge,Prince Edward Island,N5C 2J8,Canada,587897350,Jacob@Mr.com
"",Brown,344,Alm-b Ramp,Strathcona County,Prince Edward Island,J9T 3H4,Canada,965208988,null@book.com
William,Davis,347,Birchview Drive,Cape Breton,Nunavut,H9S 1R4,Canada,1032833235,William@job.com
"",Williams,206,Armada Drive,Lethbridge,Manitoba,E7E 3T7,Canada,601035802,null@room.com
"",Miller,295,Castlepark Grove,Saint John,Newfoundland and Labrador,B2E 0X4,Canada,1272570991,null@problem.com
William,Miller,343,Cairnwell Close,Kamloops,Saskatchewan,E4M 2G2,Canada,999727248,William@part.com
"",Williams,423,Annandale Street,Trois-RiviÃ¨res,,L4A 0T0,Canada,596510305,null@case.com
Ethan,Thomas,371,Attenborough Court,Saanich,Prince Edward Island,B2E 0X4,Canada,1032688099,Ethan@work.com
William,Brown,82,Arthur Street,Vaughan,Newfoundland and Labrador,E5V 3X5,Canada,1264100839,William@lot.com
Alexander,Jackson,116,Cabot Back Lane,Mississauga,Northwest Territories,E5V 3X5,Canada,371473922,Alexander@government.com
Alexander,Miller,285,Burgee Run,Saskatoon,British Columbia,J9T 3H4,Canada,1381273431,Alexander@case.com
Ethan,Williams,19,Charlotte Lane,Hamilton,Alberta,V8B 1P6,Canada,716693220,Ethan@problem.com
Alexander,Jones,203,Bald Eagle Place,Coquitlam,Manitoba,L0N 3J2,Canada,520975375,Alexander@problem.com
Ethan,Taylor,393,Caitland Court,Ottawa,Nunavut,L9R 0A0,Canada,231499586,Ethan@system.com
Alexander,Wilson,143,Carriageway Crescent,Richmond,Yukon,J0J 3V6,Canada,1209765560,Alexander@day.com
James,Brown,357,Birch Street,Cape Breton,Nunavut,N8A 0B3,Canada,890692280,James@problem.com
William,,281,Clovis Avenue,St. Catharines,Nova Scotia,"L4A 0T3 ",Canada,580607109,William@Mr.com
Jacob,Johnson,173,Albemarle Street,Prince George,Yukon,J9T 3H4,Canada,155344853,Jacob@lot.com
James,Jones,182,Armcrescent East Drive,London,Alberta,B2E 0X4,Canada,648629924,James@day.com
Ethan,Thomas,101,Armview Terrace,Mirabel,Nunavut,B3V 2V1,Canada,539697184,Ethan@way.com
Jacob,Jackson,235,Ashton Lane,Windsor,Yukon,"B0T 0Y5 ",Canada,511563320,Jacob@fact.com
Alexander,,206,Bell Road,Winnipeg,Newfoundland and Labrador,J9P 1C6,Canada,244996204,Alexander@government.com
William,Brown,167,Ashton Lane,Grande Prairie,British Columbia,L3V 1Y8,Canada,120834460,William@case.com
"",Taylor,381,Cabot Place,Caledon,Prince Edward Island,E5V 3X5,Canada,734878532,null@Mr.com
