First Name,Last Name,Street Number,Street,City,Province,Postal Code,Country,Phone Number,email Address
Ethan,Jackson,21,Alex Street,Moncton,Nunavut,V8B 1P6,Canada,303618118,Ethan@question.com
Liam,Wilson,10,Central Avenue,Prince George,Alberta,J9T 3H4,Canada,112573233,Liam@part.com
"",Taylor,50,Charlotte Lane,Kingston,Newfoundland and Labrador,J9P 1C6,Canada,1119082725,null@people.com
"",Davis,451,Camelot Lane,Victoria,Yukon,G3H 0B4,Canada,1401164389,null@Mr.com
Alexander,Anderson,138,Banbury Close,Coquitlam,Yukon,J0N 0Z3,Canada,796116070,Alexander@way.com
Alexander,Anderson,205,Adelaide Avenue,Mississauga,Northwest Territories,N8A 0B3,Canada,1172609394,Alexander@day.com
Alexander,Jones,146,Battery Drive,Chatham-Kent,New Brunswick,,Canada,245944548,Alexander@problem.com
Mason,Jackson,11,Boscobel Road,Halton Hills,Nunavut,L9R 0A0,Canada,1045687117,Mason@case.com
"",Thomas,473,Cambridge Street,Surrey,Alberta,B2E 0X4,Canada,1057280758,null@people.com
Jacob,Williams,141,Carlton Street,Port Coquitlam,Northwest Territories,G3E 2K4,Canada,592203067,Jacob@job.com
"",Davis,83,Artillery Place,Aurora,Northwest Territories,E4M 2G2,Canada,1355800725,null@job.com
Liam,Taylor,467,Caitland Court,North Bay,,N8H 2H6,Canada,157295935,Liam@water.com
"",Thomas,162,Binney Street,Brampton,Northwest Territories,E5V 3X5,Canada,636911539,null@book.com
Mason,Johnson,352,Carrington Place,Drummondville,Alberta,J1S 0R4,Canada,298391546,Mason@word.com
William,Thomas,70,Annandale Street,Kitchener,Alberta,J9T 3H4,Canada,469289278,William@study.com
Jacob,Moore,56,Almon Street,Lethbridge,Alberta,G0H 2P3,Canada,268395762,Jacob@program.com
"",Moore,350,Birches Drive,Edmonton,Nova Scotia,E4S 3C4,Canada,940045387,null@part.com
Alexander,Williams,158,Anchor Drive,Welland,Prince Edward Island,K1B 3B2,Canada,1194483789,Alexander@part.com
William,Wilson,26,Acadia Street,Halton Hills,Nunavut,L9R 0A0,Canada,1282113252,William@room.com
Mason,Thomas,319,Bayers Road,Fredericton,Prince Edward Island,J0N 0Z3,Canada,771348327,Mason@group.com
Ethan,Jones,379,Aukland Place,Thunder Bay,Nova Scotia,J0N 0Z3,Canada,802727265,Ethan@school.com
William,Brown,411,Armview Terrace,Calgary,Alberta,B3V 2V1,Canada,1303522438,William@fact.com
Ethan,,426,Argyle Street,Port Coquitlam,Quebec,L9R 0A0,Canada,904897401,Ethan@child.com
"",Anderson,471,Buffers Lane,Saanich,New Brunswick,J9P 1C6,Canada,163459425,null@job.com
William,Wilson,45,Cherry Lane,Sherbrooke,Alberta,G0H 2P3,Canada,884619188,William@mother.com
Jacob,Davis,239,Bond Street,Drummondville,Prince Edward Island,N5C 2J8,Canada,613238046,Jacob@word.com
Ethan,,271,Ashton Lane,Cape Breton,,"V1K 1V0 ",Canada,1357933588,Ethan@company.com
Mason,Thomas,167,Argyle Street,Sherbrooke,Nova Scotia,H0H 3C9,Canada,1377321281,Mason@story.com
Alexander,Jackson,156,Chisholm Avenue,Trois-RiviÃ¨res,Yukon,E4S 3C4,Canada,288653539,Alexander@story.com
"",Davis,415,Birchwood Drive,Fredericton,Newfoundland and Labrador,L0N 3J2,Canada,578430868,null@hand.com
Jacob,Jones,462,Ash Lake Court,Burnaby,New Brunswick,L3V 1Y8,Canada,1070112529,Jacob@child.com
Alexander,Taylor,403,Atlantic Street,Sarnia,Saskatchewan,"B0T 0Y5 ",Canada,491348081,Alexander@group.com
"",Thomas,308,Ascot Avenue,Kingston,Prince Edward Island,H3J 3P2,Canada,398821018,null@month.com
"",Moore,81,Bilby Street,,Saskatchewan,E4S 3C4,Canada,347457753,null@company.com
"",Taylor,105,Bald Eagle Place,Medicine Hat,Manitoba,"L4A 0T3 ",Canada,329953708,null@business.com
"",Johnson,166,Castle Hill Drive,Sherbrooke,Manitoba,"L4A 0T3 ",Canada,252310497,null@company.com
Jacob,Brown,252,Amirault Court,Richmond,Prince Edward Island,"L4A 0T3 ",Canada,1207140160,Jacob@day.com
William,Jones,29,Birkdale Crescent,Greater Sudbury,Alberta,"B0T 0Y5 ",Canada,142877579,William@time.com
"",Johnson,406,Blue Jay Street,Saint-JÃ©rÃ´me,Alberta,L9R 0A0,Canada,696783393,null@work.com
"",Williams,194,Belmont Road,Oakville,Alberta,V8B 1P6,Canada,511549436,null@Mr.com
Ethan,Johnson,450,Battery 18th Road,Waterloo,Northwest Territories,K1B 3B2,Canada,600652099,Ethan@book.com
