First Name,Last Name,Street Number,Street,City,Province,Postal Code,Country,Phone Number,email Address
"",,104,Agricola Street,Langley,Newfoundland and Labrador,H3J 3P2,Canada,1197956438,null@fact.com
"",Davis,265,Alton Drive,Kitchener,Newfoundland and Labrador,N5C 2J8,Canada,788437151,null@room.com
Mason,Wilson,175,Armoury Place,Sault Ste. Marie,Prince Edward Island,E4S 3C4,Canada,998211038,Mason@work.com
Ethan,Jackson,278,Cascade Drive,Kelowna,Prince Edward Island,T1L 2H8,Canada,827509768,Ethan@eye.com
William,Taylor,170,Bedford Row,Peterborough,Quebec,G0H 2P3,Canada,494945972,William@question.com
"",Anderson,130,Blue Willow Court,Moncton,Prince Edward Island,E4S 3C4,Canada,1323004566,null@question.com
Liam,,394,Boulderwood Road,Mirabel,Northwest Territories,L4A 0T0,Canada,972128458,Liam@study.com
James,Anderson,446,Bluestone Road,Saint John,Nunavut,G3E 2K4,Canada,1209146711,James@life.com
Jacob,Williams,118,Armdale Rotary,Kamloops,Nunavut,L4A 0T0,Canada,192586521,Jacob@day.com
William,Taylor,494,Attenborough Court,Belleville,Prince Edward Island,H3J 3P2,Canada,341639388,William@people.com
Liam,Wilson,289,Aikenhead Road,Kitchener,Yukon,K1B 3B2,Canada,276166195,Liam@problem.com
"",Jackson,83,Beachstone Drive,Chatham-Kent,Prince Edward Island,G0H 2P3,Canada,1035019521,null@year.com
James,Williams,310,Bower Road,North Vancouver,New Brunswick,E5V 3X5,Canada,996103792,James@week.com
William,Taylor,373,Andrew Street,Peterborough,Alberta,V8B 1P6,Canada,1066084312,William@story.com
Alexander,Johnson,76,Chester Avenue,Granby,Yukon,L9R 0A0,Canada,582961546,Alexander@home.com
Jacob,Wilson,115,Balmoral Road,Brantford,Newfoundland and Labrador,J1S 0R4,Canada,605134386,Jacob@night.com
"",Johnson,175,Basinview Drive,Windsor,British Columbia,E4S 3C4,Canada,499106897,null@state.com
Jacob,,223,Alex Street,Markham,Prince Edward Island,T1L 2H8,Canada,1277346301,Jacob@state.com
Liam,Thomas,191,,Saint-JÃ©rÃ´me,Saskatchewan,E4S 3C4,Canada,546035182,Liam@null
Mason,Davis,230,Chester Avenue,Mirabel,Nunavut,L0N 3J2,Canada,848007599,Mason@school.com
Alexander,Davis,210,Chelton Woods Lane,Terrebonne,Nunavut,E4S 3C4,Canada,593341079,Alexander@money.com
