First Name,Last Name,Street Number,Street,City,Province,Postal Code,Country,Phone Number,email Address
Jacob,Wilson,268,Bayers Road,Aurora,Quebec,"L4A 0T3 ",Canada,626161473,Jacob@world.com
"",Moore,396,Bald Eagle Place,Barrie,Nunavut,E5V 3X5,Canada,273566917,null@man.com
Mason,Jones,213,Artillery Place,New Westminster,Nunavut,N5C 2J8,Canada,155590141,Mason@right.com
William,Jones,300,Albemarle Street,Niagara Falls,Northwest Territories,E4S 3C4,Canada,800020414,William@book.com
James,Jones,125,Bedford Highway Ramp,Cambridge,Quebec,,Canada,1345816951,James@home.com
Ethan,Davis,426,Beaufort Avenue,North Vancouver,Northwest Territories,L0N 3J2,Canada,1096913042,Ethan@story.com
James,Thomas,292,Carlina Court,Cape Breton,Newfoundland and Labrador,E7E 3T7,Canada,736661885,James@woman.com
William,Miller,470,Central Avenue,Moncton,Alberta,N8A 0B3,Canada,1206564506,William@money.com
Jacob,Brown,352,Arvida Avenue,Richmond,Nova Scotia,,Canada,768603724,Jacob@null
Ethan,Anderson,345,Bright Street,Caledon,Prince Edward Island,J0N 0Z3,Canada,1397633962,Ethan@program.com
James,Anderson,137,"Alm-../../view.php?place=Alm-# Ramp, Halifax, ns, CANADA Ramp",Saanich,Nova Scotia,G6X 2L1,Canada,406225997,James@Mr.com
Alexander,Miller,400,Castle Hill Drive,Sherbrooke,Yukon,E4S 3C4,Canada,1080693959,Alexander@week.com
William,Jackson,163,Balcomes Drive,Ottawa,Newfoundland and Labrador,G3E 2K4,Canada,964978610,William@woman.com
Ethan,Davis,425,Abrams Way,Delta,Prince Edward Island,E7E 3T7,Canada,123420562,Ethan@money.com
Mason,Brown,436,Alton Drive,Ottawa,Quebec,N5C 2J8,Canada,193877871,Mason@part.com
Ethan,Miller,90,Cherry Lane,Markham,Alberta,J0J 3V6,Canada,421373271,Ethan@number.com
Jacob,Anderson,433,Chisholm Avenue,Surrey,Saskatchewan,E5V 3X5,Canada,1262378137,Jacob@month.com
"",Jackson,433,Church Street,Mississauga,British Columbia,"B0T 0Y5 ",Canada,1158046211,null@company.com
Liam,Taylor,348,Benalder Lane,Kingston,Northwest Territories,G6X 2L1,Canada,1095801919,Liam@people.com
Ethan,Taylor,144,Boulderwood Road,Port Coquitlam,Prince Edward Island,L3V 1Y8,Canada,975738010,Ethan@job.com
Ethan,Johnson,193,Bloomingdale Terrace,Oshawa,Nunavut,E7E 3T7,Canada,893301492,Ethan@right.com
Ethan,Anderson,259,Caxton Close,Lethbridge,Newfoundland and Labrador,B3V 2V1,Canada,595842529,Ethan@Mr.com
James,,123,Boulderwood Road,Moncton,Northwest Territories,J0J 3V6,Canada,658382210,James@student.com
Liam,Jones,258,Chain Rock Drive,Saint-Jean-sur-Richelieu,Nunavut,J9P 1C6,Canada,994150406,Liam@book.com
"",Jackson,168,Brenton Street,Aurora,Prince Edward Island,J9T 3H4,Canada,230468902,null@day.com
Mason,Davis,414,Carrington Place,North Bay,Northwest Territories,K1B 3B2,Canada,738321359,Mason@group.com
"",Anderson,442,Armada Drive,Saint-JÃ©rÃ´me,Nova Scotia,L9R 0A0,Canada,1388137011,null@people.com
Ethan,Johnson,201,Birch Street,Medicine Hat,Alberta,V8B 1P6,Canada,1054974787,Ethan@eye.com
Mason,Thomas,263,Beech Street,Milton,New Brunswick,H9S 1R4,Canada,697318962,Mason@government.com
"",Davis,323,Bedford Windsor Ramp,Welland,Manitoba,G6X 2L1,Canada,1261083617,null@eye.com
Liam,Wilson,424,Bridgeview Drive,Cape Breton,Nunavut,N4N 0B9,Canada,832459621,Liam@way.com
Ethan,Jackson,444,Ash Lake Court,Moncton,Prince Edward Island,G3E 2K4,Canada,1361630742,Ethan@country.com
William,Moore,437,Bedford Highway,Prince George,Alberta,"V1K 1V0 ",Canada,783991848,William@group.com
Jacob,Miller,265,Bower Road,Richmond Hill,Prince Edward Island,B3V 2V1,Canada,663824676,Jacob@month.com
Alexander,Jones,399,Aurora Avenue,Milton,Alberta,"V1K 1V0 ",Canada,310386653,Alexander@place.com
Mason,Moore,375,Chebucto Road,Burlington,Prince Edward Island,V8C 0S2,Canada,686569544,Mason@home.com
Ethan,,86,Armdale Rotary,Edmonton,Alberta,G6X 2L1,Canada,158013544,Ethan@year.com
William,Miller,90,Amberwood Court,Sherbrooke,Prince Edward Island,J9P 1C6,Canada,865085609,William@question.com
Ethan,Jones,379,Claremont Street,St. Catharines,Manitoba,L3V 1Y8,Canada,330655025,Ethan@student.com
"",,146,Annandale Street,Guelph,Nunavut,J1S 0R4,Canada,1393901174,null@right.com
James,Moore,365,Cedar Street,Victoria,Prince Edward Island,G3E 2K4,Canada,1002345689,James@month.com
Ethan,,231,Carnation Crescent,Welland,Manitoba,N8A 0B3,Canada,1230334087,Ethan@month.com
