First Name,Last Name,Street Number,Street,City,Province,Postal Code,Country,Phone Number,email Address
Liam,Miller,450,Blenheim Terrace,Kamloops,Nunavut,J0J 3V6,Canada,639376655,Liam@time.com
James,Jones,367,Brussels Street,Calgary,Newfoundland and Labrador,"L4A 0T3 ",Canada,1388247107,James@question.com
Mason,,209,Carriageway Crescent,Regina,Nunavut,T1L 2H8,Canada,965439398,Mason@null
"",Thomas,396,Beech Street,Blainville,Saskatchewan,"B0T 0Y5 ",Canada,1260184323,null@government.com
Ethan,Williams,314,Birch Street,Winnipeg,New Brunswick,J9P 1C6,Canada,276200417,Ethan@right.com
Ethan,Davis,219,Atlantic Street,Belleville,Nova Scotia,H3J 3P2,Canada,935637054,Ethan@part.com
Mason,Miller,351,Bosun Run,Surrey,Prince Edward Island,L4A 0T0,Canada,808475148,Mason@study.com
"",Johnson,13,Briarwood Crescent,Kamloops,Prince Edward Island,E4S 3C4,Canada,495882428,null@country.com
"",Anderson,413,Birchfield Crescent,Coquitlam,Alberta,V8C 0S2,Canada,444932215,null@people.com
Ethan,Wilson,110,Beechwood Terrace,New Westminster,Prince Edward Island,G0H 2P3,Canada,1331329184,Ethan@government.com
James,Williams,376,Chadwick Place,North Vancouver,New Brunswick,L0N 3J2,Canada,1176615580,James@mother.com
Ethan,Jones,160,Birmingham Street,London,Nunavut,G0H 2P3,Canada,963141104,Ethan@school.com
William,Wilson,339,Albion Road,Halton Hills,Alberta,H0H 3C9,Canada,1122312978,William@number.com
"",Williams,16,Alm-a Ramp,Oshawa,Nunavut,H9S 1R4,Canada,1051641222,null@state.com
Ethan,Williams,125,Cedarbrae Lane,Clarington,Quebec,L0N 3J2,Canada,381493295,Ethan@thing.com
Mason,Miller,362,Arnold Drive,Surrey,Nova Scotia,E4S 3C4,Canada,366102968,Mason@word.com
Mason,Anderson,87,Chocolate Lake Road,Richmond Hill,Manitoba,B3V 2V1,Canada,1349859346,Mason@work.com
Liam,Miller,188,Albert Walker Drive,Clarington,Yukon,"V1K 1V0 ",Canada,1118153544,Liam@work.com
Mason,Thomas,421,Cabot Place,St. Albert,Nova Scotia,J0N 0Z3,Canada,154746425,Mason@way.com
Mason,Jones,25,Berts Drive,Quebec City,Prince Edward Island,K1B 3B2,Canada,1314082698,Mason@man.com
Liam,Davis,432,Acorn Road,Airdrie,Northwest Territories,B3V 2V1,Canada,353867319,Liam@null
Mason,Williams,397,Bond Street,Brantford,Prince Edward Island,J0N 0Z3,Canada,377955598,Mason@case.com
Jacob,Thomas,234,Circle Drive,Langley,Newfoundland and Labrador,L0N 3J2,Canada,1358053468,Jacob@system.com
James,Moore,361,Armview Avenue,Medicine Hat,Prince Edward Island,N8A 0B3,Canada,849455391,James@people.com
Ethan,Miller,382,Armada Drive,Windsor,,E7E 3T7,Canada,752440117,Ethan@Mr.com
Alexander,Brown,166,Beachstone Drive,New Westminster,Northwest Territories,V8B 1P6,Canada,727835768,Alexander@part.com
"",Davis,77,Birchview Drive,Belleville,Quebec,E7E 3T7,Canada,660869139,null@water.com
Jacob,Williams,182,Aikenhead Road,Barrie,Saskatchewan,J9T 3H4,Canada,282003303,Jacob@country.com
Jacob,Williams,484,Birchdale Avenue,,Newfoundland and Labrador,"V1K 1V0 ",Canada,966253605,Jacob@thing.com
William,Williams,167,Buffers Lane,Milton,New Brunswick,T1L 2H8,Canada,1351554292,William@year.com
James,Anderson,449,Argyle Street,Trois-RiviÃ¨res,Nunavut,"L4A 0T3 ",Canada,774611632,James@thing.com
