First Name,Last Name,Street Number,Street,City,Province,Postal Code,Country,Phone Number,email Address
Alexander,Davis,17,Abrams Way,Terrebonne,Prince Edward Island,E7E 3T7,Canada,936046173,Alexander@home.com
William,Jackson,145,Bedford Row,Surrey,Prince Edward Island,G3E 2K4,Canada,1005447399,William@eye.com
James,Moore,201,Benjamin Green Drive,St. Catharines,Prince Edward Island,L9R 0A0,Canada,951831630,James@business.com
Mason,Davis,494,Aldergrove Drive,Blainville,Yukon,H0H 3C9,Canada,471881638,Mason@school.com
Alexander,Thomas,325,Artillery Place,Victoria,Northwest Territories,V8B 1P6,Canada,269640106,Alexander@room.com
"",Davis,17,Castlepark Grove,Lethbridge,Nunavut,L4A 0T0,Canada,126270985,null@time.com
Alexander,Wilson,197,Brook Street,Regina,New Brunswick,H9S 1R4,Canada,498029921,Alexander@question.com
James,Johnson,146,Bald Eagle Place,Blainville,Nunavut,L0N 3J2,Canada,953647622,James@student.com
"",,207,Cascade Drive,Peterborough,Northwest Territories,J9T 3H4,Canada,147098269,null@job.com
James,Moore,482,Carrington Place,Prince George,,N8A 0B3,Canada,882369310,James@lot.com
William,Moore,432,Brenton Street,Gatineau,Alberta,K1B 3B2,Canada,1240659545,William@government.com
Mason,Thomas,178,Buffers Lane,Brampton,Yukon,K1B 3B2,Canada,1203893392,Mason@life.com
Jacob,Johnson,451,Bliss Street,Halifax,Newfoundland and Labrador,K1B 3B2,Canada,558236646,Jacob@life.com
Liam,Johnson,218,Beresford Road,Brossard,Alberta,K1B 3B2,Canada,850349046,Liam@state.com
"",Jackson,135,Albemarle Street,Delta,Nova Scotia,"L4A 0T3 ",Canada,1359001966,null@thing.com
Ethan,,278,Bonaventure Drive,Norfolk County,Newfoundland and Labrador,L0N 3J2,Canada,589213371,Ethan@book.com
William,Williams,139,Camelot Lane,Winnipeg,British Columbia,L3V 1Y8,Canada,498833968,William@point.com
Liam,Wilson,82,Bluestone Road,Burlington,Prince Edward Island,E4S 3C4,Canada,428931556,Liam@lot.com
James,Jones,496,Church Street,Cape Breton,Prince Edward Island,E5V 3X5,Canada,477734945,James@question.com
Alexander,Anderson,176,Alm-e Ramp,Mirabel,Quebec,H3J 3P2,Canada,1123332077,Alexander@water.com
Liam,Thomas,238,Bristol Place,Aurora,Northwest Territories,G3H 0B4,Canada,378585456,Liam@month.com
Alexander,Brown,353,Alm-c Ramp,Kingston,Yukon,H3J 3P2,Canada,662283491,Alexander@mother.com
"",,185,Annandale Street,Mirabel,Prince Edward Island,T1L 2H8,Canada,134963174,null@business.com
Ethan,Moore,62,Barracks Drive,Oakville,Yukon,N8H 2H6,Canada,412204904,Ethan@fact.com
Jacob,Anderson,165,Cardiff Place,Saanich,Northwest Territories,H9S 1R4,Canada,973913054,Jacob@way.com
Ethan,Jones,38,Bower Road,Burlington,Northwest Territories,N8A 0B3,Canada,1100066329,Ethan@month.com
