First Name,Last Name,Street Number,Street,City,Province,Postal Code,Country,Phone Number,email Address
Ethan,Johnson,226,Central Avenue,Barrie,Nunavut,E7E 3T7,Canada,948432863,Ethan@system.com
Ethan,Thomas,175,Bridget Avenue,Ottawa,Prince Edward Island,G3E 2K4,Canada,989682068,Ethan@business.com
Alexander,Wilson,306,Banbury Close,Norfolk County,Yukon,J0N 0Z3,Canada,807486690,Alexander@man.com
Mason,Brown,107,Armada Drive,Halton Hills,Prince Edward Island,,Canada,1344021053,Mason@case.com
"",Jones,9,Admirals Way,Ottawa,Prince Edward Island,"L4A 0T3 ",Canada,1169740791,null@eye.com
James,Wilson,5,Annandale Street,Halifax,Alberta,L3V 1Y8,Canada,340884442,James@company.com
Liam,Jones,430,Benjamin Green Drive,Wood Buffalo,Prince Edward Island,"L4A 0T3 ",Canada,903724059,Liam@child.com
Liam,Johnson,232,Armview Terrace,Brantford,Yukon,H0H 3C9,Canada,632721012,Liam@problem.com
"",Thomas,232,Armcrescent West Avenue,Airdrie,Newfoundland and Labrador,G3E 2K4,Canada,825525446,null@home.com
Ethan,Jones,269,Ahern Avenue,Mirabel,Prince Edward Island,B3V 2V1,Canada,428833103,Ethan@child.com
"",Williams,391,Arvida Avenue,Wood Buffalo,Northwest Territories,G3H 0B4,Canada,776001696,null@water.com
William,Wilson,201,Athlone Avenue,Grande Prairie,New Brunswick,H9S 1R4,Canada,1325423760,William@study.com
James,,346,Beech Street,Clarington,Prince Edward Island,E4S 3C4,Canada,1252825279,James@woman.com
Liam,Williams,293,Bedford Windsor Ramp,Drummondville,Northwest Territories,G0H 2P3,Canada,1106442871,Liam@question.com
Ethan,Thomas,67,Ashburn Avenue,Drummondville,Newfoundland and Labrador,"B0T 0Y5 ",Canada,861541944,Ethan@number.com
Ethan,Johnson,296,Bromley Road,St. John's,Nunavut,N4N 0B9,Canada,384770885,Ethan@word.com
William,Johnson,86,Carnation Crescent,Prince George,New Brunswick,B2E 0X4,Canada,1156281640,William@company.com
Ethan,Jones,134,Briar Lane,Sherbrooke,Nova Scotia,H9S 1R4,Canada,759069299,Ethan@book.com
Ethan,Taylor,332,Blowers Street,Saanich,Nova Scotia,N8H 2H6,Canada,602862045,Ethan@room.com
James,Jones,363,Bromley Road,Saint-Hyacinthe,Alberta,H9S 1R4,Canada,1248170184,James@day.com
