First Name,Last Name,Street Number,Street,City,Province,Postal Code,Country,Phone Number,email Address
Jacob,Taylor,160,Brook Street,Pickering,Nova Scotia,H0H 3C9,Canada,636528444,Jacob@story.com
William,,308,Braeburn Road,Maple Ridge,,J1S 0R4,Canada,162949115,William@Mr.com
Alexander,Jones,421,Charlton Avenue,London,Alberta,G0H 2P3,Canada,477144714,Alexander@eye.com
William,Jones,417,Amirault Court,Richmond,Nunavut,L3V 1Y8,Canada,1135319412,William@word.com
Jacob,,72,Blowers Street,Markham,New Brunswick,V8C 0S2,Canada,1252085358,Jacob@thing.com
Alexander,Thomas,426,Bison Crescent,Moncton,Prince Edward Island,"V1K 1V0 ",Canada,790940111,Alexander@story.com
Jacob,Thomas,62,Clearview Street,Blainville,Prince Edward Island,T1L 2H8,Canada,530077765,Jacob@hand.com
Alexander,Thomas,241,Clayton Park Drive,Laval,Newfoundland and Labrador,,Canada,805117141,Alexander@company.com
"",Jackson,279,Beech Street,Waterloo,,T1L 2H8,Canada,1217933489,null@null
Ethan,Wilson,23,Caitland Court,Brantford,Nunavut,E5V 3X5,Canada,577481313,Ethan@week.com
Ethan,Thomas,231,Bridges Street,Grande Prairie,Yukon,N4N 0B9,Canada,199023253,Ethan@government.com
Mason,Moore,496,Cascade Drive,Trois-RiviÃ¨res,Prince Edward Island,G3E 2K4,Canada,464784840,Mason@right.com
Mason,Moore,408,Armcrescent West Avenue,Welland,Saskatchewan,J1S 0R4,Canada,464284963,Mason@program.com
Jacob,,158,Auburn Avenue,Thunder Bay,New Brunswick,E4S 3C4,Canada,364095258,Jacob@study.com
James,Jones,431,Carnation Crescent,Drummondville,Manitoba,"B0T 0Y5 ",Canada,859167387,James@business.com
James,Wilson,53,Ballantrae Lane,Calgary,Prince Edward Island,E4S 3C4,Canada,730044010,James@question.com
Liam,Wilson,144,Canterbury Close,Halton Hills,Newfoundland and Labrador,L3V 1Y8,Canada,332967469,Liam@man.com
Mason,Wilson,453,Acorn Road,North Vancouver,Northwest Territories,V8C 0S2,Canada,298346124,Mason@child.com
Jacob,Davis,234,Clayton Park Drive,Clarington,Alberta,J1S 0R4,Canada,339741249,Jacob@year.com
James,Davis,273,Amberwood Court,St. Catharines,,G3H 0B4,Canada,1143147736,James@man.com
Alexander,Johnson,113,Brenton Street,Saskatoon,New Brunswick,H0H 3C9,Canada,1388467166,Alexander@null
Mason,,310,Balwearie Lane,Peterborough,Nunavut,T1L 2H8,Canada,964919183,Mason@time.com
"",Brown,425,Brook Street,London,Northwest Territories,N8H 2H6,Canada,886978551,null@month.com
"",Moore,390,Bromley Road,Kitchener,Northwest Territories,G3H 0B4,Canada,910931856,null@case.com
William,Jackson,471,Beresford Road,Montreal,Nunavut,,Canada,264320209,William@way.com
James,Williams,266,Birchdale Avenue,Guelph,Quebec,E4S 3C4,Canada,1183491834,James@case.com
William,Wilson,263,Briar Place,Oakville,Alberta,G3E 2K4,Canada,970322966,William@work.com
Mason,Jones,463,Campbell Drive,Kawartha Lakes,New Brunswick,B3V 2V1,Canada,404925299,Mason@part.com
Jacob,Brown,213,Alderwood Drive,Kingston,Alberta,J9P 1C6,Canada,1186812249,Jacob@country.com
Jacob,Jones,61,Burgee Run,North Vancouver,Saskatchewan,G0H 2P3,Canada,127742327,Jacob@group.com
Jacob,Davis,377,Brodick Lane,Red Deer,Newfoundland and Labrador,V8B 1P6,Canada,322947937,Jacob@life.com
William,Anderson,362,Blowers Street,Cape Breton,Nunavut,E4M 2G2,Canada,1150951103,William@people.com
Alexander,Moore,151,Bridges Street,Sherbrooke,New Brunswick,V8B 1P6,Canada,883864411,Alexander@life.com
Ethan,Taylor,286,Campbell Drive,Red Deer,Alberta,N8A 0B3,Canada,960476352,Ethan@system.com
Alexander,Thomas,139,Birchview Drive,Saint-Jean-sur-Richelieu,New Brunswick,E4S 3C4,Canada,222353473,Alexander@room.com
Mason,Johnson,12,Balmoral Road,Edmonton,New Brunswick,G3E 2K4,Canada,672076177,Mason@water.com
"",Williams,231,Ascot Avenue,Port Coquitlam,Nunavut,"L4A 0T3 ",Canada,1096980228,null@lot.com
Ethan,Moore,62,Beechwood Terrace,North Vancouver,Nunavut,H3J 3P2,Canada,1360961857,Ethan@country.com
James,Thomas,428,Boulderwood Road,Saint John,British Columbia,"V1K 1V0 ",Canada,945962701,James@word.com
Liam,Anderson,28,Belle Aire Terrace,Terrebonne,Nova Scotia,H0H 3C9,Canada,583983325,Liam@world.com
William,Moore,323,Cambridge Street,St. Catharines,Newfoundland and Labrador,J0N 0Z3,Canada,973423847,William@case.com
