First Name,Last Name,Street Number,Street,City,Province,Postal Code,Country,Phone Number,email Address
Mason,Jones,420,Bliss Street,Newmarket,Northwest Territories,K1B 3B2,Canada,450243878,Mason@child.com
William,Jones,130,Birmingham Street,Victoria,Quebec,B2E 0X4,Canada,1309259187,William@Mr.com
Jacob,Jones,247,Amberwood Court,Waterloo,Saskatchewan,L3V 1Y8,Canada,573617096,Jacob@story.com
Jacob,Anderson,20,Banbury Close,Brantford,Quebec,H0H 3C9,Canada,109616512,Jacob@company.com
James,Miller,431,Birch Cove Lane,LÃ©vis,Nova Scotia,H9S 1R4,Canada,833108768,James@system.com
James,Anderson,70,Arthur Street,Blainville,Newfoundland and Labrador,J0J 3V6,Canada,1164413450,James@null
Ethan,Thomas,345,Anchor Drive,New Westminster,Alberta,H9S 1R4,Canada,680525716,Ethan@woman.com
Ethan,,395,Charlton Avenue,Winnipeg,Northwest Territories,B3V 2V1,Canada,699738473,Ethan@null
James,Moore,392,Belmont Road,Markham,Quebec,E4M 2G2,Canada,377687845,James@right.com
Mason,Wilson,481,Chain Rock Drive,Mirabel,Yukon,"V1K 1V0 ",Canada,512578647,Mason@life.com
"",Taylor,117,Bell Road,Airdrie,Prince Edward Island,E4S 3C4,Canada,752144178,null@day.com
William,Anderson,228,Bayne St Ramp,Ajax,Prince Edward Island,J0N 0Z3,Canada,1247466048,William@part.com
Ethan,Taylor,296,Ashburn Avenue,Kelowna,New Brunswick,L9R 0A0,Canada,1289800694,Ethan@right.com
Mason,Anderson,409,Cabot Street,,Prince Edward Island,G6X 2L1,Canada,927482639,Mason@country.com
"",Wilson,246,Alm-a Ramp,Kamloops,Nunavut,"V1K 1V0 ",Canada,680214579,null@part.com
"",Moore,499,Arnold Drive,Oshawa,Northwest Territories,L4A 0T0,Canada,987498561,null@week.com
Mason,Johnson,319,Belmont On The Arm,Windsor,Northwest Territories,J1S 0R4,Canada,388680427,Mason@day.com
William,Taylor,61,Alton Drive,Nanaimo,Alberta,G3H 0B4,Canada,395459244,William@null
Alexander,Williams,349,Buffers Lane,Greater Sudbury,Prince Edward Island,T1L 2H8,Canada,226121526,Alexander@eye.com
"",Jackson,375,Chain Rock Drive,Cambridge,Nova Scotia,J9T 3H4,Canada,448361968,null@question.com
Jacob,Anderson,354,Brighton Avenue,Victoria,Alberta,E7E 3T7,Canada,219019140,Jacob@hand.com
Jacob,Williams,186,Aldergrove Drive,Ajax,Newfoundland and Labrador,L9R 0A0,Canada,1394087691,Jacob@day.com
"",Jackson,318,Almon Street,Saskatoon,Manitoba,B3V 2V1,Canada,952014844,null@eye.com
James,Jones,337,Ardwell Avenue,Surrey,Nova Scotia,L9R 0A0,Canada,122082364,James@work.com
William,Davis,31,Bayne Street,Trois-RiviÃ¨res,New Brunswick,E7E 3T7,Canada,411880206,William@case.com
"",Thomas,182,Boulderwood Road,Markham,Saskatchewan,"V1K 1V0 ",Canada,885892524,null@woman.com
"",Anderson,177,Bluestone Road,Waterloo,Prince Edward Island,J0N 0Z3,Canada,865151504,null@place.com
Liam,Jones,493,Chelsea Lane,North Bay,Nunavut,"V1K 1V0 ",Canada,888790248,Liam@lot.com
Liam,Jones,55,Armshore Drive,Quebec City,British Columbia,J9T 3H4,Canada,1170523419,Liam@word.com
