First Name,Last Name,Street Number,Street,City,Province,Postal Code,Country,Phone Number,email Address
Ethan,Jackson,297,Bower Road,Cape Breton,British Columbia,L3V 1Y8,Canada,849843716,Ethan@Mr.com
"",Johnson,107,Alm-c Ramp,Saanich,Saskatchewan,V8B 1P6,Canada,174004299,null@day.com
Alexander,Thomas,394,Birchview Drive,Mirabel,Quebec,B3V 2V1,Canada,640050196,Alexander@student.com
William,Jones,113,Alumni Crescent,,Nova Scotia,T1L 2H8,Canada,1113302427,William@study.com
James,Davis,217,Belmont On The Arm,Whitby,Nunavut,"B0T 0Y5 ",Canada,1146952641,James@group.com
Liam,Brown,256,Beechwood Terrace,Ajax,Northwest Territories,V8B 1P6,Canada,1060396406,Liam@day.com
James,Anderson,460,Battery 18th Road,Brampton,Saskatchewan,T1L 2H8,Canada,255244382,James@book.com
Mason,Moore,168,Buffers Lane,Waterloo,Nunavut,T1L 2H8,Canada,1123636263,Mason@group.com
"",Anderson,304,Cambridge Street,Victoria,Alberta,J0N 0Z3,Canada,996385578,null@job.com
Jacob,Davis,84,Ashdale Avenue,Brampton,Prince Edward Island,"L4A 0T3 ",Canada,143441515,Jacob@problem.com
William,Jones,134,Bedros Lane,Saskatoon,Prince Edward Island,N5C 2J8,Canada,1251533215,William@year.com
Ethan,,355,Braeburn Road,Welland,Northwest Territories,L9R 0A0,Canada,130713698,Ethan@Mr.com
Ethan,Johnson,443,Bristol Place,Quebec City,Yukon,N8A 0B3,Canada,370465774,Ethan@lot.com
Liam,Thomas,259,Arnold Drive,North Vancouver,Saskatchewan,"B0T 0Y5 ",Canada,599481851,Liam@people.com
James,Thomas,443,Caitland Court,Waterloo,Nunavut,E4M 2G2,Canada,1192802395,James@eye.com
Alexander,Johnson,307,Belmont On The Arm,Saskatoon,Newfoundland and Labrador,B2E 0X4,Canada,1215666476,Alexander@thing.com
James,Johnson,253,Cedarbank Terrace,Oakville,Prince Edward Island,"L4A 0T3 ",Canada,579224063,James@book.com
Jacob,Jackson,411,Beechwood Terrace,Strathcona County,Quebec,N5C 2J8,Canada,581961089,Jacob@work.com
"",Jackson,33,Bosun Run,Hamilton,Alberta,T1L 2H8,Canada,965636657,null@state.com
Liam,,300,Castlepark Grove,Ajax,Nunavut,G6X 2L1,Canada,557301957,Liam@question.com
"",Davis,396,Abrams Way,Calgary,Nova Scotia,J1S 0R4,Canada,368018760,null@null
Alexander,Wilson,382,Bell Road,North Vancouver,Saskatchewan,N8A 0B3,Canada,299159572,Alexander@problem.com
Mason,Williams,370,Clayder Lane,Whitby,Nova Scotia,N8A 0B3,Canada,215139863,Mason@group.com
"",Miller,262,Benalder Lane,Guelph,Manitoba,J1S 0R4,Canada,710164310,null@government.com
"",Jackson,40,Cabot Place,Trois-RiviÃ¨res,Manitoba,"L4A 0T3 ",Canada,1234166908,null@hand.com
Ethan,Taylor,221,Chartwell Lane,Vaughan,Alberta,N4N 0B9,Canada,1228549612,Ethan@story.com
"",Johnson,276,Birch Street,North Vancouver,Newfoundland and Labrador,L4A 0T0,Canada,383631087,null@number.com
William,Williams,411,Alm-e Ramp,Kelowna,Prince Edward Island,T1L 2H8,Canada,875520137,William@mother.com
James,,289,Clinton Avenue,Nanaimo,Alberta,,Canada,1279000235,James@word.com
James,Anderson,472,Burgee Run,Kelowna,Nunavut,N4N 0B9,Canada,622207758,James@world.com
William,Williams,168,Bliss Street,Kingston,Yukon,L9R 0A0,Canada,724354366,William@room.com
Jacob,Williams,240,Bobolink Street,Pickering,Saskatchewan,J1S 0R4,Canada,643484011,Jacob@school.com
Liam,Williams,462,"Alm-../../view.php?place=Alm-# Ramp, Halifax, ns, CANADA Ramp",Richmond Hill,Newfoundland and Labrador,E7E 3T7,Canada,990161539,Liam@story.com
Mason,Brown,499,Chebucto Lane,Brossard,Alberta,N8A 0B3,Canada,882698699,Mason@word.com
