First Name,Last Name,Street Number,Street,City,Province,Postal Code,Country,Phone Number,email Address
Liam,Anderson,244,Brockhurst Close,Whitby,,J0N 0Z3,Canada,1305205269,Liam@month.com
Liam,Johnson,277,Camelot Lane,LÃ©vis,New Brunswick,L0N 3J2,Canada,569483564,Liam@work.com
Jacob,Moore,456,Avon Crescent,,New Brunswick,K1B 3B2,Canada,679365910,Jacob@man.com
Alexander,Brown,167,Bishop Street,Niagara Falls,Quebec,E5V 3X5,Canada,1244415299,Alexander@state.com
"",Jackson,59,Chipstone Close,Abbotsford,Manitoba,E4S 3C4,Canada,402347046,null@family.com
William,Brown,196,Clifton Street,Waterloo,Nunavut,"V1K 1V0 ",Canada,288597077,William@work.com
Ethan,Anderson,370,Avon Crescent,Saint John,Yukon,"B0T 0Y5 ",Canada,433322207,Ethan@student.com
Ethan,Thomas,51,Bishop Street,Surrey,British Columbia,E4S 3C4,Canada,1292148189,Ethan@hand.com
"",Jackson,167,Chartwell Lane,LÃ©vis,Nunavut,K1B 3B2,Canada,740599919,null@company.com
