First Name,Last Name,Street Number,Street,City,Province,Postal Code,Country,Phone Number,email Address
"",Jones,263,Alton Drive,Fredericton,Saskatchewan,G0H 2P3,Canada,278608231,null@story.com
Alexander,Brown,351,Breen Avenue,Brampton,Nunavut,"L4A 0T3 ",Canada,881097860,Alexander@question.com
James,Anderson,166,Chelsea Lane,Newmarket,Nunavut,L9R 0A0,Canada,286878829,James@problem.com
Ethan,Jackson,488,Cardiff Place,Fredericton,Nunavut,,Canada,1051999099,Ethan@group.com
Jacob,Thomas,229,Birchview Drive,Winnipeg,Alberta,E7E 3T7,Canada,1084294391,Jacob@country.com
William,Thomas,360,Catamaran Road,Kingston,Prince Edward Island,G3H 0B4,Canada,815863363,William@hand.com
"",Jackson,259,Bald Eagle Place,Clarington,Alberta,L4A 0T0,Canada,933084856,null@study.com
Liam,Moore,95,Chessvale Close,Niagara Falls,Prince Edward Island,J0J 3V6,Canada,1247272280,Liam@hand.com
Liam,Wilson,24,Circle Drive,Airdrie,Alberta,E4M 2G2,Canada,839088557,Liam@program.com
William,Brown,430,Chelton Woods Lane,Brossard,Yukon,K1B 3B2,Canada,977093432,William@time.com
"",Taylor,305,Bedford Windsor Ramp,Burlington,British Columbia,N8H 2H6,Canada,280339736,null@man.com
William,Wilson,420,Bell Road,North Bay,Northwest Territories,L0N 3J2,Canada,261242885,William@right.com
Liam,Williams,478,Bedford Highway,Waterloo,Newfoundland and Labrador,G0H 2P3,Canada,761928303,Liam@family.com
James,Jackson,135,Battery Drive,North Bay,Nova Scotia,T1L 2H8,Canada,336478731,James@lot.com
"",Williams,105,Churchill Drive,Peterborough,Alberta,H0H 3C9,Canada,1256865711,null@eye.com
Jacob,Jones,310,Beechwood Terrace,North Vancouver,Nunavut,K1B 3B2,Canada,1390911612,Jacob@child.com
"",Wilson,430,Cherry Lane,Aurora,Prince Edward Island,E4M 2G2,Canada,733661927,null@month.com
Ethan,Brown,34,Aurora Avenue,Medicine Hat,Alberta,J9P 1C6,Canada,276094150,Ethan@year.com
Jacob,Thomas,278,Bridges Street,Saint-Jean-sur-Richelieu,Northwest Territories,,Canada,1325903410,Jacob@lot.com
James,Davis,228,Carnation Crescent,St. Catharines,Nova Scotia,J1S 0R4,Canada,238783744,James@case.com
Alexander,Jones,264,Bridget Avenue,Aurora,Northwest Territories,H3J 3P2,Canada,1346531412,Alexander@right.com
"",Jackson,216,Cabot Street,Saanich,New Brunswick,N5C 2J8,Canada,673104465,null@problem.com
Alexander,,300,Brigadier Court,Saint-JÃ©rÃ´me,Newfoundland and Labrador,G3E 2K4,Canada,1039822722,Alexander@water.com
Ethan,,225,Acorn Road,Aurora,Prince Edward Island,V8C 0S2,Canada,1282898187,Ethan@null
Alexander,Moore,171,Aikens Avenue,Waterloo,Manitoba,E4S 3C4,Canada,410472589,Alexander@month.com
"",Moore,233,Annandale Street,Drummondville,Saskatchewan,J0J 3V6,Canada,992995653,null@hand.com
Liam,Anderson,259,Birch Cove Lane,Burlington,Nunavut,B2E 0X4,Canada,791864288,Liam@company.com
James,Anderson,289,Adams Avenue,Moncton,Northwest Territories,,Canada,908342377,James@case.com
Alexander,,111,Cabot Place,Grande Prairie,Prince Edward Island,"V1K 1V0 ",Canada,925572902,Alexander@part.com
William,Jackson,472,Bayers Road,Lethbridge,Northwest Territories,N8A 0B3,Canada,432563586,William@book.com
Jacob,Johnson,276,Beechwood Terrace,Clarington,British Columbia,T1L 2H8,Canada,274376452,Jacob@year.com
William,Anderson,236,Bently Drive,Guelph,British Columbia,J9T 3H4,Canada,1229838410,William@water.com
James,Wilson,270,Benjamin Green Drive,Airdrie,Northwest Territories,E4M 2G2,Canada,714346543,James@people.com
Liam,Wilson,182,Albert Walker Drive,Caledon,Yukon,N8H 2H6,Canada,143211251,Liam@day.com
James,Anderson,89,Bell Road,Peterborough,Yukon,E7E 3T7,Canada,1111467394,James@eye.com
Jacob,Thomas,49,Bridges Street,Calgary,Northwest Territories,H3J 3P2,Canada,153826914,Jacob@child.com
William,Anderson,345,Braemount Drive,Fredericton,New Brunswick,"V1K 1V0 ",Canada,1311260648,William@family.com
William,Johnson,224,Ballantrae Lane,Brantford,Manitoba,"B0T 0Y5 ",Canada,1079255184,William@world.com
William,Williams,356,Arlington Avenue,Moncton,Prince Edward Island,E4M 2G2,Canada,1197188688,William@state.com
Mason,Moore,25,Bonaventure Drive,Airdrie,Northwest Territories,E5V 3X5,Canada,206161542,Mason@program.com
Jacob,Anderson,18,Acadia Street,Cape Breton,Alberta,"L4A 0T3 ",Canada,583214106,Jacob@group.com
William,Taylor,235,Birmingham Street,Sault Ste. Marie,Prince Edward Island,J0J 3V6,Canada,875892689,William@woman.com
