First Name,Last Name,Street Number,Street,City,Province,Postal Code,Country,Phone Number,email Address
Liam,Wilson,386,Berkshire Close,Cape Breton,Prince Edward Island,E7E 3T7,Canada,1194097910,Liam@month.com
Ethan,Thomas,206,Carroll Lane,Richmond Hill,Saskatchewan,K1B 3B2,Canada,1186708716,Ethan@life.com
Liam,Taylor,52,Balcomes Drive,Langley,Nunavut,E5V 3X5,Canada,569006881,Liam@company.com
Alexander,,418,Clovis Avenue,Maple Ridge,Saskatchewan,J9T 3H4,Canada,1102226637,Alexander@country.com
Jacob,Johnson,395,Bridges Street,Abbotsford,Quebec,"L4A 0T3 ",Canada,1189254660,Jacob@program.com
Ethan,Jones,500,Blue Thistle Road,Windsor,Prince Edward Island,L3V 1Y8,Canada,913830420,Ethan@word.com
William,Brown,238,Cabot Place,Quebec City,Newfoundland and Labrador,J1S 0R4,Canada,1299402547,William@mother.com
Alexander,Anderson,8,Banbury Close,St. John's,Alberta,V8C 0S2,Canada,440884916,Alexander@woman.com
"",Jones,199,Birch Cove Lane,Sault Ste. Marie,Newfoundland and Labrador,H0H 3C9,Canada,1032380547,null@country.com
Mason,Taylor,46,Cedarbank Terrace,Kamloops,New Brunswick,J1S 0R4,Canada,616386624,Mason@family.com
