First Name,Last Name,Street Number,Street,City,Province,Postal Code,Country,Phone Number,email Address
Jacob,Jackson,38,Arvida Avenue,Blainville,Newfoundland and Labrador,G3H 0B4,Canada,463651338,Jacob@fact.com
Alexander,Thomas,119,Bedford Highway Ramp,St. John's,Saskatchewan,G6X 2L1,Canada,870049561,Alexander@day.com
"",Thomas,353,Birchdale Avenue,Longueuil,Prince Edward Island,J1S 0R4,Canada,785749850,null@state.com
Mason,Johnson,204,Alm-d Ramp,Surrey,Quebec,L3V 1Y8,Canada,375876055,Mason@program.com
William,Brown,391,Brenton Place,Grande Prairie,Nova Scotia,G3H 0B4,Canada,367288836,William@day.com
James,Jones,351,Ashburn Avenue,Saint John,,"V1K 1V0 ",Canada,805248374,James@month.com
"",Williams,159,Beech Street,Lethbridge,Nunavut,N8A 0B3,Canada,798239437,null@year.com
Jacob,Anderson,239,Avon Crescent,Belleville,New Brunswick,J9T 3H4,Canada,563463891,Jacob@day.com
"",Moore,216,Arnold Drive,Port Coquitlam,Newfoundland and Labrador,B2E 0X4,Canada,1051654896,null@life.com
James,Jones,50,Alm-a Ramp,Surrey,Saskatchewan,G3E 2K4,Canada,499094270,James@company.com
Alexander,Brown,451,Adelaide Avenue,Mirabel,Prince Edward Island,H9S 1R4,Canada,354076555,Alexander@story.com
Liam,Taylor,375,Brewer Court,Saint John,Manitoba,E4M 2G2,Canada,171967261,Liam@study.com
James,Brown,480,Bedford Row,St. Catharines,New Brunswick,J1S 0R4,Canada,793697135,James@month.com
"",Brown,396,Chocolate Lake Road,Saguenay,Yukon,H9S 1R4,Canada,372517700,null@system.com
Ethan,Jones,32,Clayder Lane,Thunder Bay,Northwest Territories,V8B 1P6,Canada,1204452194,Ethan@day.com
"",Jones,379,Bronson Avenue,Niagara Falls,Prince Edward Island,"V1K 1V0 ",Canada,858111791,null@man.com
Ethan,Thomas,164,Cabot Street,Belleville,Prince Edward Island,L9R 0A0,Canada,122742808,Ethan@business.com
Liam,Thomas,80,Bilby Street,Medicine Hat,,G0H 2P3,Canada,574068284,Liam@null
"",Davis,424,Chester Avenue,Port Coquitlam,Prince Edward Island,J9T 3H4,Canada,889063915,null@life.com
Ethan,Williams,445,Church Street,Guelph,Prince Edward Island,H0H 3C9,Canada,941574066,Ethan@group.com
Alexander,Thomas,264,Chebucto Road,Oakville,Northwest Territories,L4A 0T0,Canada,588529371,Alexander@book.com
Jacob,Jackson,393,Berlin Street,Mirabel,New Brunswick,V8B 1P6,Canada,1144244622,Jacob@part.com
Jacob,Moore,461,Ash Lake Court,Saint-JÃ©rÃ´me,Northwest Territories,N8H 2H6,Canada,766942458,Jacob@right.com
"",Jones,188,Berts Drive,Vancouver,Saskatchewan,L9R 0A0,Canada,1082005060,null@business.com
