First Name,Last Name,Street Number,Street,City,Province,Postal Code,Country,Phone Number,email Address
Ethan,Moore,282,Alton Drive,Saint-JÃ©rÃ´me,Prince Edward Island,"V1K 1V0 ",Canada,863082199,Ethan@state.com
Liam,Wilson,492,Bayne St Ramp,St. Catharines,British Columbia,"B0T 0Y5 ",Canada,1147659143,Liam@story.com
Jacob,Wilson,137,Bedford Highway,Vancouver,New Brunswick,V8C 0S2,Canada,716701785,Jacob@hand.com
Ethan,Johnson,270,Blue Thistle Road,Welland,Newfoundland and Labrador,J0J 3V6,Canada,1392902591,Ethan@people.com
Jacob,Thomas,107,Cambridge Street,Montreal,Prince Edward Island,G6X 2L1,Canada,1274057577,Jacob@job.com
James,,275,Chessvale Close,Brantford,Newfoundland and Labrador,N4N 0B9,Canada,1178314935,James@book.com
Ethan,,132,Clayton Park Drive,Trois-RiviÃ¨res,Northwest Territories,T1L 2H8,Canada,711977541,Ethan@state.com
Jacob,Wilson,225,Barracks Drive,Milton,,N8A 0B3,Canada,867182778,Jacob@night.com
Jacob,Williams,162,Borden Street,Vancouver,Yukon,J9T 3H4,Canada,444718846,Jacob@water.com
Alexander,Williams,192,Agricola Street,Kawartha Lakes,Newfoundland and Labrador,B2E 0X4,Canada,1395051439,Alexander@null
Mason,Taylor,383,Ascot Avenue,Surrey,Saskatchewan,G6X 2L1,Canada,539294326,Mason@school.com
