First Name,Last Name,Street Number,Street,City,Province,Postal Code,Country,Phone Number,email Address
"",Johnson,15,Bedros Lane,Trois-RiviÃ¨res,Prince Edward Island,"V1K 1V0 ",Canada,930797170,null@family.com
"",Jackson,15,Armstrong Court,Hamilton,Quebec,J0J 3V6,Canada,1185352934,null@question.com
"",Thomas,303,Charlotte Lane,Saint-Hyacinthe,New Brunswick,B3V 2V1,Canada,322821327,null@right.com
Mason,,388,Claremont Street,Kawartha Lakes,Northwest Territories,L9R 0A0,Canada,590599449,Mason@book.com
Ethan,Williams,454,Cabot Back Lane,Hamilton,New Brunswick,G6X 2L1,Canada,1212455993,Ethan@lot.com
William,Jones,384,Armoury Place,Guelph,Prince Edward Island,G0H 2P3,Canada,596930543,William@country.com
Ethan,Miller,432,Bedford Highway Ramp,Markham,Northwest Territories,T1L 2H8,Canada,130002959,Ethan@business.com
"",Anderson,8,Caitland Court,Kitchener,Newfoundland and Labrador,,Canada,969027979,null@fact.com
Liam,Brown,260,Chocolate Lake Road,Airdrie,Quebec,B3V 2V1,Canada,1273603335,Liam@group.com
Liam,Moore,23,Battery 18th Road,Saint-Hyacinthe,Manitoba,V8B 1P6,Canada,276083302,Liam@Mr.com
Mason,Thomas,39,Bluestone Road,Victoria,Alberta,J0N 0Z3,Canada,1128373728,Mason@job.com
"",Davis,446,Burns Drive,Lethbridge,Northwest Territories,"B0T 0Y5 ",Canada,1244181821,null@book.com
"",Wilson,289,Altavista Lane,LÃ©vis,Northwest Territories,H0H 3C9,Canada,1130220230,null@world.com
Alexander,Davis,392,Belmont Road,Maple Ridge,Prince Edward Island,N8A 0B3,Canada,1388873038,Alexander@thing.com
Alexander,Moore,437,Carmichael Street,Windsor,Newfoundland and Labrador,J1S 0R4,Canada,1003298923,Alexander@night.com
Ethan,Wilson,437,Birch Cove Lane,Guelph,Prince Edward Island,G6X 2L1,Canada,850411571,Ethan@point.com
