First Name,Last Name,Street Number,Street,City,Province,Postal Code,Country,Phone Number,email Address
Ethan,Anderson,463,Arvida Avenue,Moncton,Nova Scotia,J0N 0Z3,Canada,850181193,Ethan@day.com
James,Moore,162,Albion Road,Cape Breton,Prince Edward Island,L3V 1Y8,Canada,1187427512,James@people.com
Jacob,Miller,199,Armstrong Court,Drummondville,Nova Scotia,J0N 0Z3,Canada,1368048998,Jacob@child.com
Ethan,Davis,14,Alm-a Ramp,Fredericton,,V8B 1P6,Canada,588630436,Ethan@group.com
Liam,Jones,478,Berts Drive,Pickering,Manitoba,L9R 0A0,Canada,767801271,Liam@room.com
Jacob,Johnson,167,Cambridge Street,Grande Prairie,Northwest Territories,J9P 1C6,Canada,1370640252,Jacob@place.com
William,,90,Birchview Drive,Moncton,Prince Edward Island,N8A 0B3,Canada,767091657,William@thing.com
William,Miller,307,Bond Street,Pickering,Northwest Territories,G6X 2L1,Canada,167564931,William@state.com
Ethan,Brown,451,Auburn Avenue,Waterloo,Saskatchewan,E7E 3T7,Canada,350011079,Ethan@program.com
Alexander,Miller,451,Castlepark Grove,Aurora,,E7E 3T7,Canada,981124471,Alexander@mother.com
James,,260,Battery 18th Road,Drummondville,Nunavut,E5V 3X5,Canada,833674156,James@number.com
"",Williams,24,Burgee Run,London,Prince Edward Island,H0H 3C9,Canada,358962071,null@Mr.com
Jacob,Miller,264,Arthur Street,Sherbrooke,Nova Scotia,G3E 2K4,Canada,984593872,Jacob@government.com
"",Jones,88,Armoury Place,Burlington,Nova Scotia,J0J 3V6,Canada,396213283,null@week.com
William,Jones,200,Balwearie Lane,North Bay,Prince Edward Island,N8H 2H6,Canada,1155610369,William@group.com
William,Davis,50,Charles Street,Saguenay,Prince Edward Island,J9P 1C6,Canada,583984387,William@company.com
"",Moore,206,Attenborough Court,Mississauga,Nunavut,"V1K 1V0 ",Canada,1029889657,null@mother.com
