First Name,Last Name,Street Number,Street,City,Province,Postal Code,Country,Phone Number,email Address
Mason,Davis,495,Bland Street,Sault Ste. Marie,Yukon,J0J 3V6,Canada,413921591,Mason@time.com
Ethan,Brown,325,Almon Street,Longueuil,Saskatchewan,G0H 2P3,Canada,1081892884,Ethan@room.com
William,Moore,481,Brycedale Lane,Strathcona County,Prince Edward Island,B2E 0X4,Canada,605199638,William@study.com
"",Anderson,47,Charlton Avenue,Kingston,New Brunswick,V8B 1P6,Canada,666432425,null@work.com
James,,187,Bently Drive,Peterborough,Nunavut,H3J 3P2,Canada,1321303117,James@year.com
Ethan,Anderson,177,Bridges Street,Halton Hills,Nunavut,N4N 0B9,Canada,1047436102,Ethan@country.com
Liam,Thomas,206,Chartwell Lane,Edmonton,Newfoundland and Labrador,H0H 3C9,Canada,672777225,Liam@time.com
Alexander,,374,Birch Cove Lane,Greater Sudbury,Saskatchewan,N8A 0B3,Canada,1115020472,Alexander@time.com
"",Davis,399,Clovis Avenue,Brossard,Nova Scotia,L4A 0T0,Canada,378427281,null@right.com
"",,186,Bridgeview Drive,Saint-Jean-sur-Richelieu,Prince Edward Island,E5V 3X5,Canada,281061548,null@water.com
Jacob,Davis,284,Ahern Avenue,Chilliwack,Saskatchewan,L3V 1Y8,Canada,953704637,Jacob@group.com
