First Name,Last Name,Street Number,Street,City,Province,Postal Code,Country,Phone Number,email Address
Alexander,Miller,499,Brigadier Court,Winnipeg,Nunavut,T1L 2H8,Canada,1402756756,Alexander@eye.com
"",Johnson,442,Cherry Lane,Brantford,Nunavut,J9P 1C6,Canada,590607588,null@child.com
"",Jones,184,Battery 18th Road,Norfolk County,Newfoundland and Labrador,L9R 0A0,Canada,817930300,null@country.com
Ethan,Moore,375,Chipstone Close,Welland,Newfoundland and Labrador,"L4A 0T3 ",Canada,1077581111,Ethan@money.com
William,Thomas,103,Canary Crescent,Pickering,Alberta,"L4A 0T3 ",Canada,115808093,William@work.com
James,,195,Acorn Road,Lethbridge,Northwest Territories,J9P 1C6,Canada,239644656,James@business.com
Jacob,Jackson,184,Clinton Avenue,Saguenay,Newfoundland and Labrador,G6X 2L1,Canada,1203642157,Jacob@study.com
Ethan,Anderson,272,Abrams Way,Brossard,Newfoundland and Labrador,G3H 0B4,Canada,1150756421,Ethan@country.com
James,Anderson,289,Briar Place,Calgary,Nova Scotia,,Canada,267943409,James@null
William,Wilson,383,Braeside Lane,Saint-JÃ©rÃ´me,Northwest Territories,V8C 0S2,Canada,847186607,William@eye.com
"",Johnson,467,Basinview Drive,Drummondville,Saskatchewan,L3V 1Y8,Canada,767638680,null@group.com
"",,345,Benalder Lane,Chatham-Kent,Yukon,L9R 0A0,Canada,643731033,null@man.com
Alexander,Moore,157,Chain Lake Drive,Welland,Newfoundland and Labrador,V8C 0S2,Canada,1150881086,Alexander@point.com
James,Anderson,198,Carriageway Crescent,St. Catharines,Nova Scotia,H3J 3P2,Canada,479153962,James@business.com
Ethan,Jones,163,Braemount Drive,Ajax,British Columbia,B2E 0X4,Canada,328931565,Ethan@group.com
Alexander,Davis,52,Clovis Avenue,,Alberta,N5C 2J8,Canada,1349451987,Alexander@day.com
William,Miller,89,Breen Avenue,Ottawa,Northwest Territories,E4M 2G2,Canada,247154903,William@study.com
Jacob,Williams,150,Castine Way,Prince George,Northwest Territories,"V1K 1V0 ",Canada,139936358,Jacob@state.com
James,Miller,313,Bison Crescent,Winnipeg,Prince Edward Island,T1L 2H8,Canada,677716941,James@way.com
Mason,Jones,497,Artz Street,Burlington,New Brunswick,L3V 1Y8,Canada,643461708,Mason@school.com
Mason,Anderson,98,Braeside Lane,St. Albert,Nunavut,G0H 2P3,Canada,715929156,Mason@hand.com
James,Williams,487,Alton Drive,Langley,Nunavut,E7E 3T7,Canada,188812043,James@world.com
James,Wilson,257,Armview Terrace,Aurora,Nunavut,N8A 0B3,Canada,1032378419,James@country.com
William,Williams,190,Bedford Windsor Ramp,Coquitlam,Nova Scotia,T1L 2H8,Canada,1045200165,William@place.com
Ethan,,456,Aikens Avenue,Drummondville,Prince Edward Island,B2E 0X4,Canada,181737323,Ethan@Mr.com
"",Jackson,209,Auburn Avenue,Brossard,Nunavut,J9P 1C6,Canada,1024846093,null@family.com
Alexander,Williams,20,Birches Drive,Brossard,Northwest Territories,N8H 2H6,Canada,1024759543,Alexander@company.com
Liam,Wilson,280,Alm-a Ramp,Vancouver,Manitoba,G3E 2K4,Canada,798752788,Liam@week.com
Mason,Brown,124,Bliss Street,Winnipeg,Prince Edward Island,L4A 0T0,Canada,124191695,Mason@day.com
"",Anderson,313,Chadwick Place,Abbotsford,Quebec,N8A 0B3,Canada,1398420236,null@work.com
Jacob,Brown,494,Barkton Lane,Kelowna,Nunavut,,Canada,447857215,Jacob@way.com
Ethan,Jackson,146,Abbott Drive,Moncton,Nova Scotia,J9P 1C6,Canada,1151014726,Ethan@program.com
Ethan,Jones,155,Alm-a Ramp,North Vancouver,Prince Edward Island,B2E 0X4,Canada,293552186,Ethan@life.com
Mason,Wilson,331,Angus L Macdonald Bridge,Grande Prairie,Quebec,B2E 0X4,Canada,1293955998,Mason@week.com
