First Name,Last Name,Street Number,Street,City,Province,Postal Code,Country,Phone Number,email Address
"",Jones,317,Bridges Street,Saskatoon,Nova Scotia,N5C 2J8,Canada,712142842,null@part.com
James,Davis,375,Brewer Court,North Vancouver,Nunavut,V8B 1P6,Canada,261414323,James@room.com
Ethan,Thomas,478,Apollo Court,Saint-JÃ©rÃ´me,Nunavut,H3J 3P2,Canada,754547896,Ethan@program.com
Jacob,Williams,93,Alm-a Ramp,Kitchener,Northwest Territories,B2E 0X4,Canada,384863272,Jacob@group.com
Alexander,Davis,260,Carrington Place,Guelph,Saskatchewan,E4M 2G2,Canada,1251990995,Alexander@question.com
William,Thomas,327,Bristol Place,Mirabel,Newfoundland and Labrador,,Canada,1106678868,William@year.com
William,Jones,33,Ahern Avenue,Norfolk County,Quebec,L0N 3J2,Canada,433845265,William@work.com
"",Moore,418,Almon Street,Kelowna,Nunavut,N8H 2H6,Canada,1327070321,null@hand.com
Jacob,Wilson,433,Carnation Crescent,Sherbrooke,Saskatchewan,J0N 0Z3,Canada,103467613,Jacob@state.com
Mason,Thomas,91,Circle Drive,Red Deer,Northwest Territories,E5V 3X5,Canada,1289202159,Mason@word.com
William,,254,Birkdale Crescent,Repentigny,Nunavut,G3H 0B4,Canada,160900735,William@study.com
"",Williams,233,Brenton Street,Thunder Bay,Nunavut,N8H 2H6,Canada,932362338,null@water.com
Liam,Anderson,221,Bakers Drive,Peterborough,Northwest Territories,G3H 0B4,Canada,387906734,Liam@home.com
Jacob,,434,"Alm-../../view.php?place=Alm-# Ramp, Halifax, ns, CANADA Ramp",Saint-Hyacinthe,Prince Edward Island,"L4A 0T3 ",Canada,1338230634,Jacob@case.com
James,Thomas,378,Ashburn Avenue,Vaughan,Yukon,G3E 2K4,Canada,400422236,James@word.com
"",Brown,197,Blowers Street,Kingston,Northwest Territories,T1L 2H8,Canada,1140733016,null@world.com
Ethan,Thomas,477,Alton Drive,Laval,Northwest Territories,B3V 2V1,Canada,359370920,Ethan@thing.com
James,Jackson,428,Alumni Crescent,Milton,Prince Edward Island,B2E 0X4,Canada,703752043,James@hand.com
Mason,Johnson,240,Autumn Drive,Coquitlam,Alberta,V8C 0S2,Canada,679754785,Mason@time.com
William,Moore,394,Arnold Drive,Montreal,Saskatchewan,L0N 3J2,Canada,802936380,William@room.com
Jacob,Moore,484,Ballantrae Lane,Cape Breton,Prince Edward Island,G3H 0B4,Canada,1022960595,Jacob@home.com
