First Name,Last Name,Street Number,Street,City,Province,Postal Code,Country,Phone Number,email Address
"",Moore,367,Blink Bonnie Terrace,Drummondville,Prince Edward Island,G0H 2P3,Canada,1164061998,null@point.com
William,Taylor,414,Bower Road,Kawartha Lakes,Northwest Territories,"V1K 1V0 ",Canada,1239425369,William@work.com
William,Anderson,124,Artz Street,Brampton,Northwest Territories,E4S 3C4,Canada,773294804,William@job.com
William,Miller,479,Ascot Avenue,Laval,Northwest Territories,"B0T 0Y5 ",Canada,109381705,William@life.com
Ethan,Jackson,249,Bayview Road,North Vancouver,Nunavut,G0H 2P3,Canada,1051982158,Ethan@woman.com
Ethan,Brown,239,Brenton Street,Saskatoon,Prince Edward Island,J0N 0Z3,Canada,1403517192,Ethan@group.com
"",Jones,138,Blue Jay Street,Winnipeg,Alberta,G3H 0B4,Canada,1220670017,null@system.com
"",Thomas,347,Brackley Place,Montreal,Prince Edward Island,J0J 3V6,Canada,714003956,null@woman.com
"",Taylor,142,Ascot Avenue,Kingston,Manitoba,E4S 3C4,Canada,729518846,null@way.com
"",Jackson,384,Bloomingdale Terrace,Red Deer,Nova Scotia,H3J 3P2,Canada,660139144,null@Mr.com
James,Jones,22,Birch Cove Lane,Greater Sudbury,Manitoba,G3E 2K4,Canada,1135074447,James@state.com
Ethan,,44,Brigadier Court,Langley,Newfoundland and Labrador,J1S 0R4,Canada,512122221,Ethan@hand.com
Jacob,Moore,222,Balwearie Lane,Burlington,New Brunswick,"V1K 1V0 ",Canada,191598163,Jacob@case.com
