First Name,Last Name,Street Number,Street,City,Province,Postal Code,Country,Phone Number,email Address
William,Brown,267,Brenton Street,Cape Breton,Prince Edward Island,J9P 1C6,Canada,1302940807,William@number.com
"",Johnson,263,Bonaventure Drive,Cape Breton,Prince Edward Island,J1S 0R4,Canada,1166884010,null@case.com
William,Thomas,319,Blue Jay Street,Kelowna,Northwest Territories,N8H 2H6,Canada,379029706,William@man.com
Jacob,Jackson,207,Bedford Windsor Ramp,Niagara Falls,Nova Scotia,N5C 2J8,Canada,301872571,Jacob@student.com
Liam,Davis,416,Black Street,Brantford,British Columbia,G3H 0B4,Canada,1086360912,Liam@company.com
Jacob,Taylor,27,Autumn Drive,Surrey,Quebec,J9P 1C6,Canada,595229573,Jacob@work.com
Mason,Williams,65,Birches Drive,Kitchener,New Brunswick,,Canada,667774206,Mason@water.com
Mason,Davis,295,Bilton Lane,Chatham-Kent,Nunavut,L9R 0A0,Canada,527528997,Mason@country.com
Mason,Anderson,140,Charlotte Lane,St. Catharines,Saskatchewan,N4N 0B9,Canada,694593056,Mason@week.com
James,,354,Birch Cove Lane,Terrebonne,Alberta,G6X 2L1,Canada,421755473,James@day.com
Jacob,Jones,476,Bedford Highway,Nanaimo,British Columbia,N5C 2J8,Canada,375823392,Jacob@system.com
"",Johnson,42,Charlton Avenue,St. Catharines,Nova Scotia,K1B 3B2,Canada,695381408,null@case.com
Alexander,Miller,76,Circle Drive,Medicine Hat,Prince Edward Island,E5V 3X5,Canada,359673617,Alexander@part.com
