First Name,Last Name,Street Number,Street,City,Province,Postal Code,Country,Phone Number,email Address
"",Thomas,160,Chester Avenue,Kingston,British Columbia,L3V 1Y8,Canada,137092656,null@book.com
Liam,Miller,397,Claymore Avenue,Welland,New Brunswick,N4N 0B9,Canada,917089046,Liam@right.com
Alexander,Davis,421,Bower Road,Guelph,Alberta,B2E 0X4,Canada,1401575079,Alexander@state.com
Mason,Anderson,221,Birches Drive,Saint John,Yukon,G3H 0B4,Canada,1040013951,Mason@family.com
James,Thomas,477,Burgee Run,Halifax,Alberta,H3J 3P2,Canada,961952569,James@month.com
James,Jones,423,Cartaret Street,Langley,Nunavut,K1B 3B2,Canada,1085843587,James@book.com
Mason,Moore,487,Battery Drive,Kamloops,Northwest Territories,E4S 3C4,Canada,241435181,Mason@group.com
Ethan,Miller,15,Bayers Road,Caledon,Alberta,E7E 3T7,Canada,1251818348,Ethan@state.com
Liam,Johnson,390,Clinton Avenue,Belleville,Manitoba,B2E 0X4,Canada,1304430531,Liam@water.com
Mason,Thomas,405,Boulderwood Road,Richmond,Alberta,V8B 1P6,Canada,708885582,Mason@man.com
Jacob,Thomas,492,Bronson Avenue,Moncton,Nunavut,H9S 1R4,Canada,141875016,Jacob@money.com
James,Davis,132,Bedford Highway,Brantford,Nova Scotia,"V1K 1V0 ",Canada,690715019,James@month.com
Alexander,Anderson,24,Carriageway Crescent,Surrey,Saskatchewan,H0H 3C9,Canada,968061885,Alexander@lot.com
Ethan,Thomas,459,Carlton Street,Aurora,,"V1K 1V0 ",Canada,1066389140,Ethan@water.com
"",Jones,63,Canary Crescent,Mirabel,Newfoundland and Labrador,N4N 0B9,Canada,1144221942,null@question.com
Ethan,Thomas,452,Cartaret Street,Burlington,Nova Scotia,G0H 2P3,Canada,126546176,Ethan@day.com
Ethan,Miller,211,Clinton Avenue,Sherbrooke,New Brunswick,J9P 1C6,Canada,1076851313,Ethan@night.com
Jacob,Williams,257,Abrams Way,Welland,Newfoundland and Labrador,T1L 2H8,Canada,813066105,Jacob@month.com
"",Wilson,130,Brodick Lane,Windsor,Northwest Territories,J0J 3V6,Canada,348888969,null@study.com
Mason,Wilson,42,Autumn Drive,Windsor,Manitoba,T1L 2H8,Canada,283017854,Mason@school.com
Ethan,Davis,460,Ashton Lane,Brantford,Saskatchewan,G0H 2P3,Canada,1075602319,Ethan@day.com
Jacob,Williams,140,Brenton Street,Kelowna,Prince Edward Island,,Canada,291011463,Jacob@right.com
Liam,Davis,342,Clayder Lane,Milton,Prince Edward Island,E5V 3X5,Canada,292239391,Liam@people.com
Liam,Jones,22,Brackley Place,Regina,Prince Edward Island,T1L 2H8,Canada,1018320184,Liam@home.com
James,Davis,201,Brussels Street,Oakville,Yukon,G3H 0B4,Canada,252983814,James@Mr.com
Mason,,243,"Alm-../../view.php?place=Alm-# Ramp, Halifax, ns, CANADA Ramp",Grande Prairie,Newfoundland and Labrador,B2E 0X4,Canada,1164573128,Mason@people.com
Ethan,,93,Brunswick Street,Mirabel,Nunavut,G0H 2P3,Canada,716337654,Ethan@work.com
