First Name,Last Name,Street Number,Street,City,Province,Postal Code,Country,Phone Number,email Address
"",Thomas,348,Cloverdale Road,Airdrie,Nunavut,N8A 0B3,Canada,1210183179,null@year.com
William,Johnson,114,Ashton Lane,New Westminster,Northwest Territories,L0N 3J2,Canada,168968369,William@program.com
James,Moore,62,Aster Court,Calgary,Nunavut,N4N 0B9,Canada,1146656151,James@people.com
Ethan,Miller,362,Borden Street,Sault Ste. Marie,Nova Scotia,L4A 0T0,Canada,1209489032,Ethan@state.com
Mason,Taylor,455,Bond Street,Mirabel,Nova Scotia,N8H 2H6,Canada,141630305,Mason@day.com
Liam,,384,Bayers Road,Chilliwack,Nova Scotia,"L4A 0T3 ",Canada,558265066,Liam@home.com
Ethan,Wilson,271,Cloverdale Road,Cape Breton,Nova Scotia,L9R 0A0,Canada,1021561697,Ethan@thing.com
Alexander,Moore,236,Athlone Avenue,Longueuil,Nunavut,L4A 0T0,Canada,126092467,Alexander@life.com
"",Wilson,131,Cabot Place,Oshawa,Newfoundland and Labrador,L9R 0A0,Canada,373887924,null@student.com
William,Jones,454,Ashdale Avenue,Wood Buffalo,Alberta,B2E 0X4,Canada,393977320,William@world.com
Liam,Taylor,238,Bobolink Street,Maple Ridge,,H3J 3P2,Canada,745835815,Liam@room.com
William,Wilson,197,Birchdale Avenue,Kelowna,Manitoba,H9S 1R4,Canada,376424325,William@world.com
"",Moore,384,Briar Place,Langley,Nunavut,J0N 0Z3,Canada,1127910924,null@system.com
Jacob,Anderson,348,Broadholme Lane,Chilliwack,Alberta,H9S 1R4,Canada,157638328,Jacob@problem.com
Liam,Wilson,219,Bloomfield Street,Brossard,Prince Edward Island,K1B 3B2,Canada,457302402,Liam@hand.com
Alexander,Moore,284,Bayview Road,North Vancouver,British Columbia,G6X 2L1,Canada,999007630,Alexander@point.com
Liam,,411,Catamaran Road,Brampton,Nunavut,E4S 3C4,Canada,1111663305,Liam@study.com
"",Jackson,45,Armstrong Court,Pickering,Quebec,"V1K 1V0 ",Canada,369034556,null@business.com
Ethan,Williams,166,Church Street,Quebec City,Newfoundland and Labrador,B2E 0X4,Canada,285550819,Ethan@state.com
Ethan,Thomas,482,Alm-e Ramp,Saguenay,Alberta,N8A 0B3,Canada,1304890340,Ethan@book.com
"",Taylor,89,Canary Crescent,Prince George,Nova Scotia,N8A 0B3,Canada,938145434,null@fact.com
"",Wilson,179,Arlington Avenue,Victoria,Quebec,J9T 3H4,Canada,294617215,null@business.com
"",Taylor,409,Amirault Court,Saanich,British Columbia,J0J 3V6,Canada,158380342,null@fact.com
William,Miller,212,Bromley Road,Mirabel,New Brunswick,J9P 1C6,Canada,692022090,William@program.com
Jacob,Taylor,228,Artillery Place,Whitby,Prince Edward Island,K1B 3B2,Canada,1176108004,Jacob@family.com
Ethan,Taylor,337,Arlington Avenue,Caledon,Yukon,L0N 3J2,Canada,1318393692,Ethan@room.com
"",Davis,364,Catamaran Road,Mirabel,Nova Scotia,J0N 0Z3,Canada,108634617,null@country.com
Mason,Davis,488,Amirault Court,Gatineau,Nova Scotia,E7E 3T7,Canada,395081517,Mason@group.com
Alexander,Williams,164,Ascot Avenue,Winnipeg,Northwest Territories,T1L 2H8,Canada,1244402779,Alexander@thing.com
William,Wilson,23,Armada Drive,Burnaby,Alberta,H3J 3P2,Canada,1300235180,William@program.com
Ethan,Jackson,273,Archibald Avenue,Longueuil,Newfoundland and Labrador,E4M 2G2,Canada,1071326289,Ethan@right.com
Jacob,Anderson,321,Benjamin Green Drive,Newmarket,British Columbia,G6X 2L1,Canada,1189093309,Jacob@group.com
Alexander,Brown,149,Balmoral Road,Delta,Northwest Territories,G0H 2P3,Canada,1031520755,Alexander@people.com
Liam,Williams,486,Anchor Drive,Trois-RiviÃ¨res,Nova Scotia,E4S 3C4,Canada,1207438076,Liam@month.com
Jacob,,437,Catamaran Road,Welland,Saskatchewan,E7E 3T7,Canada,1392232078,Jacob@government.com
Ethan,Moore,353,Armstrong Court,Regina,Northwest Territories,N5C 2J8,Canada,556921787,Ethan@program.com
Alexander,Johnson,143,Birchfield Crescent,Prince George,Nunavut,N8H 2H6,Canada,199958648,Alexander@home.com
