First Name,Last Name,Street Number,Street,City,Province,Postal Code,Country,Phone Number,email Address
William,Wilson,31,Archibald Avenue,Quebec City,,E7E 3T7,Canada,979845043,William@question.com
William,Jackson,393,Birchfield Crescent,Edmonton,Northwest Territories,"B0T 0Y5 ",Canada,298694021,William@company.com
William,Williams,382,Autumn Drive,North Vancouver,,J0J 3V6,Canada,1309944290,William@week.com
Alexander,Moore,14,Chestnut Street,Barrie,Saskatchewan,E5V 3X5,Canada,814208731,Alexander@country.com
Ethan,Williams,334,Armview Avenue,Kawartha Lakes,Saskatchewan,J0N 0Z3,Canada,355972603,Ethan@people.com
"",Johnson,347,Berts Drive,Guelph,Alberta,N4N 0B9,Canada,983808434,null@number.com
Jacob,,394,Arthur Street,Kitchener,New Brunswick,K1B 3B2,Canada,1262716147,Jacob@year.com
Jacob,Jackson,173,Belmont On The Arm,Guelph,Alberta,G6X 2L1,Canada,426937622,Jacob@way.com
Ethan,Wilson,297,Bridgeview Drive,LÃ©vis,Nunavut,E4S 3C4,Canada,893239235,Ethan@mother.com
Alexander,Johnson,158,Auburn Avenue,Norfolk County,,K1B 3B2,Canada,522646262,Alexander@day.com
Liam,Johnson,76,Chebucto Road,Whitby,Alberta,B3V 2V1,Canada,118614716,Liam@point.com
Alexander,Wilson,444,Caitland Court,Chilliwack,Alberta,"B0T 0Y5 ",Canada,309948208,Alexander@case.com
Mason,Williams,388,Castle Hill Drive,Brantford,Newfoundland and Labrador,G3H 0B4,Canada,519095685,Mason@group.com
Ethan,Jones,92,Balmoral Road,Grande Prairie,Nova Scotia,J9P 1C6,Canada,762218361,Ethan@question.com
Alexander,Williams,21,Berlin Street,Windsor,Alberta,"L4A 0T3 ",Canada,1404644280,Alexander@place.com
Ethan,Taylor,281,Blue Thistle Road,Saint John,Nova Scotia,J0N 0Z3,Canada,568572287,Ethan@problem.com
Alexander,Anderson,310,Circle Drive,Prince George,Prince Edward Island,E4S 3C4,Canada,1151766937,Alexander@thing.com
James,Williams,170,Brook Street,Cape Breton,Saskatchewan,J0N 0Z3,Canada,241052017,James@lot.com
James,Anderson,257,Artillery Place,North Vancouver,Newfoundland and Labrador,T1L 2H8,Canada,935625601,James@problem.com
Liam,Jackson,151,Bliss Street,Richmond,Newfoundland and Labrador,B2E 0X4,Canada,241686072,Liam@time.com
James,Moore,42,Bakers Drive,Grande Prairie,Alberta,E7E 3T7,Canada,618870153,James@business.com
James,Moore,229,Bright Place,Winnipeg,Northwest Territories,N5C 2J8,Canada,139255819,James@people.com
Liam,Williams,271,Cascade Drive,Chilliwack,Northwest Territories,G0H 2P3,Canada,1028125030,Liam@thing.com
Jacob,Williams,481,Benjamin Green Drive,Gatineau,Prince Edward Island,E7E 3T7,Canada,1274972046,Jacob@company.com
"",Davis,269,Bellevue Avenue,LÃ©vis,Prince Edward Island,E4M 2G2,Canada,442658786,null@number.com
Alexander,Moore,4,Alm-a Ramp,New Westminster,Nunavut,G6X 2L1,Canada,1198191685,Alexander@group.com
"",Thomas,442,Chelmsford Place,Saint John,Northwest Territories,"L4A 0T3 ",Canada,1217260054,null@study.com
