First Name,Last Name,Street Number,Street,City,Province,Postal Code,Country,Phone Number,email Address
Liam,Miller,412,Catamaran Road,Moncton,Prince Edward Island,L4A 0T0,Canada,430041672,Liam@life.com
"",Miller,22,Bell Road,Saint-Hyacinthe,Yukon,E4M 2G2,Canada,320866424,null@group.com
James,Jones,141,Chisholm Avenue,Newmarket,Prince Edward Island,"V1K 1V0 ",Canada,595494087,James@woman.com
Ethan,Jackson,196,Apollo Court,Saint-Jean-sur-Richelieu,Prince Edward Island,N5C 2J8,Canada,644249885,Ethan@home.com
James,Jackson,158,Archibald Avenue,Halifax,Nunavut,V8B 1P6,Canada,812256667,James@thing.com
Liam,Jones,322,Brighton Avenue,Pickering,Nunavut,E7E 3T7,Canada,690383591,Liam@point.com
William,,96,Bedford Row,Halton Hills,Alberta,B2E 0X4,Canada,1126865237,William@woman.com
Liam,Johnson,193,Birch Street,Fredericton,Newfoundland and Labrador,G3E 2K4,Canada,1118531651,Liam@book.com
"",Wilson,61,Clayder Lane,Clarington,Nunavut,L3V 1Y8,Canada,1298875487,null@family.com
James,Thomas,216,Ashburn Avenue,Cambridge,New Brunswick,N5C 2J8,Canada,682139535,James@number.com
Mason,Jackson,30,Broadholme Lane,Aurora,New Brunswick,E5V 3X5,Canada,138254063,Mason@number.com
Ethan,Wilson,122,Alm-a Ramp,Saint-JÃ©rÃ´me,New Brunswick,J1S 0R4,Canada,1344056747,Ethan@case.com
Alexander,,52,Adelaide Avenue,Welland,Prince Edward Island,G6X 2L1,Canada,554635936,Alexander@time.com
William,Moore,325,Armshore Drive,Niagara Falls,Nunavut,G0H 2P3,Canada,555102271,William@year.com
James,Thomas,159,Beech Street,Regina,Alberta,H0H 3C9,Canada,633855761,James@way.com
"",Taylor,138,Caitland Court,Kamloops,Saskatchewan,L9R 0A0,Canada,837727736,null@child.com
Jacob,Wilson,356,Cardiff Place,Drummondville,British Columbia,J0N 0Z3,Canada,518306743,Jacob@money.com
Mason,Thomas,260,Camelot Lane,Belleville,Quebec,G3E 2K4,Canada,609217618,Mason@group.com
Alexander,Moore,5,Bobolink Street,Langley,Nunavut,"L4A 0T3 ",Canada,1348740171,Alexander@man.com
Alexander,Taylor,237,Blowers Street,New Westminster,Alberta,L4A 0T0,Canada,251568911,Alexander@thing.com
Mason,Taylor,101,Blowers Street,St. John's,Quebec,J0N 0Z3,Canada,1048767868,Mason@home.com
Alexander,Moore,268,Carrington Place,St. Catharines,Alberta,E7E 3T7,Canada,775311369,Alexander@business.com
James,Jones,357,Beaufort Avenue,Saint John,Nunavut,V8C 0S2,Canada,350297729,James@child.com
Ethan,Williams,9,Apollo Court,Saint John,Nunavut,N8A 0B3,Canada,155949087,Ethan@government.com
James,Jones,6,Alma Crescent,North Vancouver,Quebec,H0H 3C9,Canada,985292775,James@thing.com
"",,402,Birkdale Crescent,Sarnia,Yukon,G0H 2P3,Canada,272387201,null@place.com
William,Johnson,201,Chester Avenue,Pickering,Prince Edward Island,,Canada,186221867,William@country.com
Ethan,Thomas,318,Beachstone Drive,Saint-Hyacinthe,Manitoba,K1B 3B2,Canada,1345010946,Ethan@world.com
Jacob,Brown,20,Alm-a Ramp,Calgary,Newfoundland and Labrador,E5V 3X5,Canada,439046233,Jacob@business.com
William,Thomas,350,Castle Hill Drive,Montreal,,L3V 1Y8,Canada,609874009,William@room.com
Jacob,Moore,494,Balmoral Road,Brantford,Quebec,V8B 1P6,Canada,1214904057,Jacob@group.com
William,Miller,447,Bedros Lane,Blainville,Nunavut,N5C 2J8,Canada,920078215,William@home.com
