First Name,Last Name,Street Number,Street,City,Province,Postal Code,Country,Phone Number,email Address
Jacob,Anderson,27,Chelsea Lane,Blainville,,N8H 2H6,Canada,1303295583,Jacob@right.com
James,Johnson,407,Charles Street,London,,J0J 3V6,Canada,1307615747,James@government.com
"",Wilson,164,Admirals Way,Oshawa,Prince Edward Island,L3V 1Y8,Canada,510000695,null@book.com
Jacob,Jones,147,Banbury Close,Ottawa,New Brunswick,V8B 1P6,Canada,1115117428,Jacob@problem.com
Ethan,Jackson,488,Bayers Road,Greater Sudbury,British Columbia,J1S 0R4,Canada,460120330,Ethan@study.com
William,Jackson,308,Chelton Woods Lane,Saint-Jean-sur-Richelieu,Prince Edward Island,"L4A 0T3 ",Canada,585421058,William@state.com
William,,16,Aurora Avenue,Saguenay,Northwest Territories,J0N 0Z3,Canada,281261575,William@woman.com
Liam,Thomas,212,Alm-a Ramp,,Alberta,L3V 1Y8,Canada,417532508,Liam@lot.com
"",Thomas,346,Aukland Place,Ottawa,Prince Edward Island,V8B 1P6,Canada,1307889239,null@country.com
Jacob,Wilson,180,Black Street,Granby,Yukon,E4M 2G2,Canada,220511709,Jacob@year.com
"",Jones,160,Bayview Road,Belleville,Northwest Territories,,Canada,569436740,null@time.com
Alexander,Williams,59,Bayers Road,Kelowna,Yukon,G3H 0B4,Canada,1377767399,Alexander@time.com
Ethan,Davis,377,Brenton Street,Terrebonne,Nunavut,"L4A 0T3 ",Canada,1397251262,Ethan@lot.com
Jacob,Jackson,274,Bower Road,Saint-JÃ©rÃ´me,Nunavut,E4M 2G2,Canada,952588655,Jacob@month.com
