First Name,Last Name,Street Number,Street,City,Province,Postal Code,Country,Phone Number,email Address
William,Thomas,454,Blue Willow Court,Newmarket,British Columbia,G3E 2K4,Canada,1097855733,William@part.com
"",,496,Blue Willow Court,Burlington,Northwest Territories,T1L 2H8,Canada,322781966,null@right.com
"",Brown,146,Clinton Avenue,Medicine Hat,Quebec,"L4A 0T3 ",Canada,740547424,null@book.com
"",Miller,245,Cartaret Street,Montreal,Alberta,H9S 1R4,Canada,1240927066,null@program.com
Mason,Brown,41,Bower Road,Kawartha Lakes,Saskatchewan,L0N 3J2,Canada,865645712,Mason@company.com
Mason,,358,Cavendish Road,Brantford,Alberta,"B0T 0Y5 ",Canada,1185796874,Mason@job.com
Mason,Davis,489,Castine Way,Regina,Prince Edward Island,B2E 0X4,Canada,607585016,Mason@point.com
Ethan,Jackson,50,Cambridge Street,Waterloo,Nova Scotia,T1L 2H8,Canada,186474145,Ethan@student.com
"",Taylor,95,Bobolink Street,Cape Breton,Prince Edward Island,T1L 2H8,Canada,812554948,null@word.com
Ethan,Moore,447,Belmont On The Arm,Guelph,Manitoba,"B0T 0Y5 ",Canada,274788313,Ethan@way.com
Ethan,Jones,455,Albert Walker Drive,London,Alberta,V8B 1P6,Canada,422628217,Ethan@book.com
James,Moore,411,Bedros Lane,Maple Ridge,Nova Scotia,L4A 0T0,Canada,851634093,James@student.com
Jacob,Jones,157,Blue Thistle Road,Mississauga,Quebec,H9S 1R4,Canada,753900454,Jacob@home.com
