First Name,Last Name,Street Number,Street,City,Province,Postal Code,Country,Phone Number,email Address
Liam,Williams,38,Armoury Place,Thunder Bay,Alberta,J9T 3H4,Canada,1188282848,Liam@lot.com
Jacob,Jackson,93,Bridget Avenue,Blainville,Northwest Territories,E5V 3X5,Canada,619872179,Jacob@eye.com
Ethan,Jones,86,Cambridge Street,Maple Ridge,British Columbia,G0H 2P3,Canada,1078182438,Ethan@word.com
Mason,,316,Arvida Avenue,Repentigny,Northwest Territories,G3H 0B4,Canada,500782321,Mason@business.com
Liam,Johnson,136,Carlton Street,Thunder Bay,New Brunswick,"L4A 0T3 ",Canada,1183033610,Liam@case.com
Jacob,Jones,353,Birchdale Avenue,Whitby,Newfoundland and Labrador,G0H 2P3,Canada,756059373,Jacob@work.com
"",Taylor,410,Autumn Drive,Pickering,Alberta,T1L 2H8,Canada,1116368473,null@work.com
Mason,,485,Chain Rock Drive,Caledon,Northwest Territories,H9S 1R4,Canada,299236545,Mason@group.com
Ethan,Brown,27,Berkshire Close,Wood Buffalo,Prince Edward Island,H3J 3P2,Canada,133137163,Ethan@week.com
Liam,Jackson,182,Chebucto Road,,Alberta,V8B 1P6,Canada,1159140881,Liam@hand.com
Mason,Anderson,82,Castlepark Grove,London,Saskatchewan,"L4A 0T3 ",Canada,815084617,Mason@thing.com
Liam,Anderson,319,Cascade Drive,Saint John,Alberta,"L4A 0T3 ",Canada,861284273,Liam@number.com
James,Thomas,492,Brewer Court,Saint John,Yukon,"B0T 0Y5 ",Canada,970258479,James@home.com
Alexander,Williams,24,Albert Walker Drive,Trois-RiviÃ¨res,Nova Scotia,N5C 2J8,Canada,1120498010,Alexander@day.com
"",Wilson,177,Clayder Lane,Airdrie,British Columbia,L9R 0A0,Canada,771470201,null@right.com
"",Thomas,181,Chain Lake Drive,Delta,New Brunswick,G6X 2L1,Canada,1207161721,null@word.com
Liam,Brown,373,"Alm-../../view.php?place=Alm-# Ramp, Halifax, ns, CANADA Ramp",Peterborough,Saskatchewan,N8H 2H6,Canada,420685880,Liam@student.com
"",,324,Clayder Lane,LÃ©vis,Prince Edward Island,J1S 0R4,Canada,367469657,null@school.com
