First Name,Last Name,Street Number,Street,City,Province,Postal Code,Country,Phone Number,email Address
William,Jones,95,Cabot Back Lane,Granby,New Brunswick,G6X 2L1,Canada,932607697,William@fact.com
James,Williams,218,Admirals Way,Strathcona County,,L3V 1Y8,Canada,334189907,James@government.com
Jacob,Thomas,366,Bloomingdale Terrace,Abbotsford,Quebec,N4N 0B9,Canada,923759241,Jacob@question.com
Jacob,Anderson,5,Blenheim Terrace,Greater Sudbury,Manitoba,T1L 2H8,Canada,948762873,Jacob@family.com
Ethan,Johnson,89,Bridgeview Drive,Ottawa,Quebec,B2E 0X4,Canada,777740333,Ethan@time.com
Alexander,Brown,147,Chester Avenue,Gatineau,Alberta,G6X 2L1,Canada,1102793368,Alexander@home.com
William,Johnson,191,Alm-c Ramp,Kawartha Lakes,,V8C 0S2,Canada,911995719,William@program.com
Mason,Miller,427,Chebucto Lane,Clarington,Prince Edward Island,L9R 0A0,Canada,1359867151,Mason@null
"",Williams,132,Arnold Drive,Cape Breton,Alberta,G0H 2P3,Canada,1269712155,null@case.com
Alexander,Thomas,84,Cascade Drive,Victoria,Nunavut,H3J 3P2,Canada,1208894063,Alexander@business.com
"",,25,Abercrombie Lane,Saanich,Alberta,V8C 0S2,Canada,867737246,null@year.com
Jacob,,36,Benjamin Green Drive,Whitby,Saskatchewan,H0H 3C9,Canada,803365783,Jacob@room.com
William,Brown,397,Carroll Lane,Granby,Nunavut,T1L 2H8,Canada,259307989,William@group.com
James,Miller,172,Caitland Court,Airdrie,British Columbia,L4A 0T0,Canada,700530153,James@week.com
"",Jones,216,Alm-b Ramp,Nanaimo,British Columbia,J9T 3H4,Canada,753031016,null@part.com
Mason,Johnson,376,Catamaran Road,Welland,New Brunswick,G3E 2K4,Canada,340483966,Mason@case.com
"",Taylor,265,Binney Street,Mississauga,Alberta,J1S 0R4,Canada,113358730,null@job.com
Ethan,Brown,221,Bison Crescent,Whitby,Quebec,H0H 3C9,Canada,1038660896,Ethan@family.com
Alexander,Davis,110,Birchfield Crescent,Delta,Northwest Territories,N8A 0B3,Canada,610939924,Alexander@child.com
James,Johnson,198,Arthur Street,Halton Hills,New Brunswick,B2E 0X4,Canada,901119153,James@point.com
Alexander,Brown,253,Berlin Street,Quebec City,Nova Scotia,T1L 2H8,Canada,1284757443,Alexander@part.com
Jacob,Davis,180,Charles Street,Nanaimo,Nunavut,G6X 2L1,Canada,322858705,Jacob@system.com
Jacob,Wilson,316,Chelton Woods Lane,Belleville,Prince Edward Island,L9R 0A0,Canada,1083624363,Jacob@null
Jacob,Thomas,126,Arthur Street,Whitby,Quebec,N4N 0B9,Canada,1198703044,Jacob@water.com
William,Jackson,66,Brewer Court,Surrey,New Brunswick,L0N 3J2,Canada,411278624,William@group.com
Liam,Davis,189,,Saanich,Saskatchewan,G3E 2K4,Canada,1309314166,Liam@way.com
"",Jackson,466,Ahern Avenue,Victoria,Yukon,H3J 3P2,Canada,612112132,null@hand.com
Ethan,Anderson,209,Chelton Woods Lane,Strathcona County,Prince Edward Island,"L4A 0T3 ",Canada,400344255,Ethan@man.com
Jacob,,366,"Alm-../../view.php?place=Alm-# Ramp, Halifax, ns, CANADA Ramp",Ottawa,Nova Scotia,,Canada,103226701,Jacob@school.com
William,Jones,175,Balcomes Drive,Mississauga,Quebec,"B0T 0Y5 ",Canada,1311987066,William@job.com
James,Jackson,391,Bland Street,Drummondville,New Brunswick,J9T 3H4,Canada,593231393,James@way.com
James,Jackson,324,Braemount Drive,Chilliwack,Alberta,N4N 0B9,Canada,668875412,James@program.com
"",Brown,70,Brighton Avenue,Welland,Prince Edward Island,J0N 0Z3,Canada,243199891,null@fact.com
