First Name,Last Name,Street Number,Street,City,Province,Postal Code,Country,Phone Number,email Address
Mason,,476,Chelton Woods Lane,Saint-Jean-sur-Richelieu,New Brunswick,G3E 2K4,Canada,142718712,Mason@program.com
Liam,Davis,339,Buddy Daye Street,Peterborough,Northwest Territories,B3V 2V1,Canada,1268917141,Liam@people.com
Mason,Miller,253,Albert Place,Medicine Hat,Prince Edward Island,N4N 0B9,Canada,1188822098,Mason@program.com
Jacob,,169,Andrew Street,Saint John,Quebec,E5V 3X5,Canada,391278056,Jacob@way.com
"",Moore,310,Birches Drive,Maple Ridge,New Brunswick,J0N 0Z3,Canada,1027368564,null@business.com
James,Jones,491,Bridget Avenue,Ajax,Nunavut,L4A 0T0,Canada,518840305,James@state.com
Liam,Jones,35,Bliss Street,Saint-JÃ©rÃ´me,Prince Edward Island,J1S 0R4,Canada,307234329,Liam@point.com
Alexander,Anderson,442,Alm-a Ramp,Saint-JÃ©rÃ´me,Nunavut,B3V 2V1,Canada,508743645,Alexander@problem.com
Alexander,Thomas,86,Belle Aire Terrace,Hamilton,Prince Edward Island,G0H 2P3,Canada,920290209,Alexander@mother.com
James,Brown,292,Atlantic Street,Pickering,Newfoundland and Labrador,E5V 3X5,Canada,1168696874,James@room.com
Alexander,Davis,285,Boscobel Road,Brantford,Nova Scotia,N8H 2H6,Canada,807218543,Alexander@study.com
Jacob,Davis,381,Chelton Woods Lane,Cape Breton,Prince Edward Island,N4N 0B9,Canada,761521861,Jacob@point.com
Mason,Thomas,82,Blowers Street,Welland,Alberta,L4A 0T0,Canada,1194419390,Mason@point.com
William,Jackson,376,Argyle Street,Trois-RiviÃ¨res,Prince Edward Island,L4A 0T0,Canada,916877978,William@room.com
"",Brown,54,Bridget Avenue,Grande Prairie,Nunavut,G0H 2P3,Canada,1074748295,null@country.com
Liam,Jackson,222,Brodick Lane,Mirabel,Nunavut,E4S 3C4,Canada,1368554301,Liam@week.com
Alexander,Johnson,22,Andrew Street,Trois-RiviÃ¨res,Yukon,"B0T 0Y5 ",Canada,413209363,Alexander@problem.com
Alexander,Brown,440,Beech Street,Belleville,Saskatchewan,H9S 1R4,Canada,1172131800,Alexander@week.com
Jacob,Wilson,47,Arvida Avenue,Winnipeg,Northwest Territories,K1B 3B2,Canada,176414208,Jacob@study.com
Liam,Johnson,269,Brodick Lane,Belleville,Alberta,E7E 3T7,Canada,579056627,Liam@right.com
William,Davis,229,Armoury Place,Waterloo,Nova Scotia,J1S 0R4,Canada,894019336,William@water.com
Alexander,Taylor,369,Bethany Way,Kelowna,Nova Scotia,"B0T 0Y5 ",Canada,1227986469,Alexander@hand.com
Liam,Davis,244,Bellevue Avenue,Waterloo,Alberta,J0J 3V6,Canada,1073041737,Liam@money.com
William,Johnson,298,Auburn Avenue,Brampton,Northwest Territories,N8H 2H6,Canada,681486653,William@way.com
Alexander,Taylor,372,Bison Crescent,North Vancouver,Manitoba,J9P 1C6,Canada,591644022,Alexander@null
James,Williams,445,Alma Crescent,Prince George,Prince Edward Island,E5V 3X5,Canada,746480784,James@money.com
Ethan,,455,Abercrombie Lane,Sault Ste. Marie,Alberta,J0J 3V6,Canada,655795234,Ethan@thing.com
Jacob,Johnson,273,Chestnut Street,Granby,British Columbia,J0N 0Z3,Canada,502560984,Jacob@month.com
Mason,Johnson,258,Ahern Avenue,Blainville,Northwest Territories,N8A 0B3,Canada,213733424,Mason@world.com
James,Taylor,460,Agricola Street,Belleville,New Brunswick,H3J 3P2,Canada,1001497044,James@study.com
James,Moore,118,Armada Drive,Victoria,Nova Scotia,J0J 3V6,Canada,1368729557,James@question.com
Jacob,Jackson,143,Chessvale Close,Aurora,Nunavut,E5V 3X5,Canada,518052861,Jacob@thing.com
Jacob,,441,Ahern Avenue,Grande Prairie,British Columbia,H3J 3P2,Canada,1407115770,Jacob@way.com
Liam,Jones,494,Catamaran Road,Langley,Saskatchewan,B2E 0X4,Canada,257580187,Liam@thing.com
James,Williams,297,Cambridge Street,Pickering,Alberta,N4N 0B9,Canada,398273610,James@home.com
Ethan,Wilson,469,Caxton Close,Thunder Bay,Prince Edward Island,"L4A 0T3 ",Canada,567679210,Ethan@student.com
Ethan,,200,Ballantrae Lane,Thunder Bay,Nunavut,T1L 2H8,Canada,1394303839,Ethan@home.com
