First Name,Last Name,Street Number,Street,City,Province,Postal Code,Country,Phone Number,email Address
"",Miller,472,Almon Street,Gatineau,Prince Edward Island,L4A 0T0,Canada,855656419,null@month.com
Jacob,Thomas,422,Ash Lake Court,Saanich,Newfoundland and Labrador,"L4A 0T3 ",Canada,952297932,Jacob@home.com
"",Thomas,70,Aurora Avenue,Surrey,Yukon,L9R 0A0,Canada,828412448,null@question.com
Ethan,Jackson,138,Cardiff Place,Moncton,Quebec,E4M 2G2,Canada,1385938230,Ethan@child.com
"",Jackson,83,Clayder Lane,Grande Prairie,Northwest Territories,E4S 3C4,Canada,1238224138,null@right.com
Mason,Thomas,362,Church Street,Red Deer,Saskatchewan,B3V 2V1,Canada,1058346075,Mason@day.com
Mason,Wilson,192,Brunswick Street,Saguenay,Nunavut,E5V 3X5,Canada,334325028,Mason@system.com
Liam,Moore,358,Blue Willow Court,Greater Sudbury,Northwest Territories,L3V 1Y8,Canada,532866891,Liam@fact.com
Ethan,Jones,434,Binney Street,Prince George,Saskatchewan,"L4A 0T3 ",Canada,1073429607,Ethan@government.com
Alexander,Moore,159,Brewer Court,London,Nunavut,B3V 2V1,Canada,1076487363,Alexander@mother.com
Mason,Moore,262,Alma Crescent,Guelph,,"L4A 0T3 ",Canada,743028806,Mason@number.com
James,Jackson,238,Bellevue Avenue,Prince George,Prince Edward Island,J9T 3H4,Canada,117478267,James@man.com
Ethan,Thomas,136,Birchdale Avenue,Belleville,Newfoundland and Labrador,G0H 2P3,Canada,739165517,Ethan@woman.com
"",Thomas,179,Camelot Lane,Guelph,Prince Edward Island,H0H 3C9,Canada,858952387,null@book.com
Jacob,Jackson,444,Brewer Court,Ajax,Saskatchewan,L9R 0A0,Canada,1248748066,Jacob@mother.com
Ethan,Jones,102,Bright Place,Halifax,Yukon,N5C 2J8,Canada,297698532,Ethan@part.com
"",Wilson,198,Chisholm Avenue,Hamilton,Prince Edward Island,J9T 3H4,Canada,162845719,null@day.com
Alexander,Jones,482,Bright Place,Hamilton,Yukon,,Canada,527348906,Alexander@night.com
Alexander,,193,Cabot Street,Vaughan,Yukon,"B0T 0Y5 ",Canada,1001369721,Alexander@null
Alexander,Miller,136,Aikenhead Road,Nanaimo,Newfoundland and Labrador,V8B 1P6,Canada,204528436,Alexander@room.com
William,Davis,455,Auburn Avenue,Terrebonne,Saskatchewan,K1B 3B2,Canada,1255004616,William@point.com
William,Williams,139,Bayne Street,Sault Ste. Marie,British Columbia,B3V 2V1,Canada,845280823,William@problem.com
"",Davis,436,Braemount Drive,Brantford,Prince Edward Island,"V1K 1V0 ",Canada,730723129,null@country.com
"",Miller,19,Birchview Drive,Chatham-Kent,Manitoba,E4S 3C4,Canada,283029374,null@family.com
Ethan,Moore,485,Bently Drive,Delta,Northwest Territories,L0N 3J2,Canada,1122900394,Ethan@Mr.com
"",Williams,336,Agricola Street,,New Brunswick,V8B 1P6,Canada,398295855,null@lot.com
Alexander,Brown,223,Cherry Lane,Markham,Alberta,E4S 3C4,Canada,1359773284,Alexander@number.com
"",Thomas,259,Bedford Highway Ramp,Chatham-Kent,Northwest Territories,V8C 0S2,Canada,1099523957,null@people.com
Alexander,Wilson,320,Armdale Rotary,Caledon,Newfoundland and Labrador,E7E 3T7,Canada,300214210,Alexander@water.com
Liam,Williams,318,Bridget Avenue,Saint-JÃ©rÃ´me,Nova Scotia,L3V 1Y8,Canada,835557551,Liam@world.com
William,Williams,17,Canary Crescent,Sherbrooke,Northwest Territories,N8A 0B3,Canada,1206251054,William@day.com
Ethan,Wilson,156,Bridges Street,Burnaby,Northwest Territories,T1L 2H8,Canada,524541953,Ethan@work.com
"",Davis,189,Brighton Avenue,Saint-Hyacinthe,British Columbia,V8C 0S2,Canada,958827931,null@room.com
Jacob,Thomas,109,Bliss Street,Vancouver,British Columbia,J9T 3H4,Canada,184823412,Jacob@part.com
