First Name,Last Name,Street Number,Street,City,Province,Postal Code,Country,Phone Number,email Address
William,Jackson,434,Catamaran Road,Abbotsford,Manitoba,J9P 1C6,Canada,869504842,William@year.com
William,Jones,156,Clovis Avenue,Burlington,Yukon,E4M 2G2,Canada,1004111910,William@eye.com
Jacob,Brown,283,Cloverdale Road,Montreal,,J1S 0R4,Canada,458649775,Jacob@question.com
Ethan,Jackson,401,Blowers Street,Winnipeg,Nova Scotia,E5V 3X5,Canada,207852688,Ethan@student.com
Alexander,Wilson,442,Alm-a Ramp,Oakville,Prince Edward Island,L3V 1Y8,Canada,591877975,Alexander@right.com
"",Wilson,170,Bronson Avenue,Nanaimo,Nunavut,B2E 0X4,Canada,1088273366,null@mother.com
James,Thomas,73,Artz Street,Cape Breton,Newfoundland and Labrador,E4M 2G2,Canada,621837216,James@water.com
Alexander,Thomas,196,Bloomingdale Terrace,Kawartha Lakes,New Brunswick,E5V 3X5,Canada,1025233397,Alexander@time.com
Alexander,Thomas,66,Castle Hill Drive,Richmond Hill,,"L4A 0T3 ",Canada,1120158650,Alexander@week.com
William,Davis,27,Bluestone Road,Delta,New Brunswick,"V1K 1V0 ",Canada,101105202,William@business.com
Liam,Johnson,239,Barracks Drive,St. John's,Nunavut,N5C 2J8,Canada,1079727448,Liam@mother.com
Jacob,Brown,179,Alton Drive,Saint John,Quebec,H3J 3P2,Canada,1354229393,Jacob@state.com
Jacob,Anderson,230,Boscobel Road,St. John's,Nunavut,N4N 0B9,Canada,646145277,Jacob@home.com
Liam,Johnson,456,Central Avenue,Hamilton,Alberta,L4A 0T0,Canada,788671804,Liam@work.com
James,,100,Carnation Crescent,Lethbridge,Northwest Territories,L9R 0A0,Canada,1212652634,James@eye.com
"",Williams,158,Bison Crescent,Saguenay,Nunavut,N8H 2H6,Canada,163865360,null@place.com
Jacob,Johnson,250,Albert Place,Chatham-Kent,British Columbia,J0N 0Z3,Canada,1352705536,Jacob@problem.com
Mason,Moore,480,Acadia Street,Waterloo,Nunavut,J9P 1C6,Canada,961946772,Mason@money.com
"",Anderson,476,Albion Road,St. Catharines,Yukon,"L4A 0T3 ",Canada,1155441490,null@state.com
Ethan,Wilson,86,Bishop Street,Lethbridge,Quebec,E5V 3X5,Canada,588103262,Ethan@room.com
Ethan,Wilson,415,Chelton Woods Lane,Grande Prairie,Nunavut,G3E 2K4,Canada,451538340,Ethan@question.com
Liam,Anderson,283,Belmont Road,North Vancouver,Newfoundland and Labrador,V8C 0S2,Canada,504732258,Liam@right.com
Liam,Taylor,278,Bond Street,Regina,Alberta,V8B 1P6,Canada,637819245,Liam@student.com
William,Wilson,16,Abrams Way,Victoria,Northwest Territories,J0N 0Z3,Canada,858579599,William@case.com
Jacob,Jackson,235,Carriageway Crescent,Edmonton,Nunavut,N5C 2J8,Canada,813870032,Jacob@world.com
"",Jones,477,Armshore Drive,Guelph,British Columbia,"B0T 0Y5 ",Canada,881745600,null@school.com
Jacob,Wilson,81,Armcrescent West Avenue,Oakville,Northwest Territories,J0J 3V6,Canada,1168321298,Jacob@question.com
Jacob,Jackson,133,Breen Avenue,Greater Sudbury,New Brunswick,K1B 3B2,Canada,399895393,Jacob@government.com
Ethan,Thomas,405,Barclay Avenue,Cape Breton,Yukon,J0N 0Z3,Canada,418672681,Ethan@lot.com
Mason,Wilson,386,Birkdale Crescent,Blainville,British Columbia,E4S 3C4,Canada,1373336228,Mason@year.com
"",Taylor,443,Brunswick Street,Laval,Manitoba,L4A 0T0,Canada,1084345690,null@home.com
Liam,Thomas,140,Benalder Lane,Belleville,Manitoba,B2E 0X4,Canada,1158823638,Liam@year.com
Ethan,Williams,289,Chester Avenue,Strathcona County,Nunavut,L4A 0T0,Canada,318879893,Ethan@money.com
Mason,Thomas,49,Chain Rock Drive,Saint-JÃ©rÃ´me,British Columbia,V8C 0S2,Canada,1090095060,Mason@story.com
