First Name,Last Name,Street Number,Street,City,Province,Postal Code,Country,Phone Number,email Address
William,Taylor,429,Altavista Lane,Markham,Prince Edward Island,N5C 2J8,Canada,605396792,William@story.com
Liam,Davis,82,Armview Terrace,Kelowna,Saskatchewan,E5V 3X5,Canada,311522895,Liam@job.com
Liam,Miller,339,Buddy Daye Street,Kitchener,Manitoba,N8H 2H6,Canada,1255537625,Liam@state.com
"",Johnson,333,Battery Drive,Vaughan,British Columbia,E4S 3C4,Canada,447512585,null@week.com
Alexander,Jones,128,Apollo Court,Welland,Newfoundland and Labrador,N8A 0B3,Canada,1235397832,Alexander@people.com
Jacob,Moore,395,Albemarle Street,Oakville,,G0H 2P3,Canada,529177268,Jacob@number.com
Liam,Taylor,59,Alm-a Ramp,Brampton,New Brunswick,L9R 0A0,Canada,882301009,Liam@lot.com
Ethan,Jones,243,Ashburn Avenue,Saint-Hyacinthe,Yukon,J9P 1C6,Canada,736088490,Ethan@home.com
Mason,Jackson,459,Apollo Court,Saint-Jean-sur-Richelieu,Saskatchewan,N4N 0B9,Canada,618194278,Mason@book.com
Liam,Williams,168,Bison Crescent,Sherbrooke,British Columbia,L4A 0T0,Canada,176155852,Liam@world.com
Liam,,177,Apollo Court,Thunder Bay,Prince Edward Island,G3H 0B4,Canada,965169476,Liam@year.com
"",Davis,291,Carriageway Crescent,Medicine Hat,Northwest Territories,"V1K 1V0 ",Canada,1127577998,null@business.com
Mason,Taylor,407,Ardwell Avenue,Aurora,Alberta,G0H 2P3,Canada,1013999171,Mason@thing.com
William,Brown,272,Black Street,Montreal,Northwest Territories,N8H 2H6,Canada,822455658,William@fact.com
James,Anderson,97,Buddy Daye Street,Vaughan,Prince Edward Island,H3J 3P2,Canada,380055318,James@fact.com
William,Davis,166,Abrams Way,Montreal,Nova Scotia,T1L 2H8,Canada,958006550,William@mother.com
Mason,Jackson,259,Alm-b Ramp,Aurora,Nunavut,N8A 0B3,Canada,121870616,Mason@right.com
Liam,Miller,250,Bedford Highway,Coquitlam,Nunavut,G0H 2P3,Canada,871506594,Liam@point.com
William,Thomas,388,Chestnut Street,Nanaimo,Nova Scotia,V8C 0S2,Canada,814092933,William@case.com
William,Jackson,120,Carrington Place,Thunder Bay,Prince Edward Island,V8C 0S2,Canada,1323405294,William@program.com
Alexander,Wilson,399,Brackley Place,Blainville,Nova Scotia,E5V 3X5,Canada,363990889,Alexander@way.com
"",Miller,390,Black Street,Oshawa,Yukon,H9S 1R4,Canada,1058973033,null@hand.com
James,Johnson,41,Birkdale Crescent,Caledon,Northwest Territories,G3E 2K4,Canada,327997382,James@government.com
Alexander,Wilson,53,Chain Lake Drive,Barrie,Yukon,J9P 1C6,Canada,1175860226,Alexander@group.com
Liam,Brown,203,Armcrescent West Avenue,Saint-Jean-sur-Richelieu,Nova Scotia,G0H 2P3,Canada,196196614,Liam@day.com
Alexander,Brown,333,Briar Lane,North Vancouver,Manitoba,L4A 0T0,Canada,1055868105,Alexander@right.com
Alexander,Davis,447,Abrams Way,Victoria,Prince Edward Island,G0H 2P3,Canada,703211852,Alexander@book.com
Jacob,Jackson,124,Albion Road,Saguenay,Nova Scotia,N4N 0B9,Canada,686440825,Jacob@time.com
Ethan,Thomas,310,Armoury Place,Greater Sudbury,Alberta,E4S 3C4,Canada,790663899,Ethan@story.com
William,Miller,407,Birchwood Drive,Port Coquitlam,Alberta,"L4A 0T3 ",Canada,109047788,William@world.com
Jacob,Williams,136,Brenton Street,Ottawa,Northwest Territories,L4A 0T0,Canada,1083571384,Jacob@room.com
