First Name,Last Name,Street Number,Street,City,Province,Postal Code,Country,Phone Number,email Address
"",Anderson,352,Binney Street,St. Catharines,Quebec,G0H 2P3,Canada,501387490,null@man.com
William,Jackson,462,Cherry Street,Lethbridge,Northwest Territories,J9T 3H4,Canada,217399379,William@government.com
Liam,Jackson,129,Circle Drive,Brantford,Newfoundland and Labrador,H0H 3C9,Canada,280594113,Liam@thing.com
Mason,Moore,130,Arthur Street,Aurora,Nunavut,L0N 3J2,Canada,454682088,Mason@week.com
Ethan,Miller,62,Brodick Lane,Vaughan,Alberta,H0H 3C9,Canada,298472616,Ethan@day.com
Mason,Brown,242,Carroll Lane,Grande Prairie,Alberta,L9R 0A0,Canada,1375925285,Mason@fact.com
William,Brown,223,Bryden Avenue,Belleville,Nova Scotia,N8A 0B3,Canada,267748859,William@people.com
William,Anderson,125,Belmont On The Arm,Saint-JÃ©rÃ´me,Prince Edward Island,L9R 0A0,Canada,1244541560,William@life.com
James,,321,Brigadier Court,Delta,Northwest Territories,E4S 3C4,Canada,354032280,James@government.com
Alexander,Jones,330,Bedros Lane,Saskatoon,Saskatchewan,B3V 2V1,Canada,474983939,Alexander@part.com
Ethan,Williams,82,Alma Crescent,Saint John,Nova Scotia,G3E 2K4,Canada,1264265020,Ethan@month.com
Liam,Williams,188,Bellevue Avenue,Belleville,British Columbia,J0J 3V6,Canada,220580274,Liam@point.com
"",Jones,392,Burgee Run,Richmond,Prince Edward Island,"B0T 0Y5 ",Canada,308635694,null@fact.com
William,Williams,78,Atlantic Street,Cape Breton,Prince Edward Island,"V1K 1V0 ",Canada,690335731,William@question.com
Jacob,Moore,8,Armdale Rotary,Saskatoon,Saskatchewan,J0N 0Z3,Canada,1118138755,Jacob@group.com
Alexander,Taylor,487,Beechwood Terrace,Trois-RiviÃ¨res,Alberta,E4S 3C4,Canada,166016295,Alexander@child.com
Liam,Moore,81,Annandale Street,North Vancouver,Prince Edward Island,G3E 2K4,Canada,694726140,Liam@man.com
James,Johnson,321,Amberwood Court,Peterborough,New Brunswick,G3E 2K4,Canada,267368473,James@case.com
William,Davis,370,Bower Road,Saguenay,Prince Edward Island,L0N 3J2,Canada,1067194207,William@system.com
James,Moore,456,Bellevue Avenue,Red Deer,Prince Edward Island,V8B 1P6,Canada,809269983,James@question.com
"",Anderson,269,Cabot Street,Saint-Jean-sur-Richelieu,Yukon,B3V 2V1,Canada,212375575,null@job.com
Liam,Miller,466,Carroll Lane,St. Catharines,Prince Edward Island,N4N 0B9,Canada,805739773,Liam@group.com
Ethan,Johnson,93,Arnold Drive,Quebec City,Nunavut,H0H 3C9,Canada,687806374,Ethan@year.com
James,,48,Bloomfield Street,Moncton,Northwest Territories,N8H 2H6,Canada,570939968,James@business.com
Alexander,Davis,291,Clearview Street,Saskatoon,Northwest Territories,T1L 2H8,Canada,1219627819,Alexander@number.com
Ethan,Thomas,293,Centre Gate,Burnaby,Northwest Territories,E4M 2G2,Canada,205989125,Ethan@case.com
"",Jackson,325,,Victoria,Prince Edward Island,"B0T 0Y5 ",Canada,339502595,null@student.com
