First Name,Last Name,Street Number,Street,City,Province,Postal Code,Country,Phone Number,email Address
Liam,Anderson,90,Bridges Street,Abbotsford,Manitoba,B3V 2V1,Canada,1196039468,Liam@number.com
"",Anderson,440,Albert Walker Drive,Drummondville,Prince Edward Island,N5C 2J8,Canada,963552842,null@family.com
Alexander,Brown,365,Bristol Place,North Vancouver,Nunavut,B2E 0X4,Canada,601774792,Alexander@job.com
"",Johnson,482,Barracks Drive,Brampton,Yukon,H0H 3C9,Canada,318235237,null@thing.com
Liam,Davis,256,Bishop Street,Peterborough,Northwest Territories,E4M 2G2,Canada,307437256,Liam@woman.com
James,,428,Bayers Road,Barrie,Nunavut,H9S 1R4,Canada,326313751,James@system.com
Alexander,Jackson,249,Bluestone Road,Burlington,Northwest Territories,G0H 2P3,Canada,457438514,Alexander@number.com
Ethan,Wilson,184,Brewer Court,Trois-RiviÃ¨res,Prince Edward Island,G3H 0B4,Canada,1396678829,Ethan@lot.com
William,Thomas,428,Birchdale Avenue,Saint John,Alberta,J1S 0R4,Canada,375651934,William@man.com
Alexander,Wilson,291,Ascot Avenue,LÃ©vis,Manitoba,N4N 0B9,Canada,408298324,Alexander@government.com
Jacob,Brown,417,Cloverdale Road,New Westminster,Manitoba,N4N 0B9,Canada,1044958610,Jacob@government.com
Ethan,Moore,235,Ashburn Avenue,Burlington,Alberta,J0J 3V6,Canada,1162796229,Ethan@word.com
James,Williams,239,Battery 18th Road,Trois-RiviÃ¨res,Alberta,G3H 0B4,Canada,1290013185,James@point.com
Alexander,Johnson,273,Chester Avenue,Longueuil,Nunavut,H0H 3C9,Canada,594832269,Alexander@school.com
Alexander,Jackson,472,Ascot Avenue,Longueuil,Yukon,T1L 2H8,Canada,686659715,Alexander@year.com
Alexander,Brown,95,Ahern Avenue,Abbotsford,Prince Edward Island,"B0T 0Y5 ",Canada,1016005997,Alexander@week.com
"",Jackson,203,Bobolink Street,Vaughan,Northwest Territories,J1S 0R4,Canada,1135074960,null@fact.com
Alexander,Moore,11,Caitland Court,Moncton,Northwest Territories,L3V 1Y8,Canada,1194914819,Alexander@family.com
William,Taylor,401,Alumni Crescent,Halton Hills,Nunavut,N4N 0B9,Canada,155358849,William@job.com
William,Johnson,317,Buffers Lane,Victoria,Yukon,N5C 2J8,Canada,387699209,William@eye.com
"",Jones,295,Balwearie Lane,Granby,Yukon,N5C 2J8,Canada,853297184,null@question.com
"",Jackson,447,Avon Crescent,Kitchener,,V8C 0S2,Canada,257650903,null@part.com
"",Brown,314,Auburn Avenue,Longueuil,New Brunswick,N8H 2H6,Canada,571507681,null@book.com
William,Miller,419,Blue Thistle Road,Caledon,Alberta,E5V 3X5,Canada,735238741,William@question.com
Alexander,Jones,242,Alm-a Ramp,Drummondville,Manitoba,G3E 2K4,Canada,1038249820,Alexander@thing.com
"",Brown,71,Andrew Street,Aurora,Prince Edward Island,"L4A 0T3 ",Canada,631474253,null@room.com
Alexander,Anderson,43,Castine Way,Victoria,Northwest Territories,E4S 3C4,Canada,395415020,Alexander@fact.com
"",Thomas,270,Berlin Street,New Westminster,Prince Edward Island,L0N 3J2,Canada,750741854,null@student.com
Jacob,Brown,487,Arthur Street,St. Catharines,Prince Edward Island,G6X 2L1,Canada,677331775,Jacob@place.com
William,Williams,219,Black Street,Kelowna,Northwest Territories,V8B 1P6,Canada,455420615,William@case.com
Liam,Williams,442,Beechwood Terrace,St. Albert,Alberta,V8C 0S2,Canada,1395793909,Liam@book.com
Alexander,Moore,68,Bower Road,Quebec City,New Brunswick,L4A 0T0,Canada,462037149,Alexander@country.com
"",Taylor,141,Bond Street,Kelowna,Newfoundland and Labrador,B3V 2V1,Canada,1263959685,null@week.com
