First Name,Last Name,Street Number,Street,City,Province,Postal Code,Country,Phone Number,email Address
Jacob,Davis,116,Central Avenue,Niagara Falls,Nova Scotia,J9P 1C6,Canada,1134434750,Jacob@word.com
James,Davis,492,Chipstone Close,Barrie,Northwest Territories,G3E 2K4,Canada,500876313,James@eye.com
Mason,Thomas,226,Beaufort Avenue,Regina,Saskatchewan,E4M 2G2,Canada,934861557,Mason@study.com
"",Taylor,141,Ashburn Avenue,Chatham-Kent,Northwest Territories,E4M 2G2,Canada,653053640,null@people.com
Jacob,Moore,107,Clearview Street,Airdrie,Nunavut,B2E 0X4,Canada,1298877280,Jacob@Mr.com
Alexander,Williams,156,Clayder Lane,Aurora,Alberta,J0N 0Z3,Canada,1347571841,Alexander@month.com
"",Williams,485,Clearview Street,Kelowna,Newfoundland and Labrador,L4A 0T0,Canada,784967830,null@people.com
Jacob,Moore,413,Blenheim Terrace,Kawartha Lakes,Nunavut,L3V 1Y8,Canada,1267055510,Jacob@fact.com
Ethan,Williams,353,Cambridge Street,Trois-RiviÃ¨res,New Brunswick,N8A 0B3,Canada,289963040,Ethan@number.com
William,Moore,195,Beechwood Terrace,,Nunavut,L3V 1Y8,Canada,267079361,William@year.com
"",Jones,290,Avon Crescent,Norfolk County,New Brunswick,J1S 0R4,Canada,699217334,null@thing.com
Liam,Jones,212,Bloomfield Street,Abbotsford,Yukon,J0J 3V6,Canada,1153255853,Liam@study.com
James,Moore,188,Bliss Street,LÃ©vis,Nunavut,N8A 0B3,Canada,368694335,James@school.com
Mason,Davis,344,Ahern Avenue,Oakville,Prince Edward Island,L4A 0T0,Canada,620212475,Mason@country.com
James,Miller,324,Camelot Lane,Lethbridge,Nunavut,L0N 3J2,Canada,662538175,James@word.com
William,Miller,278,Botany Terrace,St. Catharines,Nunavut,"L4A 0T3 ",Canada,1317135757,William@point.com
William,Johnson,189,Campbell Drive,Richmond Hill,New Brunswick,H9S 1R4,Canada,1158974715,William@number.com
Jacob,Taylor,442,Balwearie Lane,Blainville,Alberta,H0H 3C9,Canada,909722174,Jacob@company.com
William,Miller,497,Beresford Road,Grande Prairie,Northwest Territories,J1S 0R4,Canada,1223815964,William@water.com
Alexander,Jones,183,Brigadier Court,New Westminster,Alberta,G0H 2P3,Canada,390868797,Alexander@fact.com
Alexander,Moore,87,Brewer Court,Saskatoon,Northwest Territories,,Canada,313297363,Alexander@null
Mason,Thomas,164,Athlone Avenue,Moncton,Saskatchewan,H3J 3P2,Canada,1178050465,Mason@job.com
Ethan,Thomas,331,Angus L Macdonald Bridge,Port Coquitlam,New Brunswick,J1S 0R4,Canada,990552119,Ethan@night.com
"",Jackson,129,Blue Willow Court,Moncton,Nunavut,L9R 0A0,Canada,828071494,null@right.com
Ethan,Jones,457,Admirals Way,Sherbrooke,Nova Scotia,E4M 2G2,Canada,525605000,Ethan@fact.com
