First Name,Last Name,Street Number,Street,City,Province,Postal Code,Country,Phone Number,email Address
Ethan,Jackson,48,Bently Drive,Maple Ridge,Northwest Territories,J0J 3V6,Canada,738521097,Ethan@day.com
Alexander,Jackson,197,Birchdale Avenue,Pickering,Newfoundland and Labrador,T1L 2H8,Canada,831944796,Alexander@company.com
Liam,Thomas,37,Braemount Drive,Sherbrooke,Nunavut,J9P 1C6,Canada,931797878,Liam@home.com
"",Thomas,28,Cedarbrae Lane,Saint John,Prince Edward Island,"B0T 0Y5 ",Canada,700356345,null@fact.com
