First Name,Last Name,Street Number,Street,City,Province,Postal Code,Country,Phone Number,email Address
Mason,Williams,439,Caxton Close,Welland,Manitoba,L3V 1Y8,Canada,559435045,Mason@day.com
Jacob,Moore,110,Black Street,Kamloops,,V8C 0S2,Canada,334650185,Jacob@child.com
Mason,Jackson,201,Bald Eagle Place,Mississauga,Prince Edward Island,J9T 3H4,Canada,866571358,Mason@job.com
Jacob,Brown,42,Briarwood Crescent,Winnipeg,New Brunswick,T1L 2H8,Canada,105610984,Jacob@woman.com
Liam,Wilson,383,Alm-d Ramp,Mirabel,Nunavut,L0N 3J2,Canada,229850616,Liam@problem.com
Alexander,Miller,78,Bristol Place,Pickering,Nova Scotia,N5C 2J8,Canada,450884313,Alexander@work.com
"",Miller,418,Acorn Road,Peterborough,Nunavut,G6X 2L1,Canada,1042001487,null@place.com
Jacob,Brown,315,Alex Street,Abbotsford,Quebec,J0J 3V6,Canada,1283082643,Jacob@question.com
Mason,Jackson,436,Ashdale Avenue,Sherbrooke,Nova Scotia,L9R 0A0,Canada,782192933,Mason@question.com
"",Taylor,332,Caitland Court,Welland,British Columbia,G6X 2L1,Canada,617581311,null@year.com
James,Johnson,338,Argyle Street,Delta,Newfoundland and Labrador,L4A 0T0,Canada,466702167,James@home.com
Jacob,Williams,363,Chebucto Lane,Saint-JÃ©rÃ´me,Nova Scotia,J1S 0R4,Canada,1082955942,Jacob@world.com
James,Moore,463,Cloverdale Road,Whitby,Manitoba,G6X 2L1,Canada,1151635542,James@school.com
"",Davis,185,Artz Street,Coquitlam,Northwest Territories,B2E 0X4,Canada,314753159,null@group.com
Ethan,Brown,241,Bellevue Avenue,Repentigny,Northwest Territories,H9S 1R4,Canada,1074460814,Ethan@question.com
James,Williams,403,Bluestone Road,Belleville,Yukon,E7E 3T7,Canada,213134209,James@number.com
Mason,Wilson,97,Berts Drive,Winnipeg,Northwest Territories,E4M 2G2,Canada,428062295,Mason@world.com
William,Brown,204,Basinview Drive,Longueuil,Alberta,N5C 2J8,Canada,1344429663,William@place.com
Ethan,Moore,405,Aikens Avenue,Aurora,Prince Edward Island,,Canada,434907067,Ethan@job.com
Mason,Williams,494,Ashton Lane,Guelph,Prince Edward Island,N4N 0B9,Canada,369342839,Mason@case.com
Alexander,,464,Brunswick Street,Port Coquitlam,Nunavut,N8H 2H6,Canada,426063541,Alexander@place.com
James,Thomas,323,Bland Street,Hamilton,Alberta,E4M 2G2,Canada,458307111,James@country.com
