First Name,Last Name,Street Number,Street,City,Province,Postal Code,Country,Phone Number,email Address
"",Johnson,49,Barkton Lane,Ajax,Prince Edward Island,G3E 2K4,Canada,291116731,null@problem.com
William,Williams,374,Berkshire Close,Moncton,Prince Edward Island,K1B 3B2,Canada,209081299,William@Mr.com
William,Taylor,183,Auburn Avenue,Vancouver,Newfoundland and Labrador,J1S 0R4,Canada,898668886,William@program.com
William,Thomas,492,Blue Thistle Road,Cape Breton,Prince Edward Island,"V1K 1V0 ",Canada,761717679,William@place.com
William,Miller,27,Burns Drive,Red Deer,,B3V 2V1,Canada,970631810,William@system.com
James,Moore,406,Balmoral Road,Medicine Hat,Saskatchewan,L9R 0A0,Canada,152187041,James@group.com
Ethan,Williams,246,Chadwick Place,Montreal,Saskatchewan,V8C 0S2,Canada,644638643,Ethan@state.com
Ethan,Thomas,202,Chebucto Lane,Cape Breton,Alberta,L0N 3J2,Canada,887549925,Ethan@month.com
Jacob,Jones,493,Anchor Drive,Whitby,Nunavut,E7E 3T7,Canada,548591652,Jacob@woman.com
William,Taylor,174,Berts Drive,Drummondville,Northwest Territories,H3J 3P2,Canada,1223406873,William@lot.com
"",,99,Cherry Street,Brampton,Alberta,J9P 1C6,Canada,1392430300,null@year.com
James,Williams,168,Camelot Lane,Winnipeg,Alberta,E5V 3X5,Canada,1324447785,James@money.com
Mason,,89,Bonaventure Drive,Cape Breton,New Brunswick,E7E 3T7,Canada,234266451,Mason@eye.com
Alexander,Williams,249,Cloverdale Road,Brantford,Newfoundland and Labrador,"B0T 0Y5 ",Canada,813349265,Alexander@state.com
William,,470,Ashdale Avenue,Surrey,Prince Edward Island,E7E 3T7,Canada,1040566898,William@government.com
"",Moore,380,Armstrong Court,Nanaimo,Yukon,"B0T 0Y5 ",Canada,1094720679,null@country.com
Alexander,,156,Bellevue Avenue,Thunder Bay,Saskatchewan,V8B 1P6,Canada,500024427,Alexander@Mr.com
William,Wilson,285,Admirals Way,LÃ©vis,New Brunswick,T1L 2H8,Canada,1257828242,William@money.com
Liam,Moore,459,Chelmsford Place,Coquitlam,Prince Edward Island,J0J 3V6,Canada,342860163,Liam@state.com
Jacob,Miller,202,Belmont Road,Markham,Saskatchewan,N8A 0B3,Canada,1285307280,Jacob@state.com
Ethan,,406,Chestnut Street,Welland,New Brunswick,E4M 2G2,Canada,1335724064,Ethan@system.com
"",Taylor,26,Black Street,Lethbridge,Nova Scotia,E4S 3C4,Canada,348296270,null@school.com
James,Johnson,253,Chisholm Avenue,Trois-RiviÃ¨res,Nunavut,J0J 3V6,Canada,948740795,James@study.com
William,Williams,201,Altavista Lane,Red Deer,Prince Edward Island,H0H 3C9,Canada,201559444,William@home.com
Liam,,492,Birch Street,Milton,Nunavut,"L4A 0T3 ",Canada,192539327,Liam@work.com
Ethan,Wilson,429,Ardwell Avenue,Saint John,Saskatchewan,N8A 0B3,Canada,886004976,Ethan@work.com
James,Anderson,343,Agricola Street,Lethbridge,Manitoba,G3E 2K4,Canada,1047607105,James@week.com
Alexander,Wilson,487,Battery Drive,Moncton,Nunavut,"B0T 0Y5 ",Canada,955524260,Alexander@company.com
Mason,,289,Brockhurst Close,Aurora,Alberta,H0H 3C9,Canada,605408142,Mason@right.com
Liam,Davis,40,Birch Street,Newmarket,Prince Edward Island,,Canada,248497966,Liam@day.com
James,Brown,33,Chain Rock Drive,Prince George,British Columbia,L9R 0A0,Canada,485136950,James@study.com
Ethan,Taylor,21,Brodick Lane,Guelph,Prince Edward Island,J9P 1C6,Canada,506114157,Ethan@man.com
Jacob,,227,Blink Bonnie Terrace,Kamloops,Northwest Territories,"L4A 0T3 ",Canada,766246568,Jacob@family.com
Mason,Miller,422,Basinview Drive,Drummondville,Alberta,K1B 3B2,Canada,780817077,Mason@lot.com
Liam,Jackson,418,Cloverdale Road,Saint-JÃ©rÃ´me,New Brunswick,J0N 0Z3,Canada,629732933,Liam@family.com
Mason,Williams,250,Arnold Drive,Kitchener,Nunavut,L0N 3J2,Canada,295322298,Mason@point.com
William,Thomas,302,Adelaide Avenue,Victoria,Quebec,J9T 3H4,Canada,380098574,William@week.com
Ethan,Johnson,376,Catamaran Road,Ajax,Prince Edward Island,E5V 3X5,Canada,389375112,Ethan@study.com
