First Name,Last Name,Street Number,Street,City,Province,Postal Code,Country,Phone Number,email Address
Ethan,Williams,428,Blue Jay Street,Thunder Bay,New Brunswick,K1B 3B2,Canada,211493275,Ethan@job.com
"",Thomas,15,Beaufort Avenue,Saint-Hyacinthe,Nunavut,G3H 0B4,Canada,514568820,null@Mr.com
James,Wilson,227,Chebucto Lane,Maple Ridge,Saskatchewan,V8C 0S2,Canada,1304253996,James@world.com
James,Wilson,346,Africville Road,Prince George,Manitoba,V8C 0S2,Canada,1160580279,James@Mr.com
Mason,Brown,103,Beaufort Avenue,Caledon,Prince Edward Island,B2E 0X4,Canada,715899604,Mason@problem.com
Ethan,Jackson,167,Balwearie Lane,Terrebonne,Northwest Territories,N5C 2J8,Canada,761648347,Ethan@job.com
Mason,,328,Clovis Avenue,Windsor,Newfoundland and Labrador,G0H 2P3,Canada,377241934,Mason@home.com
James,Taylor,476,Bronson Avenue,London,Saskatchewan,G0H 2P3,Canada,351180861,James@thing.com
James,Brown,91,Ashdale Avenue,Waterloo,,J9P 1C6,Canada,1191165887,James@question.com
Ethan,Williams,156,Brenton Street,Strathcona County,Newfoundland and Labrador,B2E 0X4,Canada,279136642,Ethan@home.com
James,Wilson,489,Buddy Daye Street,Maple Ridge,Northwest Territories,N5C 2J8,Canada,818880452,James@night.com
Liam,,172,Chebucto Lane,Moncton,Nunavut,J1S 0R4,Canada,1188102344,Liam@part.com
James,Jones,411,Bridges Street,Victoria,Quebec,,Canada,650102138,James@system.com
"",,463,Boulderwood Road,Halton Hills,Northwest Territories,J0N 0Z3,Canada,290285626,null@job.com
Jacob,Moore,253,Caxton Close,Oakville,Alberta,K1B 3B2,Canada,909117371,Jacob@hand.com
Jacob,Miller,214,Bayers Road,Newmarket,Prince Edward Island,"L4A 0T3 ",Canada,908264929,Jacob@company.com
Jacob,Jackson,29,Bland Street,Brantford,Prince Edward Island,G3H 0B4,Canada,1183798508,Jacob@book.com
William,Thomas,264,Binney Street,,Prince Edward Island,L4A 0T0,Canada,193003021,William@case.com
Mason,Johnson,143,Bermuda Avenue,Mirabel,Saskatchewan,H9S 1R4,Canada,653918954,Mason@number.com
"",Brown,116,Apollo Court,Vaughan,Alberta,H0H 3C9,Canada,457015989,null@fact.com
Alexander,Brown,288,Cabot Street,Surrey,Saskatchewan,L0N 3J2,Canada,598472473,Alexander@world.com
Jacob,Anderson,148,Carlton Street,Guelph,Prince Edward Island,G3H 0B4,Canada,341203043,Jacob@business.com
Ethan,Williams,346,Alm-e Ramp,Victoria,Saskatchewan,H0H 3C9,Canada,729071775,Ethan@case.com
Ethan,Williams,170,Bedford Windsor Ramp,Maple Ridge,New Brunswick,J9T 3H4,Canada,936149335,Ethan@study.com
Mason,Williams,445,Buffers Lane,Vaughan,Alberta,T1L 2H8,Canada,934939604,Mason@woman.com
Ethan,Johnson,148,Bedford Highway,Belleville,Nova Scotia,,Canada,479882862,Ethan@business.com
"",Miller,166,Charlton Avenue,Delta,New Brunswick,K1B 3B2,Canada,385463852,null@word.com
Jacob,Johnson,183,Church Street,Kawartha Lakes,Nunavut,N5C 2J8,Canada,876927034,Jacob@case.com
Alexander,Davis,343,Barkton Lane,Moncton,Prince Edward Island,J0N 0Z3,Canada,1346493039,Alexander@week.com
Ethan,Jones,312,Belmont On The Arm,St. Albert,Prince Edward Island,E5V 3X5,Canada,610738204,Ethan@place.com
Jacob,Anderson,165,Acadia Street,Grande Prairie,Prince Edward Island,G6X 2L1,Canada,1294938127,Jacob@place.com
Ethan,Johnson,104,Buffers Lane,Regina,Alberta,K1B 3B2,Canada,165301403,Ethan@Mr.com
"",Thomas,162,Allan Street,Clarington,Nunavut,B3V 2V1,Canada,101477110,null@book.com
