First Name,Last Name,Street Number,Street,City,Province,Postal Code,Country,Phone Number,email Address
James,Thomas,126,Bryden Avenue,Sherbrooke,Prince Edward Island,E4M 2G2,Canada,1073822384,James@home.com
"",Moore,26,Blowers Street,Saint-JÃ©rÃ´me,Nova Scotia,V8B 1P6,Canada,714413325,null@right.com
Liam,Jackson,100,Africville Road,Richmond Hill,New Brunswick,L9R 0A0,Canada,1313519056,Liam@program.com
Ethan,Williams,127,Apollo Court,North Vancouver,Nova Scotia,G3H 0B4,Canada,500205150,Ethan@government.com
Ethan,Miller,195,Alm-a Ramp,Medicine Hat,New Brunswick,"V1K 1V0 ",Canada,1114379099,Ethan@null
Alexander,Jones,44,Blue Thistle Road,Hamilton,Prince Edward Island,L0N 3J2,Canada,1365984722,Alexander@program.com
Jacob,Moore,253,Caxton Close,Brantford,Alberta,"V1K 1V0 ",Canada,832474504,Jacob@family.com
Ethan,,456,Boulderwood Road,Sherbrooke,Prince Edward Island,H9S 1R4,Canada,202302364,Ethan@room.com
"",Jackson,177,Centre Gate,Hamilton,Alberta,E7E 3T7,Canada,623812661,null@right.com
Liam,Wilson,498,Argyle Street,Lethbridge,Alberta,G3H 0B4,Canada,654531324,Liam@job.com
"",Davis,28,Armcrescent West Avenue,Oakville,British Columbia,"B0T 0Y5 ",Canada,397682166,null@fact.com
Jacob,Moore,476,Bald Eagle Place,Vancouver,Northwest Territories,N8A 0B3,Canada,1339051653,Jacob@month.com
Jacob,,225,Abbott Drive,North Bay,Northwest Territories,L9R 0A0,Canada,359110191,Jacob@thing.com
Jacob,Anderson,265,Amirault Court,Red Deer,British Columbia,V8C 0S2,Canada,459664982,Jacob@life.com
"",Anderson,221,Carmichael Street,Welland,Northwest Territories,H3J 3P2,Canada,342455411,null@mother.com
Ethan,Johnson,376,"Alm-../../view.php?place=Alm-# Ramp, Halifax, ns, CANADA Ramp",Victoria,British Columbia,H9S 1R4,Canada,471485750,Ethan@time.com
William,Davis,425,Chebucto Lane,Repentigny,British Columbia,G3E 2K4,Canada,470407840,William@woman.com
Jacob,Jackson,292,Borden Street,Langley,Newfoundland and Labrador,J0J 3V6,Canada,719266894,Jacob@water.com
Ethan,Thomas,484,Chebucto Road,Caledon,Northwest Territories,L3V 1Y8,Canada,144620899,Ethan@government.com
William,Williams,380,Ahern Avenue,Oakville,Alberta,T1L 2H8,Canada,875923645,William@time.com
"",Wilson,166,Armada Drive,Thunder Bay,New Brunswick,B2E 0X4,Canada,1038648284,null@room.com
Jacob,,279,Caitland Court,Brossard,Alberta,N8H 2H6,Canada,1359966580,Jacob@water.com
Alexander,Jones,463,Admirals Way,Ottawa,Nunavut,J0N 0Z3,Canada,1111973737,Alexander@state.com
Ethan,Moore,500,"Alm-../../view.php?place=Alm-# Ramp, Halifax, ns, CANADA Ramp",Richmond Hill,Northwest Territories,J9P 1C6,Canada,262492550,Ethan@family.com
Alexander,Williams,303,Carrington Place,North Vancouver,Nunavut,L3V 1Y8,Canada,293755510,Alexander@country.com
Jacob,Miller,23,Avon Crescent,Drummondville,Yukon,E5V 3X5,Canada,558979437,Jacob@hand.com
Ethan,Williams,149,Ballantrae Lane,London,New Brunswick,,Canada,389335608,Ethan@Mr.com
"",Williams,264,Chelsea Lane,Cape Breton,Nunavut,N5C 2J8,Canada,1042351250,null@right.com
Ethan,Jackson,450,Albert Street,Guelph,British Columbia,"B0T 0Y5 ",Canada,888342962,Ethan@group.com
William,,221,Caxton Close,Cape Breton,Alberta,"B0T 0Y5 ",Canada,741558706,William@eye.com
