First Name,Last Name,Street Number,Street,City,Province,Postal Code,Country,Phone Number,email Address
Alexander,Davis,480,Cairnwell Close,Quebec City,Prince Edward Island,J9P 1C6,Canada,783671249,Alexander@place.com
"",Johnson,155,Ballantrae Lane,Aurora,,G0H 2P3,Canada,124460404,null@room.com
Liam,Jones,316,Buddy Daye Street,Saint-JÃ©rÃ´me,Newfoundland and Labrador,H9S 1R4,Canada,1371438376,Liam@company.com
Ethan,Miller,325,Bosun Run,Oakville,Prince Edward Island,"L4A 0T3 ",Canada,290130710,Ethan@system.com
James,Anderson,15,Carriageway Crescent,St. Catharines,Prince Edward Island,G0H 2P3,Canada,100472962,James@state.com
William,,276,Albert Place,Repentigny,Manitoba,L9R 0A0,Canada,286196153,William@case.com
Ethan,Miller,270,Blue Jay Street,Kelowna,Nunavut,E4M 2G2,Canada,1170713310,Ethan@mother.com
William,Davis,452,Bland Street,Lethbridge,Northwest Territories,G0H 2P3,Canada,691962953,William@way.com
James,Wilson,113,Albert Street,Halifax,Quebec,L9R 0A0,Canada,674291344,James@woman.com
