First Name,Last Name,Street Number,Street,City,Province,Postal Code,Country,Phone Number,email Address
"",Brown,346,Bristol Place,Trois-RiviÃ¨res,Prince Edward Island,"B0T 0Y5 ",Canada,1270914808,null@mother.com
William,Miller,214,Brewer Court,Caledon,Nunavut,V8C 0S2,Canada,1140155718,William@woman.com
Alexander,Jones,187,Bishop Street,St. Catharines,Alberta,G3E 2K4,Canada,920508044,Alexander@problem.com
"",Brown,198,Birch Cove Lane,Saint-Hyacinthe,Northwest Territories,"L4A 0T3 ",Canada,621006332,null@woman.com
Alexander,Miller,125,Bronson Avenue,Waterloo,Yukon,"V1K 1V0 ",Canada,1322143429,Alexander@place.com
"",Moore,19,Ballantrae Lane,Granby,Nova Scotia,H9S 1R4,Canada,257819927,null@home.com
James,Jones,496,Armcrescent West Avenue,Drummondville,Saskatchewan,E4S 3C4,Canada,116935115,James@work.com
James,Johnson,271,Belmont On The Arm,Belleville,Nova Scotia,T1L 2H8,Canada,161758858,James@null
Ethan,Brown,215,Bridges Street,Sarnia,New Brunswick,E5V 3X5,Canada,580283020,Ethan@child.com
William,Davis,38,Bethany Way,Sault Ste. Marie,Manitoba,T1L 2H8,Canada,705540450,William@month.com
James,Wilson,197,Bayers Road,Burnaby,Prince Edward Island,L3V 1Y8,Canada,1295346991,James@case.com
Ethan,Johnson,383,Canterbury Close,Caledon,Northwest Territories,E4M 2G2,Canada,1149592547,Ethan@year.com
Liam,Jones,162,Carroll Lane,Victoria,Manitoba,G3H 0B4,Canada,209374293,Liam@business.com
Liam,Brown,381,Claymore Avenue,Guelph,Nova Scotia,L3V 1Y8,Canada,386308109,Liam@state.com
Ethan,Anderson,455,Balmoral Road,Newmarket,Nunavut,N8A 0B3,Canada,244133065,Ethan@water.com
Jacob,Anderson,342,Blue Jay Street,Milton,Saskatchewan,V8C 0S2,Canada,1241910253,Jacob@world.com
"",Wilson,46,Castine Way,Saint John,Alberta,L4A 0T0,Canada,1250975644,null@right.com
Alexander,Johnson,300,Bloomingdale Terrace,Calgary,Nunavut,E4M 2G2,Canada,312853797,Alexander@student.com
"",Thomas,353,Cabot Street,Thunder Bay,New Brunswick,E7E 3T7,Canada,507049946,null@right.com
Ethan,Anderson,251,Amirault Court,Kingston,Nunavut,L3V 1Y8,Canada,1390158464,Ethan@null
James,Davis,310,Clovis Avenue,Brossard,Saskatchewan,B2E 0X4,Canada,398008425,James@question.com
Jacob,Moore,214,Alex Street,Delta,New Brunswick,N5C 2J8,Canada,559447003,Jacob@question.com
James,Wilson,243,Artillery Place,Whitby,Newfoundland and Labrador,G3E 2K4,Canada,1156091604,James@water.com
William,Williams,230,Charles Street,North Bay,Prince Edward Island,J9T 3H4,Canada,174186322,William@year.com
Ethan,Miller,36,Abbott Drive,Blainville,Nova Scotia,K1B 3B2,Canada,534391312,Ethan@student.com
"",Jones,387,Arlington Avenue,Fredericton,British Columbia,N8A 0B3,Canada,628415461,null@woman.com
"",Wilson,340,Alex Street,Guelph,,N5C 2J8,Canada,482006806,null@business.com
Jacob,Williams,187,Bonaventure Drive,Norfolk County,Prince Edward Island,"V1K 1V0 ",Canada,1090763186,Jacob@state.com
Alexander,Moore,146,Arlington Avenue,Thunder Bay,Northwest Territories,B2E 0X4,Canada,1117616754,Alexander@question.com
Liam,Williams,360,Armview Terrace,Brampton,Saskatchewan,H3J 3P2,Canada,483759144,Liam@group.com
Jacob,Thomas,246,Circle Drive,Drummondville,Nunavut,T1L 2H8,Canada,565253559,Jacob@government.com
Ethan,Moore,218,Bliss Street,North Bay,Newfoundland and Labrador,J9T 3H4,Canada,619018803,Ethan@woman.com
