First Name,Last Name,Street Number,Street,City,Province,Postal Code,Country,Phone Number,email Address
Liam,Thomas,248,Armview Avenue,Richmond Hill,Prince Edward Island,G3E 2K4,Canada,121511451,Liam@room.com
Jacob,Williams,341,Ashdale Avenue,Laval,Prince Edward Island,T1L 2H8,Canada,198055074,Jacob@company.com
"",Williams,42,Armada Drive,Halton Hills,Quebec,J9P 1C6,Canada,1225509930,null@system.com
Ethan,Johnson,397,Abercrombie Lane,Saint-Jean-sur-Richelieu,,J0N 0Z3,Canada,1350345593,Ethan@study.com
Jacob,Jones,389,Carmichael Street,Nanaimo,Alberta,N4N 0B9,Canada,895878545,Jacob@thing.com
Alexander,Anderson,396,Carnation Crescent,Laval,New Brunswick,J9T 3H4,Canada,1252275318,Alexander@null
James,Moore,367,Alm-e Ramp,Fredericton,Nunavut,E4S 3C4,Canada,514366182,James@word.com
Ethan,Brown,481,Buffers Lane,Edmonton,New Brunswick,E4S 3C4,Canada,1239287435,Ethan@book.com
Mason,,217,Carnation Crescent,St. Catharines,Nunavut,E4S 3C4,Canada,158645809,Mason@thing.com
Ethan,Moore,135,Bayview Road,Kitchener,Newfoundland and Labrador,"L4A 0T3 ",Canada,337521660,Ethan@word.com
Jacob,Miller,235,Ashton Lane,Brampton,Northwest Territories,J9T 3H4,Canada,691829088,Jacob@work.com
James,Moore,7,Bakers Drive,Aurora,New Brunswick,G3H 0B4,Canada,1094593667,James@people.com
Ethan,Jones,365,Agricola Street,Saanich,Nova Scotia,,Canada,150282676,Ethan@right.com
"",Johnson,75,Armshore Drive,Mississauga,Prince Edward Island,T1L 2H8,Canada,324494459,null@mother.com
James,Thomas,93,Carriageway Crescent,North Vancouver,Newfoundland and Labrador,"L4A 0T3 ",Canada,725097487,James@hand.com
"",Jackson,398,Auburn Avenue,Halton Hills,Northwest Territories,H3J 3P2,Canada,1152388399,null@fact.com
William,Taylor,279,Bedford Windsor Ramp,Hamilton,New Brunswick,G3H 0B4,Canada,527041852,William@woman.com
James,Moore,91,Barkton Lane,Quebec City,Yukon,V8C 0S2,Canada,289039866,James@job.com
"",Williams,413,Ardwell Avenue,Sherbrooke,British Columbia,H9S 1R4,Canada,230187773,null@business.com
William,Moore,367,Castine Way,Hamilton,New Brunswick,"L4A 0T3 ",Canada,514416078,William@eye.com
Alexander,Thomas,414,Bell Road,Edmonton,Alberta,K1B 3B2,Canada,1025344516,Alexander@fact.com
Liam,Johnson,416,Borden Street,Saint-Hyacinthe,Alberta,G3H 0B4,Canada,1374587648,Liam@part.com
Jacob,Wilson,448,Bobolink Street,Peterborough,Prince Edward Island,H3J 3P2,Canada,711194627,Jacob@mother.com
Alexander,Brown,188,Broadholme Lane,Brantford,Nova Scotia,L0N 3J2,Canada,842694701,Alexander@book.com
William,Williams,400,Bond Street,Blainville,Saskatchewan,"L4A 0T3 ",Canada,668285057,William@book.com
Liam,Brown,407,Caitland Court,Drummondville,New Brunswick,N5C 2J8,Canada,1179787754,Liam@system.com
"",Jones,463,Carroll Lane,Prince George,Manitoba,L4A 0T0,Canada,199737538,null@company.com
James,Jones,283,Argyle Street,Delta,British Columbia,"V1K 1V0 ",Canada,1139131345,James@lot.com
Mason,Taylor,119,Charlton Avenue,Grande Prairie,Northwest Territories,G0H 2P3,Canada,1367167966,Mason@government.com
Ethan,Jones,112,Aukland Place,Longueuil,British Columbia,L3V 1Y8,Canada,883667621,Ethan@case.com
