First Name,Last Name,Street Number,Street,City,Province,Postal Code,Country,Phone Number,email Address
William,Anderson,458,Bliss Street,Cape Breton,Nunavut,N5C 2J8,Canada,944609988,William@business.com
Jacob,Williams,484,Aikenhead Road,Port Coquitlam,Quebec,N8H 2H6,Canada,1267970499,Jacob@school.com
"",Moore,384,Chessvale Close,New Westminster,Nova Scotia,V8B 1P6,Canada,260086702,null@study.com
James,Davis,213,Alm-a Ramp,Thunder Bay,Nova Scotia,V8B 1P6,Canada,1189306270,James@month.com
William,Jackson,404,Bloomingdale Terrace,Moncton,British Columbia,N8H 2H6,Canada,1197629031,William@job.com
Alexander,Brown,32,Chester Avenue,Pickering,Manitoba,H0H 3C9,Canada,1320276329,Alexander@group.com
Mason,Thomas,324,Bower Road,Niagara Falls,Nunavut,H0H 3C9,Canada,759311104,Mason@program.com
James,Moore,386,Basinview Drive,Caledon,Newfoundland and Labrador,G0H 2P3,Canada,869220332,James@day.com
William,Brown,74,Caitland Court,Welland,Nunavut,L0N 3J2,Canada,1267767693,William@way.com
William,Davis,441,Bedford Row,Welland,Newfoundland and Labrador,J9T 3H4,Canada,401322533,William@room.com
Liam,Wilson,215,Banbury Close,Sault Ste. Marie,Nunavut,N4N 0B9,Canada,477463120,Liam@people.com
Alexander,Johnson,249,Alm-b Ramp,Strathcona County,Quebec,G0H 2P3,Canada,373190113,Alexander@woman.com
Ethan,Davis,294,Cascade Drive,Grande Prairie,,J9T 3H4,Canada,895372302,Ethan@null
Jacob,Anderson,137,Beaufort Avenue,Milton,Alberta,J9T 3H4,Canada,605787521,Jacob@right.com
Jacob,Moore,206,Aldergrove Drive,Regina,Alberta,G3H 0B4,Canada,424390653,Jacob@business.com
William,Williams,18,Clayder Lane,Pickering,British Columbia,T1L 2H8,Canada,739580419,William@country.com
Ethan,Williams,6,Alma Crescent,Quebec City,Northwest Territories,N8A 0B3,Canada,249239260,Ethan@point.com
William,Taylor,334,Carlton Street,Regina,New Brunswick,B2E 0X4,Canada,658426752,William@government.com
Ethan,Davis,292,Bonaventure Drive,Moncton,Nunavut,L3V 1Y8,Canada,383218680,Ethan@right.com
Ethan,Anderson,399,Carmichael Street,Waterloo,British Columbia,J0N 0Z3,Canada,1290818576,Ethan@time.com
"",Davis,220,Allan Street,Welland,Nunavut,"B0T 0Y5 ",Canada,181579134,null@word.com
Liam,Taylor,368,Aikens Avenue,Moncton,Nunavut,L9R 0A0,Canada,795983019,Liam@study.com
William,,215,Cavendish Road,LÃ©vis,Prince Edward Island,N8A 0B3,Canada,1007918153,William@thing.com
"",Jones,442,Bridges Street,Strathcona County,Nunavut,H3J 3P2,Canada,313183569,null@money.com
Mason,Anderson,134,Alm-a Ramp,Milton,Alberta,J9T 3H4,Canada,1360342535,Mason@system.com
Liam,Thomas,245,Ascot Avenue,Fredericton,Nunavut,E7E 3T7,Canada,1007406615,Liam@book.com
Liam,Moore,177,Chester Avenue,Prince George,Alberta,K1B 3B2,Canada,776621020,Liam@fact.com
"",Moore,85,Carnation Crescent,Windsor,Nunavut,B2E 0X4,Canada,1276044266,null@lot.com
