First Name,Last Name,Street Number,Street,City,Province,Postal Code,Country,Phone Number,email Address
"",Jones,255,Borden Street,Repentigny,Prince Edward Island,H9S 1R4,Canada,779597794,null@time.com
Mason,Davis,467,Braemount Drive,Chilliwack,Alberta,T1L 2H8,Canada,864167021,Mason@program.com
Mason,,246,Armview Avenue,Ajax,Prince Edward Island,"L4A 0T3 ",Canada,1139776655,Mason@null
Alexander,Jackson,383,Carroll Lane,Vaughan,New Brunswick,N8H 2H6,Canada,1008967702,Alexander@hand.com
Ethan,Jones,487,Church Street,Sault Ste. Marie,Quebec,G6X 2L1,Canada,124672914,Ethan@business.com
James,Miller,434,Carriageway Crescent,Chilliwack,Prince Edward Island,L9R 0A0,Canada,402673145,James@government.com
Alexander,Wilson,109,Amberwood Court,Blainville,British Columbia,L0N 3J2,Canada,1198178706,Alexander@thing.com
Ethan,Jackson,377,Brussels Street,Halton Hills,Nova Scotia,J0J 3V6,Canada,422011461,Ethan@world.com
"",Wilson,5,Bison Crescent,Whitby,Nunavut,J0J 3V6,Canada,1351671780,null@group.com
Ethan,Moore,378,Botany Terrace,Airdrie,Nova Scotia,H3J 3P2,Canada,647898819,Ethan@country.com
William,Thomas,208,Albert Street,Saint John,British Columbia,"V1K 1V0 ",Canada,417185830,William@life.com
Ethan,Jones,227,Brighton Avenue,North Vancouver,Yukon,J0N 0Z3,Canada,1047828026,Ethan@room.com
Liam,Johnson,496,Charles Street,Pickering,Nunavut,J9T 3H4,Canada,1192294765,Liam@month.com
Ethan,Brown,61,Acadia Street,Medicine Hat,British Columbia,,Canada,1070786536,Ethan@thing.com
"",Moore,120,Cabot Back Lane,Sault Ste. Marie,New Brunswick,H9S 1R4,Canada,149086452,null@business.com
Ethan,Williams,224,Battery Drive,Port Coquitlam,Prince Edward Island,G3E 2K4,Canada,451640244,Ethan@way.com
"",Wilson,475,Chestnut Street,Richmond Hill,British Columbia,,Canada,1060544992,null@thing.com
Alexander,Johnson,119,Alm-d Ramp,Kitchener,New Brunswick,J9P 1C6,Canada,318034394,Alexander@Mr.com
Jacob,Moore,126,Caxton Close,Barrie,Northwest Territories,L4A 0T0,Canada,997122957,Jacob@system.com
James,Davis,380,Argyle Street,Prince George,Alberta,E7E 3T7,Canada,589375413,James@group.com
Ethan,Jackson,256,Alm-a Ramp,Hamilton,Alberta,N8H 2H6,Canada,401603203,Ethan@case.com
Jacob,Brown,445,Central Avenue,Cambridge,New Brunswick,E5V 3X5,Canada,323999074,Jacob@government.com
Ethan,Jackson,194,Church Street,Clarington,Nunavut,J0J 3V6,Canada,1379801216,Ethan@government.com
"",Johnson,425,Cabot Street,Calgary,Nunavut,B3V 2V1,Canada,400162354,null@government.com
Ethan,Jackson,382,Brigadier Court,Burlington,Yukon,G3E 2K4,Canada,1322596996,Ethan@Mr.com
Ethan,Jackson,4,Aldergrove Drive,Vaughan,Prince Edward Island,"L4A 0T3 ",Canada,1342225099,Ethan@water.com
Jacob,Jones,393,Chocolate Lake Road,Brossard,British Columbia,J0J 3V6,Canada,836675238,Jacob@fact.com
Alexander,Brown,191,Armcrescent East Drive,Peterborough,Yukon,E4M 2G2,Canada,187564316,Alexander@work.com
Mason,Williams,65,Avon Crescent,North Vancouver,Manitoba,J0J 3V6,Canada,1292231610,Mason@word.com
"",Wilson,153,Bedros Lane,Pickering,Alberta,L4A 0T0,Canada,180254784,null@day.com
James,Anderson,236,Central Avenue,Quebec City,Saskatchewan,"V1K 1V0 ",Canada,1106165898,James@school.com
James,Thomas,175,Athlone Avenue,Milton,Nova Scotia,G3H 0B4,Canada,312277565,James@program.com
William,,409,Circle Drive,Trois-RiviÃ¨res,Quebec,,Canada,836469923,William@people.com
