First Name,Last Name,Street Number,Street,City,Province,Postal Code,Country,Phone Number,email Address
James,Williams,36,Alm-a Ramp,Surrey,Prince Edward Island,J9T 3H4,Canada,938619117,James@room.com
Ethan,Johnson,436,Albert Place,Fredericton,New Brunswick,L4A 0T0,Canada,1081608007,Ethan@question.com
James,Moore,339,Armada Drive,Wood Buffalo,Prince Edward Island,J0N 0Z3,Canada,371849414,James@state.com
William,Wilson,320,Cabot Place,Longueuil,Saskatchewan,K1B 3B2,Canada,632089167,William@water.com
