First Name,Last Name,Street Number,Street,City,Province,Postal Code,Country,Phone Number,email Address
Jacob,Davis,163,,Richmond,Saskatchewan,E5V 3X5,Canada,836891722,Jacob@part.com
James,Anderson,149,Cedarbrae Lane,Kamloops,Newfoundland and Labrador,H3J 3P2,Canada,343739156,James@year.com
William,Moore,390,Brunswick Street,New Westminster,British Columbia,T1L 2H8,Canada,406839911,William@state.com
Alexander,Johnson,51,Africville Road,Laval,Nunavut,N8H 2H6,Canada,309619977,Alexander@point.com
Mason,Williams,189,Bridget Avenue,Cambridge,Nova Scotia,J1S 0R4,Canada,895103088,Mason@hand.com
Jacob,Miller,76,Bright Street,Prince George,New Brunswick,L4A 0T0,Canada,839695550,Jacob@night.com
Jacob,Miller,352,Brunswick Street,Welland,Newfoundland and Labrador,G3H 0B4,Canada,182064844,Jacob@Mr.com
Jacob,Davis,254,Bristol Place,Victoria,British Columbia,,Canada,907015217,Jacob@thing.com
Jacob,Jones,69,Almon Street,Chatham-Kent,Nunavut,N8H 2H6,Canada,1323628044,Jacob@people.com
Mason,Davis,32,Burns Drive,Red Deer,Alberta,N4N 0B9,Canada,1294175447,Mason@question.com
"",Brown,72,Cedarbrae Lane,LÃ©vis,Alberta,"B0T 0Y5 ",Canada,576791482,null@way.com
"",Williams,348,Bonaventure Drive,Saguenay,Alberta,N5C 2J8,Canada,134971266,null@life.com
Mason,Wilson,356,Albert Street,Welland,Nova Scotia,T1L 2H8,Canada,645707159,Mason@place.com
Jacob,Moore,480,Bluestone Road,Nanaimo,Alberta,N8A 0B3,Canada,821798538,Jacob@student.com
Ethan,Johnson,315,Bliss Street,New Westminster,Newfoundland and Labrador,G3H 0B4,Canada,410304032,Ethan@number.com
Jacob,Miller,209,Alm-a Ramp,,New Brunswick,G3E 2K4,Canada,1294142646,Jacob@question.com
Ethan,Davis,473,Ahern Avenue,Winnipeg,Nunavut,H3J 3P2,Canada,480340248,Ethan@word.com
James,Jones,248,Aster Court,Quebec City,,J0J 3V6,Canada,884797509,James@word.com
William,Jackson,107,Bedford Windsor Ramp,Nanaimo,Northwest Territories,E7E 3T7,Canada,238247557,William@mother.com
James,Johnson,386,Cascade Drive,St. John's,Newfoundland and Labrador,N8H 2H6,Canada,828233903,James@fact.com
William,,129,Cedar Street,Coquitlam,Nunavut,E4S 3C4,Canada,810211294,William@day.com
Mason,Wilson,395,Bedford Row,Abbotsford,Alberta,H0H 3C9,Canada,352962490,Mason@student.com
Alexander,Brown,277,Beechwood Terrace,Welland,Prince Edward Island,L0N 3J2,Canada,101701943,Alexander@night.com
James,Thomas,211,Acorn Road,Regina,Newfoundland and Labrador,G6X 2L1,Canada,928556486,James@time.com
