First Name,Last Name,Street Number,Street,City,Province,Postal Code,Country,Phone Number,email Address
Ethan,Davis,338,Carroll Lane,Chilliwack,Newfoundland and Labrador,N8A 0B3,Canada,701899117,Ethan@Mr.com
Liam,Taylor,372,Bonaventure Drive,Halton Hills,British Columbia,G3H 0B4,Canada,190125576,Liam@case.com
Liam,Johnson,438,Castle Hill Drive,Newmarket,Nunavut,"V1K 1V0 ",Canada,1113930930,Liam@system.com
James,Jackson,396,Balmoral Road,Port Coquitlam,Newfoundland and Labrador,E4S 3C4,Canada,908882290,James@study.com
Liam,Williams,266,Bedros Lane,Saint-JÃ©rÃ´me,Prince Edward Island,N5C 2J8,Canada,1026643553,Liam@business.com
William,Jones,11,Bluestone Road,Medicine Hat,Nova Scotia,B3V 2V1,Canada,464611921,William@water.com
Ethan,,36,Boulderwood Road,Montreal,Yukon,G3E 2K4,Canada,1364001653,Ethan@case.com
Alexander,Jones,265,Belmont On The Arm,Red Deer,Prince Edward Island,K1B 3B2,Canada,1170404764,Alexander@eye.com
Jacob,Thomas,451,Barkton Lane,Ottawa,Saskatchewan,N8H 2H6,Canada,520720354,Jacob@story.com
Ethan,Taylor,411,Berts Drive,Brossard,Nunavut,B2E 0X4,Canada,1238911590,Ethan@man.com
Ethan,Anderson,313,Carrington Place,Markham,Newfoundland and Labrador,N5C 2J8,Canada,957310553,Ethan@story.com
Mason,Jackson,221,Bakers Drive,Whitby,Prince Edward Island,"V1K 1V0 ",Canada,341858794,Mason@world.com
William,Miller,208,Arnold Drive,Newmarket,Nova Scotia,N5C 2J8,Canada,1305672746,William@program.com
Liam,Thomas,276,Blue Willow Court,Guelph,Prince Edward Island,G3H 0B4,Canada,1303516526,Liam@company.com
Ethan,Thomas,251,Cairnwell Close,St. John's,Alberta,L9R 0A0,Canada,197560104,Ethan@government.com
James,Davis,156,Bosun Run,Coquitlam,Yukon,L9R 0A0,Canada,672140512,James@home.com
Ethan,Brown,320,Cairnwell Close,Sherbrooke,Newfoundland and Labrador,N5C 2J8,Canada,250649596,Ethan@state.com
Ethan,Jones,184,Ascot Avenue,St. John's,Northwest Territories,G3E 2K4,Canada,492401966,Ethan@place.com
Jacob,Wilson,183,Beachstone Drive,Blainville,Nova Scotia,E7E 3T7,Canada,1273598937,Jacob@study.com
William,Jones,420,Alumni Crescent,Pickering,Prince Edward Island,E4S 3C4,Canada,683024814,William@country.com
Liam,Wilson,19,Annandale Street,Oakville,Nunavut,G3E 2K4,Canada,456156787,Liam@school.com
William,Davis,283,Bosun Run,Brossard,Prince Edward Island,J9T 3H4,Canada,1315289045,William@home.com
Mason,Johnson,427,Broadholme Lane,Niagara Falls,Saskatchewan,K1B 3B2,Canada,407580866,Mason@student.com
Mason,Thomas,42,Albion Road,Saint-JÃ©rÃ´me,Quebec,L3V 1Y8,Canada,731447998,Mason@job.com
James,Jones,345,Catamaran Road,Saint-JÃ©rÃ´me,Nunavut,L3V 1Y8,Canada,145938354,James@year.com
William,Jones,476,Albert Walker Drive,Clarington,Quebec,G3E 2K4,Canada,1319997431,William@question.com
Jacob,Williams,301,Bobolink Street,Medicine Hat,Prince Edward Island,"L4A 0T3 ",Canada,775872216,Jacob@word.com
James,Jones,14,Autumn Drive,Saskatoon,Prince Edward Island,L0N 3J2,Canada,179068786,James@number.com
Jacob,Jones,481,Brussels Street,Barrie,Yukon,T1L 2H8,Canada,189077923,Jacob@part.com
James,Williams,170,Ballantrae Lane,Guelph,Prince Edward Island,J0J 3V6,Canada,1038260751,James@right.com
James,Jackson,153,Bedford Highway,Niagara Falls,Newfoundland and Labrador,L9R 0A0,Canada,529556283,James@null
"",Taylor,168,Chebucto Lane,Burlington,Prince Edward Island,N5C 2J8,Canada,282645209,null@eye.com
Alexander,Jackson,475,Agricola Street,Saint-JÃ©rÃ´me,Nova Scotia,J1S 0R4,Canada,1093253903,Alexander@room.com
