First Name,Last Name,Street Number,Street,City,Province,Postal Code,Country,Phone Number,email Address
James,Brown,443,Bristol Place,Sault Ste. Marie,New Brunswick,V8C 0S2,Canada,1104148243,James@study.com
Alexander,Jones,469,Archibald Avenue,Mirabel,Newfoundland and Labrador,J1S 0R4,Canada,630872568,Alexander@state.com
Liam,Miller,181,Alm-d Ramp,Mirabel,Nunavut,H3J 3P2,Canada,682459741,Liam@problem.com
"",Wilson,258,Cartaret Street,Thunder Bay,New Brunswick,T1L 2H8,Canada,614855171,null@Mr.com
Ethan,Thomas,70,Athlone Avenue,Aurora,Northwest Territories,N4N 0B9,Canada,483699356,Ethan@job.com
Liam,Wilson,371,Ash Lake Court,Mississauga,Alberta,G6X 2L1,Canada,237947280,Liam@world.com
Jacob,Anderson,491,Bridges Street,Wood Buffalo,Northwest Territories,B2E 0X4,Canada,854398166,Jacob@month.com
William,Thomas,398,Blue Jay Street,Thunder Bay,British Columbia,J9P 1C6,Canada,1106995576,William@place.com
"",Jones,384,Bryden Avenue,Sault Ste. Marie,Nova Scotia,H9S 1R4,Canada,112062192,null@day.com
Liam,Thomas,316,Albion Road,St. Catharines,Nunavut,J9T 3H4,Canada,919162334,Liam@system.com
James,Johnson,329,Bridget Avenue,Cape Breton,Quebec,"B0T 0Y5 ",Canada,310461489,James@right.com
Jacob,Jones,117,Birchdale Avenue,Kitchener,Nunavut,J1S 0R4,Canada,1134391984,Jacob@year.com
Ethan,Moore,384,Ahern Avenue,Peterborough,Quebec,K1B 3B2,Canada,774935303,Ethan@day.com
William,Jones,123,Adelaide Avenue,Longueuil,Prince Edward Island,N8H 2H6,Canada,679234456,William@day.com
Ethan,Davis,80,Claremont Street,Waterloo,Saskatchewan,E4S 3C4,Canada,385409947,Ethan@water.com
