First Name,Last Name,Street Number,Street,City,Province,Postal Code,Country,Phone Number,email Address
"",Thomas,63,Benjamin Green Drive,Regina,Northwest Territories,L4A 0T0,Canada,1400737303,null@problem.com
William,Taylor,405,Broadholme Lane,Oshawa,Northwest Territories,K1B 3B2,Canada,1377572741,William@system.com
"",Brown,34,Aikenhead Road,Ottawa,Alberta,L0N 3J2,Canada,573927057,null@fact.com
James,Thomas,486,Aurora Avenue,Prince George,Prince Edward Island,G3E 2K4,Canada,926842287,James@country.com
William,,476,Camelot Lane,Maple Ridge,New Brunswick,H9S 1R4,Canada,908422418,William@family.com
Liam,Johnson,268,Bedford Highway Ramp,Medicine Hat,,H3J 3P2,Canada,443226111,Liam@book.com
"",Jackson,289,Borden Street,Fredericton,Prince Edward Island,"L4A 0T3 ",Canada,248429746,null@business.com
Alexander,Davis,111,Birmingham Street,New Westminster,New Brunswick,L9R 0A0,Canada,695781836,Alexander@word.com
Ethan,Jones,290,Aukland Place,Richmond Hill,Nunavut,L0N 3J2,Canada,1133026810,Ethan@man.com
Jacob,,10,Caitland Court,Lethbridge,Nunavut,J9T 3H4,Canada,553160590,Jacob@water.com
Alexander,Jackson,237,Cavendish Road,Burnaby,Saskatchewan,J9T 3H4,Canada,643280182,Alexander@group.com
Jacob,Brown,77,Castlepark Grove,Greater Sudbury,Yukon,,Canada,684946573,Jacob@program.com
Jacob,Miller,146,Argyle Street,Ottawa,Nunavut,E7E 3T7,Canada,483758346,Jacob@question.com
Liam,Davis,76,Alm-e Ramp,Winnipeg,Northwest Territories,"B0T 0Y5 ",Canada,785037897,Liam@child.com
Liam,Jackson,81,Berkshire Close,Regina,New Brunswick,L3V 1Y8,Canada,1263366258,Liam@year.com
Jacob,Taylor,450,Beech Street,Surrey,Newfoundland and Labrador,H0H 3C9,Canada,1315844829,Jacob@family.com
"",Taylor,386,Chartwell Lane,Caledon,Nunavut,,Canada,1044356480,null@fact.com
Liam,Wilson,241,Birmingham Street,Peterborough,Nunavut,L4A 0T0,Canada,1401307609,Liam@Mr.com
"",Miller,106,Chelton Woods Lane,Surrey,Nova Scotia,V8C 0S2,Canada,898124443,null@business.com
William,Wilson,302,Carmichael Street,Kawartha Lakes,Prince Edward Island,E4S 3C4,Canada,360773586,William@place.com
Alexander,Miller,388,Chartwell Lane,Sherbrooke,Prince Edward Island,G3H 0B4,Canada,562297791,Alexander@work.com
Mason,Jones,356,Chain Rock Drive,Pickering,Newfoundland and Labrador,"L4A 0T3 ",Canada,992250381,Mason@point.com
Alexander,Anderson,285,Alm-b Ramp,Guelph,Prince Edward Island,"L4A 0T3 ",Canada,261299058,Alexander@world.com
"",Moore,23,Central Avenue,Ajax,Prince Edward Island,"B0T 0Y5 ",Canada,939337444,null@water.com
Ethan,Davis,292,Bakers Drive,Laval,Alberta,N4N 0B9,Canada,909026769,Ethan@family.com
Mason,Williams,334,Bilby Street,Saint-Jean-sur-Richelieu,Newfoundland and Labrador,E4M 2G2,Canada,733810670,Mason@hand.com
"",Jackson,471,Caitland Court,Halton Hills,Nova Scotia,L4A 0T0,Canada,653063767,null@number.com
William,Williams,331,Clayton Park Drive,Nanaimo,Nunavut,L3V 1Y8,Canada,308551150,William@money.com
William,Thomas,119,Birchfield Crescent,Trois-RiviÃ¨res,Nunavut,L4A 0T0,Canada,1081160634,William@way.com
James,Davis,411,Bedros Lane,Medicine Hat,Yukon,E7E 3T7,Canada,529319393,James@year.com
Liam,Anderson,176,Canterbury Close,Vancouver,Northwest Territories,"L4A 0T3 ",Canada,526748682,Liam@problem.com
