First Name,Last Name,Street Number,Street,City,Province,Postal Code,Country,Phone Number,email Address
Mason,Jackson,490,Alton Drive,Waterloo,British Columbia,J9T 3H4,Canada,328580171,Mason@system.com
Alexander,Miller,333,Chocolate Lake Road,Saint-Hyacinthe,Saskatchewan,J9T 3H4,Canada,197092012,Alexander@Mr.com
"",,164,Chartwell Lane,Fredericton,Quebec,G3H 0B4,Canada,332505924,null@state.com
Ethan,Jackson,433,Anchor Drive,Peterborough,Newfoundland and Labrador,J0N 0Z3,Canada,1256380483,Ethan@government.com
William,,457,Clearview Street,Milton,Saskatchewan,G3H 0B4,Canada,1291785953,William@week.com
Alexander,Jones,337,Chester Avenue,Ajax,Newfoundland and Labrador,V8B 1P6,Canada,1355618562,Alexander@woman.com
Ethan,Davis,228,Birchfield Crescent,Barrie,Alberta,N5C 2J8,Canada,435479543,Ethan@right.com
James,Moore,56,Alderwood Drive,Welland,Nova Scotia,J1S 0R4,Canada,285718046,James@country.com
Liam,Moore,370,Alderwood Drive,Peterborough,Northwest Territories,L0N 3J2,Canada,786608126,Liam@time.com
"",Williams,223,Braeside Lane,Gatineau,British Columbia,E4S 3C4,Canada,568495374,null@fact.com
Jacob,Brown,349,Bayne Street,Saint John,Quebec,"L4A 0T3 ",Canada,1187792736,Jacob@home.com
Ethan,Taylor,21,Clinton Avenue,Regina,Yukon,J9P 1C6,Canada,709525838,Ethan@month.com
Alexander,Jones,231,Catamaran Road,Cambridge,Nunavut,N8A 0B3,Canada,1369453328,Alexander@student.com
Jacob,Moore,423,Balmoral Road,Saguenay,Yukon,E5V 3X5,Canada,737965259,Jacob@eye.com
Liam,Davis,427,Bosun Run,Windsor,Alberta,L0N 3J2,Canada,992289297,Liam@business.com
James,Williams,285,Bridgeview Drive,Caledon,,K1B 3B2,Canada,1051064968,James@program.com
William,Thomas,301,Brackley Place,St. Albert,Yukon,G3E 2K4,Canada,945671603,William@problem.com
"",Miller,40,Chebucto Lane,Cape Breton,Alberta,G0H 2P3,Canada,1265538827,null@job.com
