First Name,Last Name,Street Number,Street,City,Province,Postal Code,Country,Phone Number,email Address
William,Brown,439,Centre Gate,Vaughan,Prince Edward Island,E4S 3C4,Canada,1085138342,William@day.com
James,Jones,335,Botany Terrace,Moncton,Northwest Territories,G3E 2K4,Canada,304806802,James@story.com
"",Davis,169,Castle Hill Drive,Saint-JÃ©rÃ´me,Prince Edward Island,V8C 0S2,Canada,1090048018,null@right.com
Jacob,Jackson,219,Carroll Lane,Windsor,Newfoundland and Labrador,H3J 3P2,Canada,983211890,Jacob@company.com
Ethan,Jackson,284,Bedford Highway,Calgary,Northwest Territories,B2E 0X4,Canada,432211844,Ethan@group.com
Ethan,Moore,415,Balmoral Road,Port Coquitlam,Prince Edward Island,G0H 2P3,Canada,409376761,Ethan@government.com
"",Miller,296,Beresford Road,Whitby,Nova Scotia,V8C 0S2,Canada,510060678,null@day.com
"",Davis,330,Brook Street,Brossard,Saskatchewan,B2E 0X4,Canada,613038832,null@state.com
"",Brown,194,Catamaran Road,Aurora,New Brunswick,E4S 3C4,Canada,1344214275,null@null
James,Johnson,237,Camelot Lane,Red Deer,,L0N 3J2,Canada,406904122,James@money.com
"",Miller,234,Church Street,Winnipeg,,G3H 0B4,Canada,436302719,null@system.com
Mason,Johnson,416,Amirault Court,Port Coquitlam,Prince Edward Island,L4A 0T0,Canada,1314907247,Mason@state.com
Ethan,Wilson,318,Altavista Lane,Hamilton,Quebec,E4M 2G2,Canada,1100846898,Ethan@place.com
James,Jackson,152,Briar Lane,Regina,Alberta,L3V 1Y8,Canada,290668587,James@world.com
James,Davis,168,Canterbury Close,Ottawa,Prince Edward Island,G3E 2K4,Canada,484415725,James@problem.com
Ethan,Davis,336,Brackley Place,Newmarket,Quebec,J0N 0Z3,Canada,318954560,Ethan@state.com
Liam,,189,"Alm-../../view.php?place=Alm-# Ramp, Halifax, ns, CANADA Ramp",Montreal,New Brunswick,G3E 2K4,Canada,407280997,Liam@night.com
