First Name,Last Name,Street Number,Street,City,Province,Postal Code,Country,Phone Number,email Address
Liam,Taylor,30,Albion Road,Kitchener,Nunavut,L3V 1Y8,Canada,877602627,Liam@woman.com
James,Davis,144,Cardiff Place,Lethbridge,Saskatchewan,N4N 0B9,Canada,341421384,James@water.com
"",Miller,25,Chain Rock Drive,Red Deer,Saskatchewan,L0N 3J2,Canada,769296778,null@lot.com
Jacob,Thomas,29,Brunswick Street,North Vancouver,Nova Scotia,B2E 0X4,Canada,960750461,Jacob@eye.com
"",Jones,18,Birch Cove Lane,Calgary,Nova Scotia,J0J 3V6,Canada,436649819,null@country.com
William,Moore,136,Amirault Court,Norfolk County,Northwest Territories,B2E 0X4,Canada,1177027246,William@program.com
Ethan,Jones,421,Arthur Street,Cape Breton,Yukon,E7E 3T7,Canada,1296967955,Ethan@study.com
"",Moore,231,Atlantic Street,Regina,Manitoba,G6X 2L1,Canada,1053532303,null@question.com
"",Wilson,163,Brockhurst Close,Laval,Nunavut,N5C 2J8,Canada,948214252,null@night.com
James,Jackson,289,Berlin Street,Port Coquitlam,New Brunswick,E4S 3C4,Canada,419224649,James@Mr.com
Mason,Jones,256,Bobolink Street,Saint-JÃ©rÃ´me,Prince Edward Island,B3V 2V1,Canada,592663934,Mason@woman.com
Mason,Anderson,218,Armcrescent West Avenue,Regina,Alberta,E4S 3C4,Canada,324901991,Mason@book.com
William,Miller,418,Chocolate Lake Road,Fredericton,Prince Edward Island,"B0T 0Y5 ",Canada,409369903,William@work.com
Mason,Thomas,499,Bonaventure Drive,Clarington,Northwest Territories,J0J 3V6,Canada,1218606446,Mason@year.com
Ethan,Davis,243,Bedford Highway,Cambridge,Nova Scotia,G3H 0B4,Canada,1234714128,Ethan@company.com
Liam,Jones,238,Alumni Crescent,Port Coquitlam,Northwest Territories,,Canada,1149425331,Liam@country.com
Ethan,Taylor,138,Chipstone Close,Kitchener,Quebec,G3E 2K4,Canada,491731397,Ethan@business.com
Mason,Moore,375,Cabot Street,Quebec City,Nunavut,G0H 2P3,Canada,1153013215,Mason@week.com
James,,473,Chain Rock Drive,Aurora,,J9T 3H4,Canada,1057724679,James@fact.com
Liam,Thomas,200,Ashburn Avenue,Maple Ridge,Prince Edward Island,V8C 0S2,Canada,718223869,Liam@story.com
Liam,Moore,399,Brodick Lane,Vancouver,Northwest Territories,H9S 1R4,Canada,706475395,Liam@company.com
Alexander,,220,Castlepark Grove,North Vancouver,Prince Edward Island,H9S 1R4,Canada,1175934450,Alexander@program.com
Liam,Williams,477,Argyle Street,Caledon,Prince Edward Island,H9S 1R4,Canada,424598429,Liam@group.com
James,Thomas,290,Beech Street,Saint John,Nunavut,V8C 0S2,Canada,1025273064,James@job.com
Liam,Taylor,110,Albert Street,Oakville,Prince Edward Island,L9R 0A0,Canada,1004648858,Liam@way.com
Alexander,Johnson,205,Berlin Street,Saanich,Nova Scotia,T1L 2H8,Canada,163313250,Alexander@mother.com
James,Williams,317,Brussels Street,Airdrie,Yukon,G3E 2K4,Canada,1396575249,James@point.com
William,Thomas,120,Admirals Way,Coquitlam,Prince Edward Island,J9T 3H4,Canada,972122553,William@hand.com
William,Moore,239,Birch Cove Lane,Halifax,Northwest Territories,J9T 3H4,Canada,691465610,William@story.com
"",Wilson,325,Armoury Place,Niagara Falls,Nunavut,L9R 0A0,Canada,932195340,null@case.com
"",Jackson,55,Bauer Street,Calgary,Alberta,H9S 1R4,Canada,610276680,null@place.com
Mason,Williams,276,Chestnut Street,Cambridge,British Columbia,E4M 2G2,Canada,861173286,Mason@null
Alexander,Brown,414,Aikens Avenue,Newmarket,Yukon,G3E 2K4,Canada,762695295,Alexander@country.com
Liam,,132,Blue Thistle Road,Gatineau,Prince Edward Island,L0N 3J2,Canada,317798427,Liam@point.com
William,,412,Armdale Rotary,Blainville,Nova Scotia,"V1K 1V0 ",Canada,1116898907,William@program.com
Ethan,Wilson,204,Barkton Lane,Prince George,Manitoba,T1L 2H8,Canada,257034736,Ethan@question.com
Alexander,Moore,208,Blink Bonnie Terrace,Granby,Manitoba,T1L 2H8,Canada,1238040905,Alexander@hand.com
James,Brown,76,Benalder Lane,Saint-JÃ©rÃ´me,Northwest Territories,G3H 0B4,Canada,212111590,James@water.com
"",Moore,320,Chadwick Place,Saguenay,Prince Edward Island,G3E 2K4,Canada,818822061,null@month.com
