First Name,Last Name,Street Number,Street,City,Province,Postal Code,Country,Phone Number,email Address
William,,479,Cherry Lane,Kelowna,Newfoundland and Labrador,J0J 3V6,Canada,931710894,William@year.com
Jacob,Davis,395,Carriageway Crescent,North Bay,Manitoba,J0N 0Z3,Canada,957463235,Jacob@people.com
Liam,Taylor,115,Boscobel Road,Coquitlam,Alberta,T1L 2H8,Canada,1004008435,Liam@woman.com
"",Williams,443,Autumn Drive,Hamilton,Northwest Territories,G3E 2K4,Canada,796086638,null@world.com
Mason,Brown,367,Albert Walker Drive,Langley,Nunavut,L4A 0T0,Canada,264711868,Mason@program.com
Ethan,Taylor,178,Ardwell Avenue,Ajax,Nunavut,G3H 0B4,Canada,393304950,Ethan@year.com
Ethan,Jones,329,Admirals Way,Kingston,Quebec,E4M 2G2,Canada,415242987,Ethan@week.com
Ethan,,53,Cabot Street,Abbotsford,Nunavut,J0N 0Z3,Canada,1291442953,Ethan@group.com
Alexander,Johnson,67,Bond Street,Markham,Nunavut,H0H 3C9,Canada,233959240,Alexander@country.com
William,Davis,477,Brook Street,Granby,Newfoundland and Labrador,V8C 0S2,Canada,827692242,William@state.com
"",,330,Basinview Drive,Nanaimo,British Columbia,H3J 3P2,Canada,1254931004,null@case.com
Jacob,Moore,328,Altavista Lane,LÃ©vis,Nova Scotia,J0N 0Z3,Canada,476122484,Jacob@system.com
James,Anderson,274,Chebucto Road,Saanich,New Brunswick,J0N 0Z3,Canada,458329038,James@people.com
Ethan,Williams,494,Clovis Avenue,Pickering,Alberta,H9S 1R4,Canada,755292736,Ethan@fact.com
Liam,Thomas,291,Amirault Court,Prince George,Nova Scotia,G3E 2K4,Canada,997665923,Liam@problem.com
Jacob,Jones,109,Ahern Avenue,Richmond,Quebec,E5V 3X5,Canada,556627306,Jacob@government.com
Jacob,Moore,411,Bayview Road,Greater Sudbury,Nunavut,E5V 3X5,Canada,1300198330,Jacob@case.com
"",Jackson,357,Birchdale Avenue,Repentigny,British Columbia,E4S 3C4,Canada,356037413,null@state.com
Liam,Miller,69,Ashdale Avenue,Saint John,Nova Scotia,H3J 3P2,Canada,740778957,Liam@day.com
Mason,,175,Belmont On The Arm,Newmarket,Alberta,H9S 1R4,Canada,1167207385,Mason@world.com
Jacob,Moore,220,Braeburn Road,Oakville,Prince Edward Island,K1B 3B2,Canada,818261794,Jacob@eye.com
Ethan,Jones,9,Bayview Road,Cambridge,Nova Scotia,J9T 3H4,Canada,431312073,Ethan@month.com
Ethan,Jones,104,Banbury Close,Moncton,Prince Edward Island,J0J 3V6,Canada,984564909,Ethan@life.com
William,Williams,430,Chestnut Street,Winnipeg,Northwest Territories,"V1K 1V0 ",Canada,184558421,William@woman.com
