First Name,Last Name,Street Number,Street,City,Province,Postal Code,Country,Phone Number,email Address
Ethan,Anderson,244,Adams Avenue,Saint John,Nova Scotia,N8H 2H6,Canada,710654036,Ethan@hand.com
Liam,Jones,274,Bell Road,Caledon,Nova Scotia,G6X 2L1,Canada,992302469,Liam@book.com
William,Williams,425,Cartaret Street,Richmond Hill,Prince Edward Island,E4S 3C4,Canada,109733480,William@group.com
William,Miller,342,Bloomingdale Terrace,Saint-Hyacinthe,Yukon,E7E 3T7,Canada,265254850,William@student.com
Jacob,Johnson,20,Cardiff Place,Vancouver,Northwest Territories,"V1K 1V0 ",Canada,1282286376,Jacob@money.com
"",Jones,432,Armstrong Court,Burlington,Newfoundland and Labrador,G6X 2L1,Canada,1358013230,null@state.com
Mason,Williams,422,Alex Street,St. Catharines,Prince Edward Island,J9T 3H4,Canada,568299874,Mason@lot.com
James,Jones,383,Caitland Court,Prince George,Northwest Territories,J1S 0R4,Canada,1038871015,James@word.com
James,Brown,281,Armview Terrace,Burlington,Northwest Territories,N5C 2J8,Canada,297749610,James@eye.com
"",,447,Chebucto Lane,Richmond Hill,Yukon,N8A 0B3,Canada,138959121,null@work.com
Jacob,Taylor,283,Bower Road,Calgary,Nunavut,J9T 3H4,Canada,312393537,Jacob@country.com
"",Taylor,463,Bridget Avenue,Saskatoon,Nunavut,G6X 2L1,Canada,930672131,null@man.com
Mason,Williams,202,Armdale Rotary,Longueuil,Newfoundland and Labrador,G3H 0B4,Canada,685095058,Mason@state.com
James,Williams,351,Birch Cove Lane,Whitby,Northwest Territories,G3E 2K4,Canada,1146845769,James@child.com
Ethan,Jones,36,Belmont On The Arm,Burlington,Nunavut,G3E 2K4,Canada,184388621,Ethan@case.com
Jacob,Anderson,142,Admirals Way,Granby,Newfoundland and Labrador,J9P 1C6,Canada,515979284,Jacob@life.com
Ethan,,359,Circle Drive,Fredericton,Nunavut,V8B 1P6,Canada,1099193282,Ethan@way.com
Liam,Anderson,134,Clearview Street,Calgary,Northwest Territories,B3V 2V1,Canada,220103382,Liam@mother.com
Jacob,Davis,250,Bedford Highway,Repentigny,Newfoundland and Labrador,V8C 0S2,Canada,553316045,Jacob@government.com
William,Wilson,225,Chelton Woods Lane,Pickering,Newfoundland and Labrador,L3V 1Y8,Canada,833350168,William@thing.com
William,Anderson,21,Bloomingdale Terrace,Airdrie,Northwest Territories,B3V 2V1,Canada,325564904,William@hand.com
"",Taylor,329,Bond Street,St. Catharines,Saskatchewan,,Canada,634976923,null@story.com
Jacob,Davis,465,Balwearie Lane,North Vancouver,,T1L 2H8,Canada,934075486,Jacob@system.com
Jacob,Taylor,17,Bright Place,,,B2E 0X4,Canada,665220153,Jacob@point.com
Ethan,Davis,482,Birchview Drive,Port Coquitlam,Nova Scotia,J0N 0Z3,Canada,1136853107,Ethan@government.com
Ethan,Miller,297,Apollo Court,Drummondville,Nunavut,E4M 2G2,Canada,1212537286,Ethan@book.com
"",Wilson,174,Bedford Windsor Ramp,Welland,Prince Edward Island,J0J 3V6,Canada,193342942,null@money.com
"",Thomas,324,Blink Bonnie Terrace,Peterborough,New Brunswick,N4N 0B9,Canada,739512133,null@system.com
Mason,Johnson,133,Blowers Street,North Vancouver,Nunavut,H0H 3C9,Canada,897641229,Mason@right.com
Jacob,Thomas,144,Cherry Lane,Kamloops,British Columbia,L4A 0T0,Canada,277617604,Jacob@student.com
