First Name,Last Name,Street Number,Street,City,Province,Postal Code,Country,Phone Number,email Address
Liam,Williams,84,Clayton Park Drive,Terrebonne,Prince Edward Island,L4A 0T0,Canada,850782873,Liam@program.com
Ethan,Jones,14,Binney Street,Chilliwack,Nunavut,G3E 2K4,Canada,626845248,Ethan@family.com
Alexander,Miller,93,Centre Gate,Gatineau,Nunavut,N8A 0B3,Canada,195809597,Alexander@number.com
Liam,Miller,169,Braemount Drive,Drummondville,Prince Edward Island,E5V 3X5,Canada,892860778,Liam@question.com
Ethan,Anderson,79,Arnold Drive,Saint-JÃ©rÃ´me,Nova Scotia,N5C 2J8,Canada,194905405,Ethan@month.com
William,Brown,334,Armcrescent East Drive,Quebec City,Prince Edward Island,L3V 1Y8,Canada,752233682,William@part.com
Ethan,Brown,291,Ballantrae Lane,Lethbridge,Nunavut,H9S 1R4,Canada,631267627,Ethan@week.com
"",Thomas,351,Bison Crescent,Pickering,Alberta,G6X 2L1,Canada,689844541,null@country.com
Jacob,Brown,101,Apollo Court,Peterborough,New Brunswick,L4A 0T0,Canada,149743560,Jacob@part.com
Ethan,Brown,302,Carriageway Crescent,Saint-Hyacinthe,Alberta,J0J 3V6,Canada,1199285498,Ethan@study.com
Liam,Brown,435,Bower Road,Thunder Bay,Prince Edward Island,N4N 0B9,Canada,1133255544,Liam@day.com
James,Miller,193,Artillery Place,Peterborough,Newfoundland and Labrador,"L4A 0T3 ",Canada,404610133,James@system.com
James,Johnson,128,Carlton Street,Greater Sudbury,Manitoba,L4A 0T0,Canada,1072490189,James@water.com
James,Miller,223,Braeside Lane,Sherbrooke,Prince Edward Island,N8A 0B3,Canada,668286476,James@part.com
William,Moore,300,Caxton Close,Medicine Hat,New Brunswick,G6X 2L1,Canada,1396420594,William@hand.com
James,Jones,415,Ashton Lane,Moncton,British Columbia,L9R 0A0,Canada,447635360,James@time.com
James,Moore,181,Chadwick Place,Sherbrooke,New Brunswick,N5C 2J8,Canada,727365932,James@lot.com
Jacob,Jones,63,Canterbury Close,Blainville,Northwest Territories,L4A 0T0,Canada,1155120995,Jacob@place.com
Jacob,Jones,226,Benalder Lane,Repentigny,Newfoundland and Labrador,G3H 0B4,Canada,885963290,Jacob@question.com
William,Moore,176,Charlton Avenue,Maple Ridge,Northwest Territories,,Canada,843864512,William@child.com
"",Anderson,233,Birchwood Drive,Trois-RiviÃ¨res,Prince Edward Island,T1L 2H8,Canada,994673574,null@thing.com
Alexander,Jackson,214,Birches Drive,LÃ©vis,Nova Scotia,K1B 3B2,Canada,395618101,Alexander@life.com
Ethan,Moore,338,Bayne Street,North Bay,Alberta,B3V 2V1,Canada,954286943,Ethan@eye.com
William,Wilson,56,Beech Street,Saint John,Nunavut,V8C 0S2,Canada,531585213,William@story.com
James,Jones,326,Albert Place,Thunder Bay,Nunavut,J0N 0Z3,Canada,755875028,James@Mr.com
Mason,Wilson,391,Bald Eagle Place,Quebec City,Northwest Territories,G0H 2P3,Canada,374313963,Mason@water.com
Alexander,Jones,156,Albert Place,Strathcona County,Nunavut,N4N 0B9,Canada,834583686,Alexander@day.com
William,Brown,240,Basinview Drive,Abbotsford,Alberta,N8H 2H6,Canada,301514462,William@question.com
William,Anderson,268,Cabot Place,Coquitlam,Yukon,V8B 1P6,Canada,1334200985,William@people.com
Ethan,Thomas,166,Beaufort Avenue,Oshawa,Nova Scotia,L0N 3J2,Canada,381617798,Ethan@school.com
Ethan,Brown,127,Ashdale Avenue,Brossard,Nunavut,L4A 0T0,Canada,892233667,Ethan@case.com
William,Taylor,415,Castine Way,Mirabel,Newfoundland and Labrador,E5V 3X5,Canada,424638239,William@point.com
