First Name,Last Name,Street Number,Street,City,Province,Postal Code,Country,Phone Number,email Address
William,Davis,428,Brussels Street,Sherbrooke,Northwest Territories,N4N 0B9,Canada,327850885,William@week.com
James,Thomas,22,Brussels Street,Surrey,,L4A 0T0,Canada,283725630,James@week.com
Ethan,Jackson,204,Birch Cove Lane,Markham,Prince Edward Island,N8H 2H6,Canada,137438125,Ethan@government.com
William,Jackson,141,Annandale Street,Blainville,Northwest Territories,J9T 3H4,Canada,511295956,William@fact.com
James,Moore,252,Ballantrae Lane,Lethbridge,Manitoba,J0N 0Z3,Canada,390629124,James@story.com
Ethan,Wilson,354,Briar Lane,Nanaimo,Prince Edward Island,N8A 0B3,Canada,618839965,Ethan@case.com
