First Name,Last Name,Street Number,Street,City,Province,Postal Code,Country,Phone Number,email Address
James,Jones,254,Black Street,Guelph,Quebec,H9S 1R4,Canada,971593160,James@number.com
Mason,Thomas,372,Bell Road,Grande Prairie,Northwest Territories,H0H 3C9,Canada,214779429,Mason@government.com
Jacob,Taylor,453,Cascade Drive,Victoria,Northwest Territories,H0H 3C9,Canada,1161488798,Jacob@country.com
William,Williams,321,Alma Crescent,Trois-RiviÃ¨res,Quebec,V8B 1P6,Canada,566844907,William@null
Jacob,Williams,123,Aukland Place,Montreal,Northwest Territories,E4M 2G2,Canada,1026447854,Jacob@word.com
Liam,Moore,355,Blenheim Terrace,Moncton,British Columbia,T1L 2H8,Canada,211320739,Liam@eye.com
Liam,Wilson,416,Alex Street,Sherbrooke,Manitoba,G0H 2P3,Canada,249233390,Liam@home.com
Jacob,Brown,409,Bonaventure Drive,Moncton,Alberta,"L4A 0T3 ",Canada,242676800,Jacob@company.com
Mason,Anderson,116,Braeburn Road,Kawartha Lakes,Prince Edward Island,J9T 3H4,Canada,177578845,Mason@group.com
Jacob,Jackson,307,Alm-a Ramp,Saint-Jean-sur-Richelieu,Prince Edward Island,L9R 0A0,Canada,603106112,Jacob@eye.com
