First Name,Last Name,Street Number,Street,City,Province,Postal Code,Country,Phone Number,email Address
"",Thomas,255,Bedford Highway,London,,G3E 2K4,Canada,817707432,null@woman.com
"",Wilson,90,Argyle Street,Calgary,New Brunswick,K1B 3B2,Canada,453999345,null@point.com
Liam,Brown,17,Berlin Street,Kingston,New Brunswick,K1B 3B2,Canada,548892568,Liam@point.com
James,Thomas,9,Cherry Lane,Abbotsford,Prince Edward Island,G3H 0B4,Canada,1207364496,James@book.com
"",Moore,40,Caitland Court,Saguenay,British Columbia,V8B 1P6,Canada,893482535,null@job.com
William,Jones,40,Balmoral Road,Gatineau,Saskatchewan,J0J 3V6,Canada,164277403,William@study.com
Mason,Moore,18,Clayder Lane,Clarington,Quebec,V8C 0S2,Canada,1315399017,Mason@month.com
James,Miller,36,,Burlington,Alberta,B2E 0X4,Canada,1385035194,James@book.com
Alexander,Jones,255,Bridges Street,LÃ©vis,Nunavut,,Canada,1308242116,Alexander@problem.com
Mason,Taylor,476,Cabot Back Lane,Milton,Newfoundland and Labrador,T1L 2H8,Canada,1343305107,Mason@question.com
"",Brown,369,Blowers Street,Sherbrooke,Nova Scotia,T1L 2H8,Canada,1270170776,null@school.com
William,Miller,465,Cardiff Place,Pickering,Alberta,J9T 3H4,Canada,277223018,William@school.com
Ethan,,476,Cedarbank Terrace,Burnaby,Yukon,N4N 0B9,Canada,390429887,Ethan@week.com
Liam,Anderson,213,Belmont On The Arm,Belleville,Northwest Territories,K1B 3B2,Canada,1088796088,Liam@water.com
Jacob,Wilson,428,Canary Crescent,Cape Breton,Quebec,L3V 1Y8,Canada,1173056858,Jacob@problem.com
William,Johnson,141,Blue Jay Street,Delta,New Brunswick,G6X 2L1,Canada,441814918,William@story.com
"",Jackson,484,Chain Rock Drive,Vancouver,British Columbia,E4S 3C4,Canada,1108093961,null@question.com
Jacob,Jackson,105,Bilton Lane,Victoria,Prince Edward Island,H3J 3P2,Canada,740742465,Jacob@study.com
Liam,Anderson,3,Armview Avenue,Maple Ridge,Nunavut,"B0T 0Y5 ",Canada,1092300968,Liam@right.com
"",Williams,402,Bryden Avenue,Hamilton,Alberta,B2E 0X4,Canada,227278783,null@child.com
Ethan,Brown,192,Carrington Place,Medicine Hat,Yukon,E7E 3T7,Canada,912130351,Ethan@time.com
Liam,Davis,5,Arvida Avenue,Welland,Nova Scotia,G6X 2L1,Canada,341011742,Liam@month.com
Ethan,Thomas,135,Chocolate Lake Road,Quebec City,Nunavut,T1L 2H8,Canada,707506286,Ethan@story.com
