First Name,Last Name,Street Number,Street,City,Province,Postal Code,Country,Phone Number,email Address
Liam,Brown,20,Buffers Lane,Victoria,Nunavut,G0H 2P3,Canada,118577499,Liam@child.com
Liam,Brown,470,Birchview Drive,Regina,Nova Scotia,G3E 2K4,Canada,270942072,Liam@thing.com
Jacob,Miller,361,Chestnut Street,Drummondville,Prince Edward Island,L0N 3J2,Canada,1357680500,Jacob@year.com
Alexander,Jackson,32,Acorn Road,Caledon,Newfoundland and Labrador,G3H 0B4,Canada,598357118,Alexander@state.com
Alexander,Jackson,70,Agricola Street,Milton,New Brunswick,J1S 0R4,Canada,1095848310,Alexander@question.com
Ethan,Miller,375,Caxton Close,Milton,Alberta,V8B 1P6,Canada,1064271675,Ethan@money.com
Mason,Brown,280,Armshore Drive,Granby,Nunavut,L0N 3J2,Canada,847810975,Mason@group.com
Alexander,Wilson,368,Camelot Lane,Norfolk County,Northwest Territories,H0H 3C9,Canada,358188832,Alexander@story.com
Liam,Thomas,35,Ashdale Avenue,Clarington,Nova Scotia,"V1K 1V0 ",Canada,179621813,Liam@problem.com
James,Brown,205,Chartwell Lane,Longueuil,Alberta,H3J 3P2,Canada,369994273,James@world.com
Ethan,Wilson,40,Bluestone Road,Victoria,Northwest Territories,V8C 0S2,Canada,612460965,Ethan@program.com
Jacob,Anderson,312,Beechwood Terrace,Aurora,Manitoba,N5C 2J8,Canada,498204185,Jacob@problem.com
Alexander,Thomas,202,Allan Street,Welland,Nova Scotia,L3V 1Y8,Canada,188920986,Alexander@day.com
Ethan,Anderson,286,Beech Street,Oakville,British Columbia,N4N 0B9,Canada,559114007,Ethan@lot.com
Alexander,Johnson,485,Birkdale Crescent,Greater Sudbury,Alberta,J9P 1C6,Canada,1350060285,Alexander@government.com
William,,280,Bronson Avenue,Kelowna,,K1B 3B2,Canada,452090034,William@question.com
William,,452,Archibald Avenue,Saanich,British Columbia,"B0T 0Y5 ",Canada,684892035,William@mother.com
Liam,Thomas,278,Ahern Avenue,Waterloo,Alberta,H0H 3C9,Canada,1382397605,Liam@group.com
Alexander,Johnson,380,Brunswick Street,Sherbrooke,Quebec,E4M 2G2,Canada,625119218,Alexander@book.com
Alexander,Taylor,225,Chebucto Road,Burnaby,Prince Edward Island,G3E 2K4,Canada,725616527,Alexander@lot.com
William,Williams,427,Bellevue Avenue,Coquitlam,Newfoundland and Labrador,J0N 0Z3,Canada,294578775,William@program.com
Jacob,Thomas,321,Bedford Row,Oakville,Nova Scotia,K1B 3B2,Canada,284385936,Jacob@word.com
William,Wilson,315,Artz Street,Abbotsford,Prince Edward Island,V8B 1P6,Canada,246564800,William@life.com
