First Name,Last Name,Street Number,Street,City,Province,Postal Code,Country,Phone Number,email Address
Ethan,Jones,230,Chelton Woods Lane,Regina,Newfoundland and Labrador,J0N 0Z3,Canada,779186553,Ethan@word.com
Mason,Williams,252,Brockhurst Close,Medicine Hat,Northwest Territories,J1S 0R4,Canada,1362711857,Mason@time.com
Alexander,Miller,11,Avon Crescent,Delta,Prince Edward Island,H3J 3P2,Canada,1092854318,Alexander@group.com
"",Jones,119,Angus L Macdonald Bridge,Caledon,Prince Edward Island,"L4A 0T3 ",Canada,1286996755,null@group.com
Ethan,Jones,204,Altavista Lane,Hamilton,New Brunswick,G3E 2K4,Canada,1220087304,Ethan@money.com
"",Taylor,273,Bliss Street,Repentigny,Prince Edward Island,G6X 2L1,Canada,1019848134,null@state.com
Mason,Thomas,468,Carroll Lane,Oakville,Northwest Territories,E4S 3C4,Canada,389904083,Mason@thing.com
Ethan,,443,Bromley Road,Norfolk County,British Columbia,N5C 2J8,Canada,1171427202,Ethan@year.com
Mason,Wilson,230,Claremont Street,Saanich,Prince Edward Island,H3J 3P2,Canada,1052492458,Mason@week.com
Alexander,Jackson,42,Blue Willow Court,Gatineau,Newfoundland and Labrador,E7E 3T7,Canada,893416663,Alexander@group.com
Alexander,Jones,267,Ascot Avenue,LÃ©vis,Nunavut,E4S 3C4,Canada,181250346,Alexander@group.com
William,Miller,230,Alex Street,Longueuil,Nova Scotia,G0H 2P3,Canada,992110396,William@family.com
James,Taylor,381,Berts Drive,Kamloops,Nova Scotia,"L4A 0T3 ",Canada,904973496,James@fact.com
"",Brown,38,Cairnwell Close,Oakville,Prince Edward Island,J0J 3V6,Canada,741445761,null@point.com
"",Moore,54,Bedford Highway,North Vancouver,Alberta,J9P 1C6,Canada,353659435,null@place.com
Liam,Anderson,480,Bishop Street,Chilliwack,Nova Scotia,"V1K 1V0 ",Canada,364410469,Liam@business.com
Ethan,Jackson,430,Alumni Crescent,Medicine Hat,Saskatchewan,J0N 0Z3,Canada,1281670768,Ethan@program.com
Ethan,Taylor,23,Auburn Avenue,Granby,Manitoba,N4N 0B9,Canada,223886500,Ethan@eye.com
Ethan,Wilson,437,Castlepark Grove,Drummondville,Saskatchewan,L4A 0T0,Canada,169827345,Ethan@water.com
"",Thomas,39,Braeside Lane,Red Deer,British Columbia,E5V 3X5,Canada,800218650,null@business.com
William,Anderson,229,Chester Avenue,Edmonton,Nova Scotia,"L4A 0T3 ",Canada,306451736,William@place.com
Jacob,Taylor,337,Berts Drive,Port Coquitlam,Nunavut,H0H 3C9,Canada,1267647927,Jacob@time.com
William,Davis,356,Anchor Drive,,Nunavut,N8H 2H6,Canada,116941081,William@problem.com
Alexander,Jones,76,Berts Drive,Brampton,Prince Edward Island,E4M 2G2,Canada,1402251858,Alexander@fact.com
William,Miller,466,Arlington Avenue,Fredericton,Alberta,K1B 3B2,Canada,690497701,William@business.com
Ethan,Wilson,102,Charlton Avenue,Niagara Falls,Prince Edward Island,L9R 0A0,Canada,592570587,Ethan@money.com
William,,18,Cambridge Street,Regina,Newfoundland and Labrador,"L4A 0T3 ",Canada,1269596240,William@system.com
"",Williams,95,Bond Street,Niagara Falls,Nova Scotia,N4N 0B9,Canada,575394682,null@home.com
Mason,Johnson,241,Ballantrae Lane,Burnaby,Nunavut,"L4A 0T3 ",Canada,1133673657,Mason@null
William,Johnson,159,Armstrong Court,Terrebonne,New Brunswick,G0H 2P3,Canada,109213849,William@child.com
Ethan,Brown,476,Armcrescent West Avenue,Vaughan,Northwest Territories,H3J 3P2,Canada,948309264,Ethan@week.com
"",Williams,171,Carrington Place,Norfolk County,Northwest Territories,B2E 0X4,Canada,866170067,null@family.com
Mason,Jones,320,Bedford Highway Ramp,Brampton,Prince Edward Island,L3V 1Y8,Canada,1369691485,Mason@right.com
Jacob,Thomas,165,Bison Crescent,Niagara Falls,Saskatchewan,L0N 3J2,Canada,584862055,Jacob@mother.com
"",Thomas,216,Bilby Street,Thunder Bay,Newfoundland and Labrador,V8B 1P6,Canada,493186410,null@company.com
Alexander,Jackson,155,Abercrombie Lane,,,J0J 3V6,Canada,1268112079,Alexander@mother.com
James,Williams,90,Brigadier Court,Ajax,Nunavut,"L4A 0T3 ",Canada,951540536,James@null
Ethan,Thomas,338,Chelsea Lane,Peterborough,Prince Edward Island,E4M 2G2,Canada,820701014,Ethan@way.com
