First Name,Last Name,Street Number,Street,City,Province,Postal Code,Country,Phone Number,email Address
Liam,Williams,2,Annandale Street,Medicine Hat,Saskatchewan,E5V 3X5,Canada,1402433617,Liam@man.com
"",Taylor,269,Barrington Street,Drummondville,,N8A 0B3,Canada,401348489,null@system.com
Jacob,Davis,265,Claymore Avenue,Grande Prairie,Nunavut,E5V 3X5,Canada,814107930,Jacob@thing.com
Jacob,Jones,94,Amirault Court,Saanich,Quebec,J9P 1C6,Canada,372157948,Jacob@child.com
"",Moore,36,Bell Road,Saint John,New Brunswick,,Canada,737324001,null@case.com
James,Thomas,381,Banbury Close,Fredericton,British Columbia,G3H 0B4,Canada,702360853,James@room.com
"",Jones,265,Blowers Street,Saint John,Nova Scotia,L4A 0T0,Canada,163091321,null@government.com
William,Wilson,243,Brewer Court,Port Coquitlam,Newfoundland and Labrador,G6X 2L1,Canada,1119069505,William@null
"",Miller,102,Battery Drive,Kawartha Lakes,Manitoba,V8B 1P6,Canada,590580987,null@right.com
Ethan,,391,Beachstone Drive,Saint-Jean-sur-Richelieu,Northwest Territories,K1B 3B2,Canada,969608522,Ethan@case.com
Liam,Jones,334,Admirals Way,Halifax,Alberta,"V1K 1V0 ",Canada,892232041,Liam@work.com
Mason,Moore,21,Belmont Road,Maple Ridge,Northwest Territories,K1B 3B2,Canada,510041770,Mason@school.com
