First Name,Last Name,Street Number,Street,City,Province,Postal Code,Country,Phone Number,email Address
Liam,,475,Cascade Drive,Kingston,Nunavut,L0N 3J2,Canada,1117953172,Liam@time.com
Liam,Moore,306,Chebucto Road,,Newfoundland and Labrador,V8C 0S2,Canada,606172639,Liam@room.com
Liam,Jackson,249,Carnation Crescent,Grande Prairie,Nova Scotia,"V1K 1V0 ",Canada,626216754,Liam@school.com
James,Anderson,254,Albion Road,Saanich,Nunavut,L9R 0A0,Canada,1154650442,James@question.com
James,Williams,255,Bridget Avenue,Coquitlam,Northwest Territories,B3V 2V1,Canada,1174401195,James@number.com
William,,205,Archibald Avenue,Brampton,Prince Edward Island,J0N 0Z3,Canada,378932947,William@week.com
Alexander,Thomas,355,Cloverdale Road,Kawartha Lakes,Newfoundland and Labrador,B2E 0X4,Canada,1333087576,Alexander@eye.com
Ethan,Williams,280,Almon Street,St. Albert,Northwest Territories,E4S 3C4,Canada,1103225132,Ethan@word.com
"",Anderson,83,Brackley Place,Airdrie,Quebec,G3H 0B4,Canada,738185853,null@home.com
Alexander,Wilson,412,Acadia Street,Peterborough,Prince Edward Island,"V1K 1V0 ",Canada,305325186,Alexander@company.com
Ethan,Jackson,361,Alm-a Ramp,Saint John,New Brunswick,N5C 2J8,Canada,869645530,Ethan@question.com
William,Jones,316,Atlantic Street,Maple Ridge,Nova Scotia,E4M 2G2,Canada,1034538672,William@Mr.com
Ethan,Anderson,60,Beech Street,Saint-JÃ©rÃ´me,Alberta,L0N 3J2,Canada,1378981391,Ethan@month.com
William,Williams,101,Cartaret Street,Airdrie,Manitoba,B3V 2V1,Canada,372308124,William@hand.com
Jacob,Moore,439,Bland Street,St. Catharines,Newfoundland and Labrador,J9T 3H4,Canada,938852394,Jacob@child.com
Jacob,Anderson,199,Clovis Avenue,Kawartha Lakes,Nova Scotia,G0H 2P3,Canada,478026130,Jacob@mother.com
Ethan,Miller,22,Bluestone Road,Victoria,Yukon,J9P 1C6,Canada,934482841,Ethan@system.com
Alexander,Anderson,301,Auburn Avenue,Quebec City,Quebec,L3V 1Y8,Canada,105290277,Alexander@day.com
William,Brown,174,Chartwell Lane,Peterborough,Nunavut,J1S 0R4,Canada,972230566,William@right.com
"",Johnson,397,Bilton Lane,Port Coquitlam,New Brunswick,L4A 0T0,Canada,847134242,null@money.com
Liam,Jones,437,Brackley Place,Moncton,Nunavut,,Canada,364581845,Liam@word.com
Alexander,Thomas,417,Alm-a Ramp,London,Saskatchewan,G0H 2P3,Canada,1366670924,Alexander@story.com
Ethan,Miller,169,Braemount Drive,Lethbridge,Prince Edward Island,J9T 3H4,Canada,1183395730,Ethan@year.com
Jacob,,82,Alm-a Ramp,Saint-Hyacinthe,Nunavut,V8B 1P6,Canada,362977670,Jacob@way.com
Ethan,,311,Adelaide Avenue,Greater Sudbury,Nova Scotia,J1S 0R4,Canada,738122570,Ethan@month.com
James,Brown,174,Alex Street,Halton Hills,Nova Scotia,"V1K 1V0 ",Canada,641499781,James@year.com
Jacob,Thomas,173,Armcrescent East Drive,Airdrie,Prince Edward Island,V8C 0S2,Canada,497136252,Jacob@point.com
"",Jones,183,Bayers Road,Saskatoon,Northwest Territories,J0N 0Z3,Canada,531153344,null@money.com
"",Jones,414,Beechwood Terrace,Clarington,Newfoundland and Labrador,E7E 3T7,Canada,963548155,null@work.com
William,Jackson,150,Cedarbrae Lane,Ottawa,New Brunswick,L4A 0T0,Canada,463324521,William@home.com
William,Wilson,221,Artillery Place,Caledon,Alberta,T1L 2H8,Canada,441985750,William@null
Ethan,Williams,323,Belmont On The Arm,Airdrie,Nova Scotia,H3J 3P2,Canada,565466629,Ethan@point.com
Ethan,Miller,490,Caxton Close,Caledon,Yukon,G0H 2P3,Canada,1195660251,Ethan@work.com
Jacob,Jackson,423,Auburn Avenue,Longueuil,Northwest Territories,E4S 3C4,Canada,300161352,Jacob@eye.com
Liam,Jackson,113,Armada Drive,Laval,Northwest Territories,V8C 0S2,Canada,970696830,Liam@group.com
Ethan,Davis,191,Castlepark Grove,Brossard,Newfoundland and Labrador,H9S 1R4,Canada,1265905667,Ethan@word.com
James,Johnson,101,Carlina Court,Sault Ste. Marie,Northwest Territories,N8A 0B3,Canada,427679412,James@study.com
