First Name,Last Name,Street Number,Street,City,Province,Postal Code,Country,Phone Number,email Address
Jacob,Davis,39,Centre Gate,Brantford,Nova Scotia,G3H 0B4,Canada,137437911,Jacob@thing.com
Ethan,Williams,478,Carrington Place,Lethbridge,Prince Edward Island,K1B 3B2,Canada,1165077930,Ethan@program.com
Alexander,,13,Cloverdale Road,Sarnia,Manitoba,V8B 1P6,Canada,1240392636,Alexander@time.com
"",Moore,96,Chisholm Avenue,Norfolk County,Nunavut,J9P 1C6,Canada,572597354,null@point.com
"",Taylor,345,Blowers Street,North Vancouver,Prince Edward Island,E5V 3X5,Canada,885705278,null@story.com
Mason,Thomas,460,Cloverdale Road,Cape Breton,Prince Edward Island,N5C 2J8,Canada,593366279,Mason@case.com
Ethan,,214,Cherry Lane,Saint-Jean-sur-Richelieu,Alberta,H3J 3P2,Canada,1251406945,Ethan@time.com
