First Name,Last Name,Street Number,Street,City,Province,Postal Code,Country,Phone Number,email Address
Mason,Jones,178,Bridges Street,Caledon,Northwest Territories,J9P 1C6,Canada,182488732,Mason@right.com
James,Anderson,261,Birchwood Drive,St. Catharines,Alberta,L3V 1Y8,Canada,1208388004,James@woman.com
William,Jones,235,Angus L Macdonald Bridge,Victoria,New Brunswick,E5V 3X5,Canada,559904579,William@day.com
Alexander,,77,Arlington Avenue,Greater Sudbury,Prince Edward Island,G0H 2P3,Canada,1091100259,Alexander@time.com
Jacob,Taylor,95,Birch Street,Medicine Hat,Alberta,J1S 0R4,Canada,701062396,Jacob@world.com
Alexander,Jackson,289,Blink Bonnie Terrace,Saint John,Alberta,L4A 0T0,Canada,397039068,Alexander@room.com
Ethan,Williams,459,Barclay Avenue,Halifax,Newfoundland and Labrador,T1L 2H8,Canada,412547009,Ethan@state.com
"",,152,Berlin Street,Aurora,Nunavut,J0N 0Z3,Canada,819018504,null@month.com
Alexander,Brown,470,Cherry Lane,Saint-JÃ©rÃ´me,Nunavut,L3V 1Y8,Canada,621431814,Alexander@place.com
Liam,,419,Allan Street,Granby,,"B0T 0Y5 ",Canada,378655724,Liam@month.com
Ethan,Wilson,240,Chocolate Lake Road,Clarington,Manitoba,E4S 3C4,Canada,575582130,Ethan@program.com
"",Taylor,276,Brycedale Lane,Trois-RiviÃ¨res,Alberta,N8H 2H6,Canada,552621662,null@question.com
Liam,Brown,314,Clovis Avenue,Belleville,Prince Edward Island,G0H 2P3,Canada,545131212,Liam@life.com
Mason,Moore,89,Annandale Street,Cape Breton,New Brunswick,N8A 0B3,Canada,824387877,Mason@mother.com
