First Name,Last Name,Street Number,Street,City,Province,Postal Code,Country,Phone Number,email Address
"",Jackson,150,Bosun Run,Brantford,Northwest Territories,E5V 3X5,Canada,1052360522,null@group.com
William,Johnson,474,Bedros Lane,Port Coquitlam,British Columbia,V8C 0S2,Canada,453949209,William@point.com
William,Jones,373,Anchor Drive,Kitchener,Newfoundland and Labrador,E7E 3T7,Canada,784787189,William@study.com
Alexander,Anderson,421,Charlotte Lane,Peterborough,Saskatchewan,E5V 3X5,Canada,963615500,Alexander@night.com
James,Wilson,383,Briar Place,Richmond Hill,Prince Edward Island,T1L 2H8,Canada,977192140,James@company.com
Jacob,Thomas,441,Arnold Drive,Moncton,New Brunswick,L4A 0T0,Canada,698605720,Jacob@woman.com
Mason,Williams,336,Bluestone Road,Oshawa,Prince Edward Island,E4S 3C4,Canada,761022755,Mason@people.com
Liam,Davis,440,Balwearie Lane,Saint John,Northwest Territories,N8A 0B3,Canada,843850959,Liam@state.com
William,Anderson,176,Carnation Crescent,Port Coquitlam,Northwest Territories,N8A 0B3,Canada,1250947443,William@country.com
"",,290,Athlone Avenue,Kamloops,Nunavut,N8H 2H6,Canada,537949074,null@child.com
William,Jackson,382,Alm-a Ramp,Norfolk County,New Brunswick,J9T 3H4,Canada,897729748,William@story.com
Ethan,Johnson,196,Admirals Way,Granby,Northwest Territories,H9S 1R4,Canada,1345254221,Ethan@time.com
James,Jones,484,Chain Lake Drive,Greater Sudbury,Northwest Territories,"V1K 1V0 ",Canada,976989134,James@student.com
Ethan,Jackson,153,Beech Street,Thunder Bay,Northwest Territories,J9T 3H4,Canada,136625492,Ethan@life.com
Jacob,Anderson,417,Arthur Street,New Westminster,Newfoundland and Labrador,H0H 3C9,Canada,397103982,Jacob@day.com
Ethan,Taylor,348,Andrew Street,Trois-RiviÃ¨res,Alberta,G6X 2L1,Canada,369336025,Ethan@null
