First Name,Last Name,Street Number,Street,City,Province,Postal Code,Country,Phone Number,email Address
Ethan,Anderson,215,Armcrescent West Avenue,Caledon,Nova Scotia,J0J 3V6,Canada,1109083362,Ethan@world.com
"",Wilson,280,Carrington Place,Barrie,Nunavut,J1S 0R4,Canada,532843186,null@question.com
Ethan,Taylor,475,Brigadier Court,Surrey,Nova Scotia,E7E 3T7,Canada,768559424,Ethan@company.com
Ethan,Johnson,431,Armstrong Court,Regina,Nova Scotia,E4M 2G2,Canada,407747262,Ethan@child.com
Alexander,Johnson,484,Briar Lane,Sault Ste. Marie,Saskatchewan,H9S 1R4,Canada,204997020,Alexander@state.com
Liam,Jackson,84,Aster Court,Kamloops,New Brunswick,J9P 1C6,Canada,557953210,Liam@part.com
