First Name,Last Name,Street Number,Street,City,Province,Postal Code,Country,Phone Number,email Address
Mason,Thomas,218,Brackley Place,North Vancouver,Nova Scotia,G3E 2K4,Canada,1108547873,Mason@government.com
William,Brown,131,Cairnwell Close,Kamloops,,J1S 0R4,Canada,802763873,William@problem.com
Jacob,Johnson,316,Aikens Avenue,Brossard,Alberta,T1L 2H8,Canada,871935337,Jacob@Mr.com
James,Thomas,283,Allan Street,Milton,Quebec,H3J 3P2,Canada,1373785635,James@day.com
Jacob,Taylor,106,Cedar Street,Cape Breton,Saskatchewan,G3H 0B4,Canada,263484441,Jacob@time.com
Mason,Williams,297,Bayview Road,Richmond,Quebec,G3E 2K4,Canada,927474416,Mason@case.com
Ethan,Jackson,393,Bond Street,North Vancouver,Alberta,B3V 2V1,Canada,504211189,Ethan@company.com
"",Moore,377,Alm-a Ramp,Saguenay,Prince Edward Island,V8B 1P6,Canada,634529140,null@problem.com
"",Anderson,204,Chipstone Close,Regina,Prince Edward Island,T1L 2H8,Canada,271588427,null@case.com
James,Davis,411,Brockhurst Close,Greater Sudbury,Nova Scotia,N4N 0B9,Canada,848518650,James@case.com
Mason,Jones,187,Chelton Woods Lane,Caledon,Prince Edward Island,E4S 3C4,Canada,825858420,Mason@group.com
"",Thomas,447,Caxton Close,St. John's,Nova Scotia,H9S 1R4,Canada,638386935,null@life.com
William,Miller,443,Buddy Daye Street,Kawartha Lakes,Alberta,G3E 2K4,Canada,205540077,William@system.com
Ethan,Jackson,94,Admirals Way,Burnaby,Alberta,K1B 3B2,Canada,486574408,Ethan@way.com
Ethan,Thomas,267,Albion Road,Saint John,Nunavut,N5C 2J8,Canada,1043556197,Ethan@Mr.com
Mason,Taylor,31,Alex Street,Vancouver,Northwest Territories,L3V 1Y8,Canada,397296148,Mason@system.com
Alexander,Miller,145,Belmont Road,Edmonton,Nova Scotia,L9R 0A0,Canada,1060072560,Alexander@room.com
"",Thomas,332,Carriageway Crescent,Drummondville,Northwest Territories,E4S 3C4,Canada,1014755331,null@year.com
William,Wilson,379,Blue Thistle Road,Richmond,Prince Edward Island,E4S 3C4,Canada,1153986912,William@child.com
William,Miller,31,Alm-e Ramp,Sault Ste. Marie,Prince Edward Island,J0J 3V6,Canada,328325446,William@story.com
Alexander,Miller,442,Bedford Highway Ramp,Laval,Nova Scotia,E5V 3X5,Canada,341223652,Alexander@company.com
Mason,Thomas,56,Bayview Road,Mississauga,Quebec,V8C 0S2,Canada,550015518,Mason@student.com
"",Jackson,129,Abrams Way,Norfolk County,Newfoundland and Labrador,L3V 1Y8,Canada,308912032,null@home.com
Ethan,Jones,308,Braeside Lane,Brossard,Yukon,G6X 2L1,Canada,817181909,Ethan@right.com
"",Davis,455,Church Street,Drummondville,Northwest Territories,L3V 1Y8,Canada,592721480,null@system.com
Alexander,Johnson,398,Bedford Row,Brantford,Yukon,N4N 0B9,Canada,584758995,Alexander@night.com
Mason,Miller,329,Bromley Road,Brantford,Saskatchewan,"V1K 1V0 ",Canada,928570857,Mason@room.com
Alexander,Wilson,372,Boscobel Road,Sherbrooke,Prince Edward Island,J9P 1C6,Canada,1063535358,Alexander@question.com
Alexander,Johnson,224,Boulderwood Road,Waterloo,Prince Edward Island,H0H 3C9,Canada,519445062,Alexander@system.com
James,Williams,429,Bell Road,Richmond Hill,Yukon,G6X 2L1,Canada,153597600,James@work.com
Liam,Williams,37,Aldergrove Drive,Sherbrooke,Nunavut,"B0T 0Y5 ",Canada,879278517,Liam@study.com
"",Davis,356,Armstrong Court,Saanich,Prince Edward Island,L0N 3J2,Canada,1406692718,null@family.com
James,Davis,51,Alm-a Ramp,Red Deer,Nova Scotia,E4S 3C4,Canada,271070845,James@word.com
